농가ID,연도,출하일자,기준일,정식후경과일,재식밀도,식부면적,온도_외부_mean,온도_외부_min,온도_외부_max,일사량_외부_mean,일사량_외부_min,일사량_외부_max,누적일사량_외부_mean,누적일사량_외부_min,누적일사량_외부_max,온도_내부_mean,온도_내부_min,온도_내부_max,상대습도_내부_mean,상대습도_내부_min,상대습도_내부_max,잔존 이산화탄소(CO2)_mean,잔존 이산화탄소(CO2)_min,잔존 이산화탄소(CO2)_max,총출하량,판매금액
2022_18,2022,2022-11-30,2022-11-29,36,6.0,1000.0,9.497619047619049,2.6,16.714285714285715,94.44047619047619,0.0,443.57142857142856,632.922619047619,3.5714285714285716,909.4285714285714,14.901190476190477,9.799999999999999,23.82857142857143,89.58988095238094,62.614285714285714,98.68571428571428,500.1666666666667,381.42857142857144,598.8571428571429,50.0,706000.0
2022_18,2022,2022-12-07,2022-12-06,43,6.0,1000.0,0.5565476190476191,-3.4,5.257142857142858,104.41666666666666,0.0,527.5714285714286,673.779761904762,2.2857142857142856,1005.5714285714286,11.739285714285714,8.17142857142857,20.12857142857143,86.41666666666666,63.5,94.11428571428573,459.36309523809524,377.7142857142857,594.1428571428571,38.8,690000.0
2022_18,2022,2022-12-15,2022-12-14,51,6.0,1000.0,1.9196428571428572,-2.814285714285714,7.2,85.77976190476191,0.0,422.0,572.6904761904761,1.2857142857142858,903.1428571428571,11.905952380952382,8.371428571428572,19.642857142857142,88.92738095238096,67.68571428571428,97.08571428571429,494.6428571428572,396.0,620.4285714285714,636.0,13476000.0
2022_18,2022,2022-12-16,2022-12-15,52,6.0,1000.0,1.350595238095238,-3.685714285714286,6.528571428571428,84.52380952380953,0.0,418.57142857142856,574.0238095238095,1.1428571428571428,905.5714285714286,11.816666666666666,8.3,19.142857142857142,88.76845238095237,68.84285714285714,96.75714285714285,493.86309523809524,396.14285714285717,614.0,258.0,5160000.0
2022_18,2022,2022-12-22,2022-12-21,58,6.0,1000.0,-2.938690476190476,-8.4,2.0142857142857147,83.16666666666666,0.0,389.7142857142857,610.0238095238094,0.7142857142857143,948.2857142857143,11.773214285714287,8.1,20.357142857142858,88.0047619047619,71.05714285714286,96.45714285714284,534.625,457.14285714285717,633.4285714285714,260.0,5200000.0
2022_18,2022,2022-12-26,2022-12-25,62,6.0,1000.0,-4.355357142857143,-9.542857142857143,1.0999999999999999,84.93452380952381,0.0,385.85714285714283,580.3392857142857,0.2857142857142857,886.8571428571429,11.649404761904762,8.4,20.614285714285717,89.32142857142857,73.62857142857142,97.1,553.4166666666666,470.57142857142856,684.1428571428571,11.3,328000.0
2022_18,2022,2022-12-30,2022-12-29,66,6.0,1000.0,-5.347619047619048,-10.7,1.1142857142857143,106.51785714285714,0.0,512.1428571428571,693.8988095238095,0.0,972.5714285714286,12.395833333333334,8.700000000000001,23.071428571428573,87.45833333333333,70.08571428571429,95.71428571428571,537.2619047619047,446.7142857142857,677.2857142857143,43.8,1118000.0
2022_18,2022,2022-12-31,2022-12-30,67,6.0,1000.0,-4.559523809523809,-10.414285714285713,2.357142857142857,113.58333333333333,0.0,550.4285714285714,742.625,0.0,1050.0,12.866666666666665,8.742857142857142,24.485714285714288,87.1797619047619,68.45714285714286,95.57142857142857,538.8333333333333,452.2857142857143,674.0,1378.0,27810800.0
2022_18,2022,2023-01-13,2023-01-12,80,6.0,1000.0,2.563690476190476,-3.185714285714286,9.314285714285715,104.41666666666667,0.0,472.57142857142856,689.1845238095237,0.0,991.4285714285714,13.526190476190477,8.299999999999999,24.900000000000002,88.32916666666667,68.25714285714285,96.84285714285714,501.64285714285717,426.57142857142856,560.0,170.0,2768000.0
2022_18,2022,2023-01-15,2023-01-14,82,6.0,1000.0,4.514285714285714,-0.6142857142857144,10.642857142857142,82.92857142857143,0.0,369.2857142857143,592.1488095238095,0.0,932.7142857142857,13.56845238095238,8.9,23.485714285714288,90.66666666666666,74.24285714285715,97.48571428571428,496.9226190476191,415.85714285714283,557.2857142857143,631.0,11239500.0
2022_18,2022,2023-01-19,2023-01-18,86,6.0,1000.0,3.3714285714285714,-0.4571428571428572,7.328571428571428,79.23214285714286,0.0,386.14285714285717,535.1190476190476,0.14285714285714285,867.5714285714286,12.638690476190476,8.9,21.557142857142857,90.02321428571429,74.37142857142858,96.52857142857142,470.1309523809524,396.2857142857143,518.2857142857143,1.5,37000.0
2022_18,2022,2023-01-31,2023-01-30,98,6.0,1000.0,-4.317261904761905,-9.671428571428573,0.8142857142857143,126.6309523809524,0.0,545.8571428571429,782.6785714285714,0.7142857142857143,1174.0,11.966666666666667,7.957142857142857,22.257142857142856,85.3625,65.58571428571429,94.85714285714286,437.51785714285717,375.14285714285717,542.0,425.0,7071900.0
2022_18,2022,2023-02-01,2023-01-31,99,6.0,1000.0,-3.0267857142857144,-9.171428571428573,2.4857142857142853,127.45833333333334,0.0,541.5714285714286,804.4642857142857,0.7142857142857143,1202.4285714285713,12.454166666666667,7.8999999999999995,23.52857142857143,85.79285714285713,65.72857142857143,95.38571428571429,440.76785714285717,382.14285714285717,527.0,42.0,798000.0
2022_18,2022,2023-02-07,2023-02-06,105,6.0,1000.0,0.13129251700680306,-5.771428571428571,7.042857142857143,142.37585034013605,0.0,597.2857142857143,855.6836734693877,1.4285714285714286,1257.0,13.80561224489796,8.328571428571427,27.7,86.90076530612245,63.34285714285715,96.31428571428572,445.15051020408157,373.57142857142856,544.7142857142857,16.5,407000.0
2022_18,2022,2023-02-16,2023-02-15,114,6.0,1000.0,3.004761904761905,-1.8428571428571432,8.328571428571427,96.26190476190477,0.0,509.14285714285717,675.952380952381,2.0,1045.142857142857,12.90952380952381,8.471428571428572,22.857142857142858,88.99464285714285,67.77142857142857,95.77142857142857,468.1726190476191,376.14285714285717,559.1428571428571,58.0,1054000.0
2022_18,2022,2023-02-28,2023-02-27,126,6.0,1000.0,0.7345238095238098,-5.828571428571428,8.214285714285714,191.52380952380955,0.0,732.2857142857143,1265.1666666666665,6.428571428571429,1676.142857142857,13.747619047619049,7.92857142857143,26.157142857142855,83.65119047619046,56.6,95.11428571428571,429.39285714285717,370.2857142857143,510.57142857142856,596.0,9376200.0
2022_18,2022,2023-03-03,2023-03-02,129,6.0,1000.0,2.298214285714286,-4.085714285714285,9.314285714285715,191.36309523809524,0.0,730.5714285714286,1264.8988095238094,7.714285714285714,1767.857142857143,13.721428571428573,8.014285714285714,25.88571428571429,84.25833333333334,54.9,95.44285714285715,429.7619047619047,366.42857142857144,521.0,107.6,1665000.0
2022_18,2022,2023-03-04,2023-03-03,130,6.0,1000.0,2.166666666666667,-4.642857142857143,9.485714285714286,194.5595238095238,0.0,737.1428571428571,1299.1011904761904,8.428571428571429,1815.5714285714287,13.751190476190477,7.914285714285714,25.97142857142857,84.0279761904762,53.25714285714286,95.54285714285716,429.5416666666667,367.57142857142856,514.4285714285714,118.0,1241000.0
2022_18,2022,2023-03-06,2023-03-05,132,6.0,1000.0,3.7863095238095243,-3.4857142857142853,12.057142857142859,188.14285714285714,0.0,728.4285714285714,1259.7559523809523,6.285714285714286,1796.7142857142858,14.030357142857143,8.014285714285714,25.9,84.01666666666667,51.84285714285714,95.6,437.6726190476191,371.0,528.4285714285714,252.0,2696000.0
2022_18,2022,2023-03-07,2023-03-06,133,6.0,1000.0,4.411904761904762,-3.0714285714285716,12.728571428571428,188.35714285714286,0.0,729.8571428571429,1244.845238095238,5.142857142857143,1798.2857142857142,14.156547619047618,8.114285714285714,25.928571428571427,83.91190476190476,51.27142857142858,95.58571428571429,437.58333333333337,369.85714285714283,530.2857142857143,192.0,2371000.0
2022_18,2022,2023-03-08,2023-03-07,134,6.0,1000.0,5.427380952380952,-2.2,13.785714285714286,184.93452380952382,0.0,722.5714285714286,1222.607142857143,3.857142857142857,1799.857142857143,14.45,8.442857142857143,25.985714285714288,83.82738095238096,50.84285714285714,95.95714285714287,437.7619047619047,368.42857142857144,533.1428571428571,62.0,665000.0
2022_18,2022,2023-03-10,2023-03-09,136,6.0,1000.0,7.820238095238095,-1.0714285714285716,16.84285714285714,191.55357142857142,0.0,723.2857142857143,1239.3392857142858,1.5714285714285714,1762.4285714285713,15.333333333333334,8.857142857142858,25.971428571428568,83.16547619047618,49.65714285714285,96.84285714285714,439.7916666666667,367.7142857142857,539.2857142857143,78.0,1053000.0
2022_18,2022,2023-03-13,2023-03-12,139,6.0,1000.0,10.81190476190476,2.2857142857142856,19.428571428571427,171.61309523809524,0.0,652.5714285714286,1122.3214285714287,0.0,1709.7142857142858,15.667857142857143,9.214285714285714,25.014285714285716,83.21071428571429,51.785714285714285,97.27142857142859,426.8273809523809,357.0,530.4285714285714,42.0,623000.0
2022_18,2022,2023-03-14,2023-03-13,140,6.0,1000.0,10.395833333333332,2.4428571428571426,18.157142857142855,174.50595238095238,0.0,657.2857142857143,1073.9761904761904,0.0,1734.4285714285713,15.564285714285715,9.071428571428571,24.714285714285715,83.39583333333334,52.957142857142856,97.3,420.19642857142856,355.85714285714283,514.2857142857143,68.0,904000.0
2022_18,2022,2023-03-15,2023-03-14,141,6.0,1000.0,10.04761904761905,2.1285714285714286,17.614285714285714,182.58333333333331,0.0,673.7142857142857,1110.3630952380952,0.0,1767.0,15.421428571428573,8.814285714285715,24.557142857142857,83.23809523809523,52.25714285714286,97.5,417.80952380952385,356.85714285714283,506.0,1844.0,27488600.0
2022_18,2022,2023-03-16,2023-03-15,142,6.0,1000.0,9.966071428571428,2.585714285714286,17.5,180.83333333333334,0.0,672.2857142857143,1131.172619047619,0.0,1819.7142857142858,15.440476190476192,9.042857142857143,24.514285714285712,83.32738095238095,53.685714285714276,97.02857142857144,413.9761904761904,356.42857142857144,497.14285714285717,22.7,527000.0
2022_18,2022,2023-03-20,2023-03-19,146,6.0,1000.0,7.44702380952381,1.1142857142857143,14.085714285714285,197.36904761904762,0.0,730.4285714285714,1194.1785714285713,0.2857142857142857,1886.4285714285713,14.818452380952381,8.471428571428572,24.27142857142857,83.67619047619048,53.98571428571428,96.61428571428573,427.6488095238095,364.42857142857144,506.7142857142857,12.1,278000.0
2022_18,2022,2023-03-22,2023-03-21,148,6.0,1000.0,8.532738095238097,1.9857142857142855,16.25714285714286,196.77380952380955,0.0,730.7142857142857,1261.8630952380952,0.5714285714285714,1888.142857142857,15.105952380952383,9.0,24.557142857142853,83.75654761904762,53.285714285714285,96.07142857142857,435.9107142857143,364.42857142857144,527.7142857142857,36.0,388000.0
2022_18,2022,2023-03-23,2023-03-22,149,6.0,1000.0,8.81904761904762,2.0857142857142854,16.914285714285715,195.86904761904765,0.0,745.2857142857143,1257.0119047619046,0.7142857142857143,1886.7142857142858,15.247023809523808,8.985714285714286,25.342857142857145,82.93928571428572,51.34285714285715,96.14285714285714,439.8630952380953,363.7142857142857,535.0,84.0,950000.0
2022_18,2022,2023-03-24,2023-03-23,150,6.0,1000.0,9.539880952380953,3.085714285714286,17.314285714285713,177.18452380952382,0.0,681.1428571428571,1178.3214285714287,0.7142857142857143,1861.0,15.447023809523811,9.585714285714285,24.985714285714288,83.99702380952381,53.32857142857143,96.58571428571429,443.8273809523809,363.14285714285717,550.7142857142857,162.0,1816000.0
2022_18,2022,2023-03-25,2023-03-24,151,6.0,1000.0,9.823214285714286,3.4285714285714284,17.814285714285713,188.91666666666666,0.0,735.0,1181.1785714285713,1.1428571428571428,1864.5714285714287,15.638095238095241,9.414285714285715,25.685714285714287,82.6190476190476,49.114285714285714,96.71428571428571,434.94642857142856,359.57142857142856,533.0,110.0,1320000.0
2022_18,2022,2023-03-27,2023-03-26,153,6.0,1000.0,10.340476190476192,4.342857142857143,17.8,172.5952380952381,0.0,688.1428571428571,1102.5416666666665,1.1428571428571428,1840.0,15.494642857142859,9.37142857142857,24.87142857142857,83.53809523809524,53.27142857142858,97.08571428571429,430.8988095238096,360.57142857142856,525.5714285714286,13.6,311000.0
2022_18,2022,2023-03-28,2023-03-27,154,6.0,1000.0,10.135714285714286,4.271428571428571,17.157142857142855,176.95238095238096,0.0,693.8571428571429,1124.690476190476,1.2857142857142858,1868.142857142857,15.371428571428572,9.057142857142857,24.842857142857145,83.45059523809525,54.08571428571428,96.92857142857143,429.6309523809524,360.42857142857144,535.0,48.0,500000.0
2022_18,2022,2023-03-31,2023-03-30,157,6.0,1000.0,8.68452380952381,2.0000000000000004,16.7,201.02976190476193,0.0,747.7142857142857,1237.3511904761906,2.4285714285714284,1976.142857142857,14.57202380952381,7.671428571428572,24.82857142857143,81.84166666666667,50.271428571428565,96.94285714285714,424.80952380952385,363.2857142857143,523.1428571428571,1792.0,24912400.0
2022_18,2022,2023-04-04,2023-04-03,161,6.0,1000.0,12.036904761904763,2.328571428571429,22.642857142857142,240.11309523809524,0.0,824.2857142857143,1541.2916666666665,3.857142857142857,2208.8571428571427,15.710714285714285,7.342857142857143,27.114285714285717,76.9047619047619,41.01428571428572,96.84285714285714,432.7261904761904,364.14285714285717,535.0,24.0,240000.0
2022_18,2022,2023-04-15,2023-04-14,172,6.0,1000.0,11.12202380952381,3.228571428571429,18.95714285714286,225.2619047619048,0.0,820.0,1462.0535714285713,7.571428571428571,2389.8571428571427,15.405357142857143,8.457142857142857,25.11428571428571,78.25119047619047,48.699999999999996,95.68571428571428,397.92857142857144,347.57142857142856,482.14285714285717,698.0,9377600.0
2022_18,2022,2023-04-30,2023-04-29,187,6.0,1000.0,12.94404761904762,7.171428571428572,18.599999999999998,178.61309523809524,0.0,735.7142857142857,1066.3392857142858,0.0,2021.857142857143,15.064880952380951,9.985714285714286,21.685714285714283,81.6297619047619,59.5,96.58571428571429,388.01190476190476,343.0,459.42857142857144,390.0,5404800.0
2022_18,2022,2023-05-10,2023-05-09,197,6.0,1000.0,16.86904761904762,12.242857142857144,21.157142857142855,160.3095238095238,0.0,598.5714285714286,985.6190476190476,0.2857142857142857,1706.4285714285713,17.98452380952381,12.614285714285716,24.74285714285714,85.0172619047619,67.8,97.97142857142856,371.45833333333337,351.57142857142856,411.85714285714283,12.0,84000.0
2022_18,2022,2023-05-15,2023-05-14,202,6.0,1000.0,16.423809523809524,9.700000000000001,23.471428571428568,277.00595238095235,0.0,905.7142857142857,1657.9285714285713,1.2857142857142858,2580.5714285714284,17.720238095238095,10.485714285714286,27.08571428571429,79.6529761904762,54.38571428571429,97.71428571428571,381.79166666666663,352.2857142857143,428.0,639.0,8639200.0
2022_18,2022,2023-05-18,2023-05-17,205,6.0,1000.0,19.53333333333333,12.12857142857143,27.014285714285712,282.7261904761905,0.0,897.4285714285714,1747.6666666666665,1.8571428571428572,2630.5714285714284,20.27916666666667,12.528571428571427,29.74285714285714,78.60595238095239,53.15714285714286,97.15714285714286,383.13095238095235,344.14285714285717,430.57142857142856,10.0,140000.0
2022_18,2022,2023-05-19,2023-05-18,206,6.0,1000.0,19.82559523809524,13.271428571428572,26.2,254.2797619047619,0.0,809.2857142857143,1632.2559523809525,1.7142857142857142,2655.1428571428573,20.532142857142855,13.471428571428573,29.085714285714285,80.39642857142857,57.51428571428572,97.38571428571429,380.0,342.7142857142857,427.0,16.0,118000.0
2022_18,2022,2023-05-31,2023-05-30,218,6.0,1000.0,21.52916666666667,17.928571428571427,26.014285714285716,167.40476190476193,0.0,718.1428571428571,1007.5,1.1428571428571428,1789.142857142857,22.160119047619048,18.057142857142857,28.657142857142862,87.40595238095239,69.5,97.89999999999999,378.86904761904765,343.14285714285717,423.7142857142857,301.0,3796000.0
2022_19,2022,2022-12-23,2022-12-22,290,6.0,800.0,-2.9964285714285714,-7.585714285714286,1.1714285714285713,86.41666666666666,0.0,458.57142857142856,624.0476190476192,0.42857142857142855,990.5714285714286,12.863690476190474,10.657142857142857,19.628571428571426,88.58928571428571,75.72857142857143,93.02857142857142,687.9107142857143,489.0,963.5714285714286,10.5,0.0
2022_19,2022,2022-12-28,2022-12-27,295,6.0,800.0,-4.351785714285715,-9.714285714285714,1.4,87.625,0.0,475.7142857142857,581.3571428571429,0.2857142857142857,971.7142857142857,12.826785714285714,10.542857142857143,19.757142857142856,88.48214285714286,75.61428571428571,92.74285714285715,694.3511904761905,490.57142857142856,964.1428571428571,16.0,0.0
2022_19,2022,2022-12-29,2022-12-28,296,6.0,800.0,-4.941666666666667,-10.514285714285716,1.2428571428571427,102.39880952380952,0.0,543.2857142857143,642.3690476190476,0.2857142857142857,981.8571428571429,13.070833333333335,10.414285714285715,21.185714285714283,87.80535714285715,72.85714285714286,92.70000000000002,676.1904761904763,465.0,962.0,19.0,0.0
2022_19,2022,2022-12-30,2022-12-29,297,6.0,800.0,-5.006547619047619,-10.9,1.6285714285714283,114.26785714285714,0.0,565.2857142857143,736.0714285714286,0.42857142857142855,1090.2857142857142,13.345238095238097,10.314285714285715,22.314285714285713,87.03630952380952,69.84285714285714,92.74285714285715,640.7619047619048,408.57142857142856,965.4285714285714,29.5,0.0
2022_19,2022,2023-01-01,2022-12-31,299,6.0,800.0,-3.1714285714285717,-9.214285714285714,3.971428571428571,127.0,0.0,605.1428571428571,858.0714285714286,0.5714285714285714,1188.857142857143,13.823809523809524,10.342857142857143,23.74285714285714,86.9375,68.94285714285715,92.97142857142858,616.4285714285714,387.42857142857144,962.4285714285714,31.0,0.0
2022_19,2022,2023-01-02,2023-01-01,300,6.0,800.0,-2.385714285714286,-8.042857142857143,4.557142857142857,124.58333333333334,0.0,589.1428571428571,847.0357142857143,0.5714285714285714,1178.857142857143,13.844642857142857,10.242857142857144,23.87142857142857,87.11428571428571,69.41428571428571,93.18571428571428,614.9166666666666,386.2857142857143,963.0,39.0,0.0
2022_19,2022,2023-01-03,2023-01-02,301,6.0,800.0,-1.9738095238095241,-7.371428571428572,4.428571428571429,130.28571428571428,0.0,599.8571428571429,866.3630952380953,0.42857142857142855,1205.7142857142858,13.86904761904762,10.142857142857142,24.01428571428571,86.99523809523808,68.41428571428571,93.35714285714286,611.1369047619048,383.85714285714283,963.7142857142857,48.0,0.0
2022_19,2022,2023-01-04,2023-01-03,302,6.0,800.0,-1.9398809523809528,-7.185714285714286,4.171428571428572,131.3452380952381,0.0,602.5714285714286,887.75,0.2857142857142857,1215.5714285714287,13.744047619047619,10.014285714285714,23.64285714285714,86.95892857142857,68.55714285714285,93.34285714285714,608.3035714285714,388.57142857142856,960.5714285714286,24.0,0.0
2022_19,2022,2023-01-06,2023-01-05,304,6.0,800.0,-1.3083333333333336,-6.714285714285714,5.128571428571428,129.57738095238093,0.0,585.4285714285714,885.1845238095237,0.14285714285714285,1218.2857142857142,13.660714285714286,9.842857142857142,23.571428571428573,87.22261904761906,68.88571428571429,93.52857142857144,610.4940476190476,393.2857142857143,962.0,29.0,0.0
2022_19,2022,2023-01-08,2023-01-07,306,6.0,800.0,-0.42142857142857165,-5.957142857142857,5.757142857142857,129.0,0.0,560.2857142857143,878.2916666666667,0.0,1193.5714285714287,13.66607142857143,9.814285714285713,23.428571428571427,87.24047619047619,68.91428571428571,93.85714285714286,608.1904761904763,396.57142857142856,964.5714285714286,23.5,0.0
2022_19,2022,2023-01-09,2023-01-08,307,6.0,800.0,-0.1315476190476193,-5.542857142857143,6.071428571428571,131.17261904761904,0.0,566.0,889.0059523809523,0.0,1196.7142857142858,13.752380952380955,9.842857142857143,23.54285714285714,87.21428571428571,68.67142857142856,93.88571428571429,603.6369047619048,396.42857142857144,959.8571428571429,39.0,0.0
2022_19,2022,2023-01-10,2023-01-09,308,6.0,800.0,0.6589285714285712,-4.742857142857142,7.028571428571429,118.51785714285714,0.0,524.4285714285714,841.3273809523808,0.0,1170.0,13.757142857142856,9.985714285714286,23.4,87.77142857142857,70.44285714285715,93.94285714285714,603.404761904762,392.42857142857144,953.7142857142857,45.0,0.0
2022_19,2022,2023-01-11,2023-01-10,309,6.0,800.0,1.203571428571428,-4.157142857142857,7.6000000000000005,119.06547619047619,0.0,524.8571428571429,746.1309523809524,0.0,1136.0,13.726785714285715,9.928571428571429,23.17142857142857,87.73095238095239,69.08571428571429,93.92857142857143,602.2976190476192,395.7142857142857,949.7142857142857,49.0,0.0
2022_19,2022,2023-01-12,2023-01-11,310,6.0,800.0,1.5499999999999996,-3.6571428571428575,8.27142857142857,120.85714285714286,0.0,530.0,694.7738095238094,0.0,1126.2857142857142,13.890476190476193,9.942857142857141,23.54285714285714,87.69107142857142,68.88571428571429,93.89999999999999,601.1845238095239,395.42857142857144,941.2857142857143,49.5,0.0
2022_19,2022,2023-01-13,2023-01-12,311,6.0,800.0,2.2970238095238096,-3.3285714285714287,9.285714285714286,125.72619047619048,0.0,544.2857142857143,723.7261904761905,0.14285714285714285,1152.4285714285713,14.126785714285715,10.057142857142855,23.74285714285714,87.46488095238094,67.71428571428571,93.94285714285714,598.375,395.42857142857144,936.1428571428571,49.5,0.0
2022_19,2022,2023-01-14,2023-01-13,312,6.0,800.0,3.808333333333333,-1.557142857142857,10.299999999999999,114.10714285714288,0.0,508.7142857142857,696.0416666666666,0.14285714285714285,1199.4285714285713,14.217857142857143,10.314285714285715,23.071428571428573,88.13214285714285,69.72857142857143,94.05714285714286,594.6964285714286,400.7142857142857,930.4285714285714,44.5,0.0
2022_19,2022,2023-01-15,2023-01-14,313,6.0,800.0,4.223809523809524,-0.6714285714285715,10.471428571428573,99.10119047619048,0.0,446.57142857142856,601.2321428571429,0.14285714285714285,1066.0,13.95595238095238,10.357142857142858,21.971428571428568,89.04464285714286,73.0,94.08571428571429,615.9642857142857,428.7142857142857,923.5714285714286,88.0,0.0
2022_19,2022,2023-01-16,2023-01-15,314,6.0,800.0,4.291071428571429,-0.35714285714285715,9.942857142857145,84.12500000000001,0.0,399.42857142857144,492.73809523809524,0.14285714285714285,933.2857142857143,13.599404761904761,10.414285714285715,20.47142857142857,89.95,76.35714285714286,94.24285714285715,646.6547619047618,472.57142857142856,923.0,104.5,0.0
2022_19,2022,2023-01-17,2023-01-16,315,6.0,800.0,3.6160714285714284,-0.7285714285714285,8.857142857142858,94.6547619047619,0.0,446.0,477.27976190476187,0.2857142857142857,914.7142857142857,13.610714285714286,10.242857142857144,20.885714285714283,89.27083333333334,74.3,94.25714285714287,652.422619047619,475.0,923.7142857142857,49.0,0.0
2022_19,2022,2023-01-18,2023-01-17,316,6.0,800.0,3.344642857142857,-0.7,8.228571428571428,93.19047619047619,0.0,447.14285714285717,552.8333333333334,0.5714285714285714,940.2857142857143,13.647619047619047,10.299999999999999,21.128571428571426,89.33571428571427,75.7,94.22857142857143,649.9880952380953,466.7142857142857,923.0,63.5,0.0
2022_19,2022,2023-01-19,2023-01-18,317,6.0,800.0,3.1767857142857143,-0.557142857142857,7.5,88.88690476190477,0.0,446.2857142857143,592.2321428571429,0.5714285714285714,942.4285714285714,13.515476190476189,10.357142857142858,20.699999999999996,89.36845238095238,75.61428571428571,94.08571428571429,646.6190476190476,462.0,925.5714285714286,73.5,0.0
2022_19,2022,2023-01-20,2023-01-19,318,6.0,800.0,2.492857142857143,-0.8142857142857142,6.285714285714286,89.16666666666667,0.0,450.85714285714283,575.1547619047619,0.5714285714285714,932.4285714285714,13.342261904761903,10.214285714285714,20.67142857142857,89.36309523809523,76.17142857142858,93.92857142857143,642.3095238095239,454.57142857142856,925.7142857142857,71.5,0.0
2022_19,2022,2023-01-22,2023-01-21,320,6.0,800.0,-0.4416666666666667,-4.457142857142857,3.942857142857143,129.0952380952381,0.0,588.2857142857143,778.0654761904761,0.7142857142857143,1111.0,13.439285714285715,9.642857142857142,22.885714285714283,87.18690476190477,68.71428571428571,93.84285714285714,617.9107142857143,410.7142857142857,924.4285714285714,38.5,0.0
2022_19,2022,2023-01-23,2023-01-22,321,6.0,800.0,-0.6047619047619047,-4.828571428571428,3.9857142857142853,132.75595238095238,0.0,587.0,856.9464285714286,0.7142857142857143,1291.7142857142858,13.521428571428572,9.557142857142855,23.37142857142857,86.82500000000002,67.57142857142857,93.74285714285715,592.8392857142857,373.57142857142856,926.1428571428571,45.0,0.0
2022_19,2022,2023-01-24,2023-01-23,322,6.0,800.0,-0.08452380952380951,-4.585714285714286,4.928571428571429,131.19642857142858,0.0,582.2857142857143,886.8571428571429,0.8571428571428571,1322.4285714285713,13.620833333333335,9.585714285714285,23.257142857142856,87.01011904761904,67.91428571428573,93.77142857142857,584.2142857142857,374.57142857142856,924.7142857142857,47.5,0.0
2022_19,2022,2023-01-25,2023-01-24,323,6.0,800.0,-0.8898809523809523,-5.3999999999999995,4.285714285714286,132.79166666666669,0.0,592.7142857142857,907.8571428571429,1.0,1343.4285714285713,13.473809523809523,9.571428571428571,22.9,87.02916666666667,68.15714285714286,94.07142857142857,583.452380952381,373.7142857142857,926.2857142857143,53.5,0.0
2022_19,2022,2023-01-26,2023-01-25,324,6.0,800.0,-2.4554089026915116,-6.914285714285713,2.8285714285714287,124.55227743271222,0.0,597.2857142857143,907.0372670807454,2.0,1364.5714285714287,13.137085921325053,9.471428571428572,23.228571428571428,87.008566252588,69.21428571428571,93.8,575.184265010352,367.14285714285717,879.1428571428571,34.5,0.0
2022_19,2022,2023-01-27,2023-01-26,325,6.0,800.0,-3.0042184265010357,-7.785714285714286,2.2714285714285714,109.18918219461698,0.0,539.5714285714286,805.4420289855072,1.8571428571428572,1238.857142857143,12.940657349896481,9.62857142857143,22.342857142857145,87.55261387163561,72.25714285714285,93.68571428571428,588.8806935817805,391.57142857142856,881.0,21.0,0.0
2022_19,2022,2023-01-28,2023-01-27,326,6.0,800.0,-3.7513612836438925,-8.042857142857143,1.5999999999999999,99.85227743271221,0.0,533.4285714285714,774.1598861283644,1.8571428571428572,1269.0,12.78268115942029,9.657142857142858,22.02857142857143,87.62094720496894,72.47142857142856,93.21428571428571,599.309265010352,396.57142857142856,882.1428571428571,27.5,0.0
2022_19,2022,2023-01-29,2023-01-28,327,6.0,800.0,-4.201361283643893,-8.657142857142857,1.0142857142857142,94.43561076604556,0.0,522.2857142857143,760.4336956521739,2.0,1272.2857142857142,12.658276397515527,9.714285714285714,21.571428571428573,87.79237577639752,73.57142857142857,93.04285714285713,592.3330745341615,392.57142857142856,880.5714285714286,29.0,0.0
2022_19,2022,2023-01-30,2023-01-29,328,6.0,800.0,-4.402551759834369,-9.357142857142858,1.0285714285714287,106.39394409937888,0.0,587.1428571428571,803.1777432712215,2.2857142857142856,1256.857142857143,12.933276397515527,9.685714285714285,22.585714285714285,86.96023291925466,70.95714285714286,92.92857142857143,580.40450310559,380.85714285714283,879.5714285714286,35.5,0.0
2022_19,2022,2023-02-01,2023-01-31,330,6.0,800.0,-3.4382660455486547,-9.342857142857142,2.3857142857142857,116.68561076604556,0.0,594.8571428571429,892.4277432712215,2.4285714285714284,1335.7142857142858,13.307085921325053,9.700000000000001,23.214285714285715,86.34951863354038,68.7,92.58571428571429,581.0533126293996,381.85714285714283,881.1428571428571,112.0,0.0
2022_19,2022,2023-02-02,2023-02-01,331,6.0,800.0,-1.4161904761904762,-7.6428571428571415,4.257142857142857,126.84761904761903,0.0,591.2857142857143,914.3607142857143,1.5714285714285714,1347.857142857143,13.756904761904762,9.842857142857143,23.0,86.2820238095238,67.54285714285714,93.08571428571429,589.8988095238095,392.0,928.5714285714286,86.0,0.0
2022_19,2022,2023-02-03,2023-02-02,332,6.0,800.0,-1.126309523809524,-6.842857142857142,4.5,142.24642857142857,0.0,649.7142857142857,1029.247619047619,1.8571428571428572,1483.2857142857142,13.955714285714285,9.671428571428573,23.842857142857138,85.68619047619048,64.45714285714287,93.34285714285714,574.7857142857143,370.7142857142857,925.0,38.0,0.0
2022_19,2022,2023-02-04,2023-02-03,333,6.0,800.0,-0.6970238095238097,-6.642857142857143,5.142857142857143,152.86309523809524,0.0,657.5714285714286,1069.845238095238,2.0,1468.142857142857,14.221428571428572,9.657142857142858,24.28571428571428,85.47083333333333,64.57142857142857,93.65714285714286,561.7559523809524,366.57142857142856,924.7142857142857,81.0,0.0
2022_19,2022,2023-02-05,2023-02-04,334,6.0,800.0,-0.07440476190476215,-6.0857142857142845,6.242857142857142,158.52380952380955,0.0,667.7142857142857,1084.625,2.142857142857143,1457.857142857143,14.419642857142858,9.6,24.74285714285714,85.27440476190475,63.81428571428571,93.77142857142859,569.4702380952381,374.0,929.2857142857143,81.0,0.0
2022_19,2022,2023-02-06,2023-02-05,335,6.0,800.0,-0.007142857142857403,-5.8999999999999995,6.728571428571429,165.1369047619048,0.0,675.8571428571429,1112.5833333333335,2.2857142857142856,1488.5714285714287,14.530357142857143,9.571428571428571,25.01428571428571,85.04940476190475,63.07142857142857,93.81428571428572,577.0535714285714,377.57142857142856,926.1428571428571,49.0,0.0
2022_19,2022,2023-02-08,2023-02-07,337,6.0,800.0,0.4047619047619045,-5.385714285714285,7.885714285714286,161.92261904761904,0.0,664.5714285714286,1083.6785714285713,2.4285714285714284,1463.7142857142858,14.597023809523808,9.514285714285714,25.057142857142853,85.28035714285714,63.17142857142857,94.04285714285713,586.625,383.7142857142857,925.4285714285714,97.0,0.0
2022_19,2022,2023-02-09,2023-02-08,338,6.0,800.0,-0.025595238095238417,-5.885714285714285,7.842857142857143,162.3511904761905,0.0,677.2857142857143,1074.4642857142858,2.4285714285714284,1454.2857142857142,14.460119047619047,9.328571428571427,24.957142857142852,85.30654761904762,63.1,93.95714285714284,593.5357142857143,385.0,925.0,93.0,0.0
2022_19,2022,2023-02-10,2023-02-09,339,6.0,800.0,0.5595238095238092,-5.928571428571429,8.928571428571429,160.92261904761904,0.0,686.1428571428571,1064.6964285714287,2.857142857142857,1433.0,14.4,9.27142857142857,24.78571428571428,85.09226190476191,61.957142857142856,93.91428571428571,592.6964285714286,388.0,894.4285714285714,98.0,0.0
2022_19,2022,2023-02-12,2023-02-11,341,6.0,800.0,1.7892857142857141,-4.257142857142857,9.842857142857143,135.00595238095238,0.0,638.8571428571429,946.0119047619047,2.5714285714285716,1303.2857142857142,13.939285714285715,8.37142857142857,24.04285714285714,85.58511904761905,63.371428571428574,94.08571428571427,602.6071428571429,390.0,894.4285714285714,119.0,0.0
2022_19,2022,2023-02-13,2023-02-12,342,6.0,800.0,2.164880952380952,-3.7142857142857144,9.585714285714285,118.77976190476191,0.0,587.0,852.5595238095237,2.5714285714285716,1187.2857142857142,13.457738095238096,7.514285714285714,23.11428571428571,86.2220238095238,65.71428571428571,94.12857142857142,603.7321428571429,394.7142857142857,897.4285714285714,133.0,0.0
2022_19,2022,2023-02-14,2023-02-13,343,6.0,800.0,2.8571428571428568,-2.3857142857142852,9.585714285714285,110.7440476190476,0.0,570.8571428571429,777.0892857142857,2.4285714285714284,1093.7142857142858,13.329166666666666,7.6000000000000005,22.699999999999996,86.53214285714286,65.8,94.22857142857143,600.8869047619047,398.57142857142856,900.2857142857143,102.0,0.0
2022_19,2022,2023-02-15,2023-02-14,344,6.0,800.0,2.763690476190476,-2.371428571428571,8.842857142857143,112.72023809523809,0.0,592.8571428571429,763.172619047619,2.7142857142857144,1103.0,13.261904761904763,7.585714285714286,22.557142857142857,86.4940476190476,66.4,94.31428571428572,591.4047619047618,390.85714285714283,901.1428571428571,156.0,0.0
2022_19,2022,2023-02-16,2023-02-15,345,6.0,800.0,2.9404761904761902,-2.214285714285714,8.742857142857142,112.14285714285714,0.0,617.0,766.2380952380953,3.142857142857143,1112.2857142857142,13.25952380952381,7.585714285714286,22.357142857142854,86.41130952380952,66.18571428571428,94.25714285714287,579.3928571428571,386.14285714285717,901.2857142857143,229.0,0.0
2022_19,2022,2023-02-17,2023-02-16,346,6.0,800.0,2.9398809523809524,-1.6999999999999995,8.1,107.95238095238095,0.0,589.2857142857143,734.4642857142857,2.7142857142857144,1097.4285714285713,13.252380952380951,7.6000000000000005,22.28571428571428,86.90059523809524,68.01428571428572,94.38571428571429,579.1845238095237,378.42857142857144,930.5714285714286,297.0,0.0
2022_19,2022,2023-02-18,2023-02-17,347,6.0,800.0,2.6369047619047614,-2.1428571428571423,7.928571428571429,107.63690476190477,0.0,577.8571428571429,706.8809523809523,3.2857142857142856,1054.142857142857,13.174999999999999,7.742857142857143,21.857142857142858,87.31428571428572,69.04285714285714,94.32857142857142,575.7738095238095,378.57142857142856,932.1428571428571,325.0,0.0
2022_19,2022,2023-02-19,2023-02-18,348,6.0,800.0,3.3220238095238095,-1.3428571428571423,8.114285714285714,99.33928571428571,0.0,506.0,663.0833333333334,3.142857142857143,1024.857142857143,13.213095238095237,8.642857142857142,21.11428571428571,88.17440476190477,71.94285714285715,94.35714285714288,587.3511904761905,404.2857142857143,926.4285714285714,196.0,0.0
2022_19,2022,2023-02-20,2023-02-19,349,6.0,800.0,3.5136904761904764,-1.1999999999999995,7.914285714285714,110.14880952380952,0.0,564.2857142857143,670.9226190476192,2.7142857142857144,1096.5714285714287,13.591071428571427,9.457142857142857,21.785714285714285,87.7922619047619,69.32857142857144,94.55714285714285,592.6666666666666,400.42857142857144,926.5714285714286,208.0,0.0
2022_19,2022,2023-02-21,2023-02-20,350,6.0,800.0,2.5291666666666672,-2.3857142857142852,7.028571428571428,126.67261904761905,0.0,605.7142857142857,759.9166666666667,3.7142857142857144,1219.5714285714287,13.558333333333334,9.328571428571431,22.01428571428571,86.95714285714284,68.51428571428572,94.21428571428571,586.8035714285714,394.57142857142856,921.8571428571429,90.0,0.0
2022_19,2022,2023-02-25,2023-02-24,354,6.0,800.0,1.9553571428571428,-3.542857142857142,7.957142857142856,171.88690476190476,0.0,687.4285714285714,1093.922619047619,8.0,1548.2857142857142,13.905952380952382,9.028571428571428,22.642857142857142,84.26547619047619,61.37142857142857,93.81428571428572,592.5892857142857,415.0,913.5714285714286,88.0,1667200.0
2022_19,2022,2023-02-27,2023-02-26,356,6.0,800.0,0.36011904761904756,-5.8999999999999995,7.7,213.60714285714286,0.0,799.1428571428571,1401.2083333333333,13.142857142857142,1855.0,14.082142857142857,8.528571428571428,23.699999999999996,81.76964285714284,56.05714285714286,93.0,563.1785714285714,395.14285714285717,909.0,184.0,2645200.0
2022_19,2022,2023-02-28,2023-02-27,357,6.0,800.0,0.6714285714285714,-6.07142857142857,8.614285714285716,216.57142857142858,0.0,804.0,1455.6904761904764,14.428571428571429,1893.0,14.147619047619047,8.557142857142857,23.5,81.5017857142857,55.51428571428571,92.9857142857143,568.2857142857143,404.0,905.8571428571429,2111.0,33933800.0
2022_19,2022,2023-03-01,2023-02-28,358,6.0,800.0,1.4077380952380953,-5.942857142857142,9.857142857142858,212.44642857142858,0.0,807.1428571428571,1475.095238095238,14.857142857142858,1917.4285714285713,14.19404761904762,8.500000000000002,23.54285714285714,81.28571428571429,55.48571428571428,93.11428571428571,572.672619047619,409.7142857142857,905.8571428571429,140.0,1598000.0
2022_19,2022,2023-03-02,2023-03-01,359,6.0,800.0,2.2416666666666667,-4.571428571428571,10.071428571428571,206.04761904761907,0.0,795.2857142857143,1445.9285714285713,13.857142857142858,1931.7142857142858,13.976190476190476,8.314285714285715,23.599999999999998,81.3952380952381,55.74285714285714,93.12857142857142,566.952380952381,410.0,863.8571428571429,134.0,1722000.0
2022_19,2022,2023-03-03,2023-03-02,360,6.0,800.0,2.1970238095238095,-4.499999999999999,9.614285714285714,212.06547619047618,0.0,806.8571428571429,1453.4940476190477,16.285714285714285,1985.4285714285713,13.673809523809522,7.985714285714286,23.3,81.22142857142856,55.542857142857144,93.10000000000001,566.5535714285714,412.2857142857143,861.4285714285714,164.0,2456000.0
2022_19,2022,2023-03-04,2023-03-03,361,6.0,800.0,2.043064182194617,-5.114285714285714,9.814285714285715,215.47437888198758,0.0,816.8571428571429,1504.789596273292,18.714285714285715,2041.4285714285713,13.489363354037266,8.157142857142857,23.157142857142855,81.0090579710145,55.228571428571435,92.82857142857142,563.3664596273292,411.85714285714283,830.8571428571429,154.0,1974000.0
2022_19,2022,2023-03-06,2023-03-05,363,6.0,800.0,3.6954451345755692,-3.771428571428571,12.414285714285713,208.70056935817803,0.0,809.2857142857143,1463.301501035197,13.428571428571429,2027.5714285714287,13.557815734989648,8.085714285714285,23.085714285714285,80.58227225672877,53.871428571428574,92.4857142857143,570.598602484472,420.7142857142857,833.4285714285714,156.0,1753000.0
2022_19,2022,2023-03-07,2023-03-06,364,6.0,800.0,4.297826086956522,-3.371428571428571,13.085714285714285,208.9327122153209,0.0,811.4285714285714,1446.4324534161492,10.714285714285714,2029.4285714285713,13.552458592132506,7.9142857142857155,23.357142857142854,80.13941511387164,52.98571428571428,92.38571428571427,571.848602484472,419.85714285714283,836.7142857142857,166.0,2137000.0
2022_19,2022,2023-03-08,2023-03-07,365,6.0,800.0,5.3460403726708075,-2.1571428571428566,14.171428571428573,206.9089026915114,0.0,799.4285714285714,1412.116977225673,8.142857142857142,2031.2857142857142,13.681030020703933,7.8999999999999995,23.44285714285714,79.66084368530021,51.67142857142858,92.32857142857144,571.8366977225672,420.14285714285717,838.8571428571429,102.0,1137000.0
2022_19,2022,2023-03-13,2023-03-12,370,6.0,800.0,10.582142857142856,2.585714285714286,19.142857142857142,188.45238095238096,0.0,709.0,1263.875,0.0,1937.4285714285713,14.804166666666669,8.314285714285715,23.628571428571426,79.21309523809524,53.714285714285715,92.94285714285714,572.25,428.2857142857143,888.0,82.0,1002000.0
2022_19,2022,2023-03-15,2023-03-14,372,6.0,800.0,9.785714285714286,2.0285714285714294,17.257142857142856,204.39285714285714,0.0,739.1428571428571,1266.7738095238094,0.0,2003.5714285714287,14.779761904761907,8.285714285714286,23.54285714285714,80.05654761904762,53.00000000000001,93.14285714285714,566.2440476190476,424.42857142857144,887.5714285714286,2271.0,33945500.0
2022_19,2022,2023-03-25,2023-03-24,382,6.0,800.0,9.823214285714284,3.2285714285714286,18.599999999999998,215.86309523809524,0.0,816.8571428571429,1388.2023809523812,1.5714285714285714,2134.714285714286,14.783333333333335,7.571428571428571,25.62857142857143,78.49464285714285,50.871428571428574,93.95714285714287,574.1666666666666,425.0,871.1428571428571,20.0,220000.0
2022_19,2022,2023-03-29,2023-03-28,386,6.0,800.0,9.324404761904761,3.2142857142857144,16.514285714285716,190.29761904761904,0.0,723.7142857142857,1308.1666666666667,2.5714285714285716,2163.285714285714,14.430357142857144,7.842857142857143,24.728571428571428,77.23630952380952,50.885714285714286,92.91428571428573,542.172619047619,429.7142857142857,724.7142857142857,20.0,220000.0
2022_19,2022,2023-03-31,2023-03-30,388,6.0,800.0,8.574404761904763,1.3571428571428574,16.642857142857142,216.54761904761904,0.0,792.4285714285714,1409.732142857143,3.857142857142857,2198.4285714285716,14.30297619047619,7.628571428571428,25.142857142857142,75.13571428571429,46.028571428571425,92.95714285714287,541.0892857142857,428.2857142857143,688.8571428571429,753.6,10672700.0
2022_19,2022,2023-04-08,2023-04-07,396,6.0,800.0,12.899404761904762,6.242857142857142,19.74285714285714,177.70238095238096,0.0,680.1428571428571,1212.4285714285713,5.714285714285714,1888.857142857143,16.16904761904762,9.957142857142857,25.014285714285712,77.82440476190477,55.528571428571425,93.37142857142855,532.0595238095237,417.85714285714283,753.5714285714286,8.0,80000.0
2022_19,2022,2023-04-11,2023-04-10,399,6.0,800.0,10.588690476190475,4.771428571428571,16.414285714285715,185.44642857142858,0.0,690.7142857142857,1207.5416666666667,8.428571428571429,1945.7142857142858,15.031547619047618,9.4,23.471428571428564,80.26547619047619,59.17142857142857,93.44285714285715,536.4285714285714,417.85714285714283,753.4285714285714,20.0,150000.0
2022_19,2022,2023-04-15,2023-04-14,403,6.0,800.0,10.814285714285713,2.842857142857143,18.957142857142856,250.48809523809527,0.0,865.2857142857143,1630.3630952380954,9.571428571428571,2625.285714285714,15.582142857142856,8.242857142857142,26.385714285714283,75.0375,46.542857142857144,93.02857142857144,549.9821428571429,409.57142857142856,812.8571428571429,1248.0,17484300.0
2022_19,2022,2023-04-18,2023-04-17,406,6.0,800.0,12.261309523809524,5.557142857142858,19.47142857142857,216.9761904761905,0.0,832.0,1347.6845238095236,3.5714285714285716,2294.8571428571427,16.167261904761904,8.728571428571428,26.74285714285714,76.76130952380952,49.15714285714286,93.12857142857142,540.702380952381,410.0,798.2857142857143,22.0,154000.0
2022_19,2022,2023-04-19,2023-04-18,407,6.0,800.0,12.63095238095238,6.528571428571429,19.214285714285715,204.5,0.0,756.1428571428571,1261.6488095238094,2.0,2296.5714285714284,16.35952380952381,9.657142857142857,25.65714285714285,78.04404761904762,53.62857142857143,93.34285714285714,543.2380952380952,416.0,785.2857142857143,27.0,188000.0
2022_19,2022,2023-04-22,2023-04-21,410,6.0,800.0,15.561309523809523,11.0,21.62857142857143,221.01190476190476,0.0,852.0,1265.3214285714287,0.0,2184.1428571428573,18.91488095238095,12.62857142857143,27.742857142857137,80.41547619047618,58.48571428571428,93.95714285714287,522.7738095238095,411.42857142857144,718.1428571428571,20.0,124000.0
2022_19,2022,2023-04-24,2023-04-23,412,6.0,800.0,16.388647959183675,11.485714285714286,23.12857142857143,223.42346938775512,0.0,856.8571428571429,1420.9795918367347,0.0,2470.285714285714,19.263350340136054,13.357142857142858,28.857142857142858,78.73630952380952,54.142857142857146,93.8,524.6020408163265,409.57142857142856,675.2857142857143,30.0,240000.0
2022_19,2022,2023-04-25,2023-04-24,413,6.0,800.0,16.58864795918367,12.528571428571428,22.74285714285714,208.39965986394554,0.0,841.8571428571429,1331.9617346938776,0.0,2336.285714285714,19.25263605442177,14.157142857142858,28.471428571428568,79.69404761904762,54.857142857142854,93.85714285714286,522.9353741496599,408.42857142857144,664.5714285714286,16.0,96000.0
2022_19,2022,2023-04-30,2023-04-29,418,6.0,800.0,12.632554600787683,6.542857142857143,18.157142857142855,187.3379430719656,0.0,757.5714285714286,1254.235544217687,3.0,2275.8571428571427,16.28534282133906,10.171428571428573,24.985714285714284,79.55607769423558,56.15714285714285,93.8,527.890574650913,408.85714285714283,689.0,750.0,9148800.0
2022_19,2022,2023-05-02,2023-05-01,420,6.0,800.0,12.492418546365913,5.428571428571429,18.32857142857143,228.2478070175439,0.0,822.2857142857143,1390.875,3.2857142857142856,2470.0,16.48330200501253,9.157142857142857,25.11428571428571,78.81798245614036,56.285714285714285,93.64285714285714,515.812343358396,407.2857142857143,667.2857142857143,12.0,108000.0
2022_19,2022,2023-05-03,2023-05-02,421,6.0,800.0,13.343013784461151,5.328571428571429,20.342857142857145,268.890664160401,0.0,947.2857142857143,1586.845238095238,3.4285714285714284,2635.5714285714284,17.35651629072682,9.1,27.37142857142857,76.75905388471178,52.871428571428574,93.52857142857144,514.312343358396,397.42857142857144,682.8571428571429,20.0,180000.0
2022_19,2022,2023-05-07,2023-05-06,425,6.0,800.0,17.086309523809522,11.457142857142859,22.285714285714285,214.76785714285714,0.0,791.2857142857143,1352.9642857142858,0.42857142857142855,2222.5714285714284,19.422619047619047,12.828571428571431,27.557142857142853,79.58630952380952,60.92857142857143,93.57142857142857,485.0357142857143,393.14285714285717,602.1428571428571,66.0,540000.0
2022_19,2022,2023-05-10,2023-05-09,428,6.0,800.0,16.5324016563147,11.885714285714286,21.25714285714286,179.16847826086956,0.0,708.7142857142857,1161.4104554865423,0.5714285714285714,1977.5714285714287,18.823938923395445,12.714285714285714,26.67142857142857,82.16643374741201,65.12857142857142,93.51428571428572,481.3053830227744,391.14285714285717,580.1428571428571,58.0,611000.0
2022_19,2022,2023-05-11,2023-05-10,429,6.0,800.0,16.282401656314697,11.700000000000001,21.571428571428573,188.27562111801242,0.0,710.5714285714286,1187.9759316770185,0.8571428571428571,1989.2857142857142,18.70429606625259,12.571428571428571,26.714285714285715,82.32298136645964,64.94285714285714,93.60000000000001,484.347049689441,391.7142857142857,587.0,76.0,858000.0
2022_19,2022,2023-05-12,2023-05-11,430,6.0,800.0,15.633473084886125,10.585714285714287,21.928571428571427,205.7601449275362,0.0,709.4285714285714,1195.2759316770187,1.1428571428571428,2093.1428571428573,18.16120082815735,11.657142857142857,26.657142857142855,82.86869565217391,65.12857142857142,93.72857142857143,494.8399068322982,392.42857142857144,602.2857142857143,50.0,490000.0
2022_19,2022,2023-05-13,2023-05-12,431,6.0,800.0,15.172758799171842,9.5,22.442857142857143,230.74228778467906,0.0,788.4285714285714,1329.5199792960664,1.2857142857142858,2197.0,17.840962732919255,10.657142857142857,27.285714285714285,80.63179089026916,60.08571428571429,93.32857142857142,500.89347826086953,392.7142857142857,616.2857142857143,57.0,415000.0
2022_19,2022,2023-05-15,2023-05-14,433,6.0,800.0,15.888234989648032,9.299999999999999,24.242857142857144,306.94466873706006,0.0,991.4285714285714,1784.722360248447,1.8571428571428572,2836.8571428571427,18.79810559006211,10.5,30.328571428571426,77.13298136645962,53.75714285714286,92.4857142857143,501.6315734989648,380.85714285714283,634.7142857142857,1010.0,11994800.0
2022_19,2022,2023-05-16,2023-05-15,434,6.0,800.0,16.587545766590388,9.942857142857145,25.114285714285717,315.29491936362643,0.0,985.5714285714286,1821.156570774763,2.2857142857142856,2852.5714285714284,19.3166519559769,11.114285714285716,30.685714285714283,77.20090116595838,54.24285714285715,92.3142857142857,500.34460608041843,379.2857142857143,636.4285714285714,107.0,724000.0
2022_19,2022,2023-05-17,2023-05-16,435,6.0,800.0,17.80097744360902,11.028571428571428,26.5,319.8228696741854,0.0,981.4285714285714,1824.127067669173,2.2857142857142856,2860.4285714285716,20.127832080200502,12.042857142857143,31.142857142857142,76.23922932330827,51.6,92.1,496.52731829573935,378.42857142857144,636.8571428571429,57.0,391000.0
2022_19,2022,2023-05-18,2023-05-17,436,6.0,800.0,18.65573934837093,11.657142857142858,27.014285714285716,325.72167919799494,0.0,982.7142857142857,1860.0080200501252,2.5714285714285716,2887.1428571428573,20.67247493734336,12.542857142857144,31.385714285714283,75.69637218045114,51.42857142857143,91.68571428571428,490.6999373433584,378.2857142857143,627.4285714285714,46.0,267000.0
2022_19,2022,2023-05-19,2023-05-18,437,6.0,800.0,19.19752506265664,12.842857142857143,26.32857142857143,290.0764411027569,0.0,891.8571428571429,1790.8508771929824,2.2857142857142856,2909.1428571428573,21.00426065162907,13.6,30.685714285714287,76.03399122807018,53.31428571428571,91.44285714285715,479.218984962406,373.7142857142857,611.0,105.0,901500.0
2022_19,2022,2023-05-20,2023-05-19,438,6.0,800.0,19.727286967418546,13.428571428571429,26.557142857142857,307.20144110275686,0.0,962.4285714285714,1771.1187343358397,2.7142857142857144,2897.4285714285716,21.49354636591479,14.085714285714287,30.957142857142856,76.02149122807018,53.57142857142857,91.14285714285714,472.58803258145366,375.14285714285717,601.1428571428571,48.0,428000.0
2022_19,2022,2023-05-22,2023-05-21,440,6.0,800.0,19.899906015037594,14.471428571428572,26.228571428571428,295.6776315789474,0.0,973.0,1732.892543859649,2.857142857142857,2881.5714285714284,21.66437969924812,15.014285714285716,30.128571428571426,77.66256265664161,56.9,91.27142857142856,466.4868421052632,377.7142857142857,586.2857142857143,66.0,507000.0
2022_19,2022,2023-05-23,2023-05-22,441,6.0,800.0,19.705357142857142,15.0,25.385714285714283,263.82142857142856,0.0,939.2857142857143,1617.8511904761906,2.142857142857143,2746.285714285714,21.408928571428568,15.414285714285713,29.585714285714282,78.53750000000001,57.18571428571429,91.48571428571428,464.69642857142856,381.2857142857143,574.8571428571429,57.0,441500.0
2022_19,2022,2023-05-24,2023-05-23,442,6.0,800.0,19.08511904761905,14.685714285714285,24.457142857142856,261.9345238095238,0.0,929.5714285714286,1560.6964285714287,2.4285714285714284,2730.0,21.071428571428573,15.142857142857144,29.24285714285714,78.88571428571427,58.971428571428575,91.52857142857144,461.0357142857143,380.14285714285717,560.4285714285714,18.0,153000.0
2022_19,2022,2023-05-25,2023-05-24,443,6.0,800.0,18.601190476190474,14.514285714285714,23.928571428571427,243.63095238095238,0.0,892.7142857142857,1487.0892857142858,2.7142857142857144,2706.5714285714284,20.697619047619046,15.014285714285714,28.67142857142857,79.33392857142857,59.92857142857144,91.71428571428571,461.13095238095235,380.14285714285717,557.5714285714286,84.0,789000.0
2022_19,2022,2023-05-26,2023-05-25,444,6.0,800.0,18.78095238095238,14.328571428571427,24.74285714285714,269.25595238095235,0.0,987.8571428571429,1565.3869047619048,2.857142857142857,2631.5714285714284,20.836309523809526,14.785714285714286,29.128571428571426,77.92202380952381,57.51428571428572,91.79999999999998,461.83333333333337,382.42857142857144,558.8571428571429,52.0,312000.0
2022_19,2022,2023-05-27,2023-05-26,445,6.0,800.0,18.791666666666668,14.385714285714288,24.657142857142862,263.0238095238095,0.0,963.4285714285714,1585.297619047619,2.2857142857142856,2590.285714285714,20.83809523809524,14.885714285714286,29.15714285714285,78.01607142857142,57.75714285714286,91.91428571428573,465.25,381.57142857142856,564.0,29.0,145000.0
2022_19,2022,2023-05-29,2023-05-28,447,6.0,800.0,19.923214285714288,15.757142857142858,25.014285714285712,200.41666666666669,0.0,769.8571428571429,1267.0535714285713,1.5714285714285714,2254.4285714285716,21.264285714285712,16.142857142857142,28.38571428571428,79.77261904761905,61.471428571428575,92.22857142857143,464.30952380952385,386.2857142857143,553.0,55.0,310500.0
2022_19,2022,2023-05-30,2023-05-29,448,6.0,800.0,20.626785714285713,16.785714285714285,24.957142857142856,179.36309523809524,0.0,657.1428571428571,1165.8392857142858,45.714285714285715,2009.4285714285713,21.724999999999998,17.2,27.585714285714285,81.42023809523809,66.85714285714286,92.4,472.93452380952385,405.7142857142857,550.5714285714286,7.0,35000.0
2022_2,2022,2022-11-13,2022-11-12,235,5.7,350.0,8.042040043290044,0.7714285714285714,17.342857142857145,144.2108225108225,0.0,547.0,0.8911255411255412,0.0,3.5714285714285716,16.19469155844156,10.214285714285714,26.47142857142857,92.66376623376622,75.71428571428571,98.24285714285713,516.0378246753246,364.85714285714283,660.7142857142857,58.0,655000.0
2022_2,2022,2022-12-03,2022-12-02,255,5.7,350.0,0.9022222222222224,-1.3666666666666665,3.033333333333333,270.96666666666664,175.0,428.3333333333333,1.6333333333333335,1.0,2.6666666666666665,20.22888888888889,17.133333333333333,23.333333333333332,90.66444444444444,85.06666666666666,94.8,367.5888888888889,319.3333333333333,417.3333333333333,35.0,400000.0
2022_20,2022,2022-12-01,2022-11-30,98,6.1,800.0,7.894642857142857,1.8571428571428572,14.6,90.10119047619047,0.0,450.2857142857143,634.0952380952382,4.0,907.7142857142857,13.358333333333333,7.585714285714286,22.0,90.35892857142858,66.94285714285715,98.22857142857141,513.7261904761905,358.42857142857144,859.4285714285714,24.0,334521.0
2022_20,2022,2022-12-02,2022-12-01,99,6.1,800.0,6.547023809523809,0.6285714285714287,12.942857142857141,94.21428571428571,0.0,457.0,652.2023809523808,4.285714285714286,921.7142857142857,13.12202380952381,7.385714285714286,21.785714285714285,89.89761904761905,67.14285714285714,98.2,510.875,361.7142857142857,866.0,40.0,612660.0
2022_20,2022,2022-12-06,2022-12-05,103,6.1,800.0,1.9345238095238095,-1.6571428571428573,6.142857142857143,90.46428571428571,0.0,435.7142857142857,615.779761904762,2.7142857142857144,904.1428571428571,12.171428571428573,7.571428571428571,20.885714285714283,90.3970238095238,72.47142857142856,97.88571428571429,501.2261904761904,366.2857142857143,736.0,152.0,2202400.0
2022_20,2022,2022-12-07,2022-12-06,104,6.1,800.0,0.5541666666666666,-2.8000000000000003,5.0857142857142845,94.22619047619047,0.0,487.57142857142856,655.9345238095239,3.142857142857143,977.8571428571429,11.719642857142858,7.299999999999999,21.185714285714287,90.30059523809526,72.04285714285713,97.65714285714284,505.54166666666663,369.57142857142856,726.1428571428571,136.8,2229405.0
2022_20,2022,2022-12-08,2022-12-07,105,6.1,800.0,1.250595238095238,-2.4714285714285715,6.014285714285714,91.03571428571429,0.0,483.2857142857143,649.779761904762,2.857142857142857,943.1428571428571,11.751190476190477,7.271428571428571,21.314285714285717,90.74642857142858,73.07142857142857,97.55714285714286,515.1130952380953,373.85714285714283,775.4285714285714,54.0,925830.0
2022_20,2022,2022-12-10,2022-12-09,107,6.1,800.0,2.6089285714285713,-1.5714285714285714,8.357142857142858,83.27976190476191,0.0,464.57142857142856,605.3095238095239,2.5714285714285716,917.2857142857143,11.970833333333333,7.485714285714285,21.357142857142858,91.69642857142857,73.64285714285714,97.74285714285713,530.2678571428571,372.0,819.4285714285714,105.0,1977300.0
2022_20,2022,2022-12-12,2022-12-11,109,6.1,800.0,2.4595238095238092,-2.1,8.471428571428572,88.85119047619048,0.0,493.2857142857143,597.2678571428571,2.142857142857143,910.2857142857143,11.98452380952381,7.314285714285715,21.599999999999998,91.62678571428572,72.55714285714285,97.81428571428572,530.6369047619048,373.7142857142857,813.4285714285714,60.0,926100.0
2022_21,2022,2022-12-04,2022-12-03,321,4.6,1200.0,4.008333333333334,-1.057142857142857,9.700000000000001,96.3452380952381,0.0,433.7142857142857,415.7678571428572,0.0,1032.2857142857142,14.188690476190477,9.585714285714285,25.571428571428573,88.55357142857143,72.14285714285714,95.28571428571429,531.8928571428571,365.42857142857144,650.5714285714286,18.5,442000.0
2022_21,2022,2022-12-05,2022-12-04,322,4.6,1200.0,3.3625000000000003,-1.0714285714285714,8.128571428571428,89.44047619047619,0.0,401.57142857142856,385.4226190476191,0.0,973.7142857142857,13.888095238095238,9.742857142857144,24.157142857142855,89.20833333333334,74.85714285714286,95.28571428571429,533.7559523809524,373.2857142857143,644.2857142857143,13.600000000000001,358500.0
2022_21,2022,2022-12-06,2022-12-05,323,4.6,1200.0,1.5720238095238097,-2.242857142857143,5.742857142857142,99.61309523809523,0.0,448.42857142857144,420.625,0.0,958.4285714285714,13.655357142857143,9.485714285714286,24.24285714285714,88.32738095238096,71.28571428571429,94.85714285714286,535.8452380952381,385.42857142857144,636.7142857142857,2.3,58500.0
2022_21,2022,2022-12-07,2022-12-06,324,4.6,1200.0,0.14166666666666666,-3.528571428571429,4.728571428571429,102.41071428571429,0.0,491.7142857142857,443.3333333333333,0.0,1043.5714285714287,13.316666666666666,9.242857142857144,24.45714285714286,87.69642857142857,69.14285714285714,94.14285714285714,543.9047619047619,388.85714285714283,648.5714285714286,10.6,277500.0
2022_21,2022,2022-12-11,2022-12-10,328,4.6,1200.0,1.6279761904761905,-2.9285714285714284,7.585714285714287,88.18452380952381,0.0,476.14285714285717,384.3273809523809,0.0,916.7142857142857,13.116666666666665,9.571428571428571,22.985714285714288,88.56547619047618,69.85714285714286,94.0,574.4940476190476,422.14285714285717,683.4285714285714,60.0,1200000.0
2022_21,2022,2022-12-12,2022-12-11,329,4.6,1200.0,1.832142857142857,-3.1714285714285713,8.114285714285714,94.57738095238095,0.0,501.7142857142857,406.7023809523809,0.0,973.0,13.366666666666665,9.557142857142855,23.885714285714283,87.91666666666666,67.28571428571429,93.85714285714286,580.702380952381,429.7142857142857,694.4285714285714,63.5,1351000.0
2022_21,2022,2022-12-13,2022-12-12,330,4.6,1200.0,2.1529761904761906,-3.2,8.6,88.52380952380953,0.0,481.14285714285717,392.49404761904765,0.0,986.0,13.26904761904762,9.685714285714285,23.52857142857143,88.25595238095238,69.71428571428571,94.0,587.3809523809523,438.0,702.8571428571429,45.8,1041000.0
2022_21,2022,2022-12-14,2022-12-13,331,4.6,1200.0,2.6767857142857143,-2.4714285714285715,8.5,89.32142857142857,0.0,457.85714285714283,386.0297619047619,0.0,939.0,13.224999999999998,9.728571428571428,23.02857142857143,88.45833333333334,70.71428571428571,94.28571428571429,589.672619047619,455.57142857142856,701.1428571428571,65.8,1401500.0
2022_21,2022,2022-12-15,2022-12-14,332,4.6,1200.0,1.4845238095238094,-3.442857142857143,7.014285714285714,92.51190476190477,0.0,453.7142857142857,400.452380952381,0.0,973.7142857142857,13.199404761904761,9.5,23.685714285714283,88.44047619047619,70.85714285714286,94.57142857142857,590.1488095238094,461.2857142857143,722.7142857142857,41.3,862500.0
2022_21,2022,2022-12-16,2022-12-15,333,4.6,1200.0,0.9803571428571429,-4.185714285714286,6.228571428571429,89.73214285714286,0.0,447.42857142857144,393.24404761904765,0.0,975.1428571428571,13.032738095238093,9.357142857142858,23.214285714285715,88.67857142857143,71.14285714285714,94.57142857142857,593.7857142857143,461.85714285714283,723.0,64.3,1366500.0
2022_21,2022,2022-12-17,2022-12-16,334,4.6,1200.0,0.1398809523809524,-4.514285714285714,4.6571428571428575,90.05952380952382,0.0,439.7142857142857,392.79166666666663,0.0,956.1428571428571,12.807142857142859,9.314285714285715,22.4,88.78571428571429,73.0,94.42857142857143,590.6309523809523,449.14285714285717,713.5714285714286,20.0,420000.0
2022_21,2022,2022-12-18,2022-12-17,335,4.6,1200.0,-0.669047619047619,-5.385714285714286,3.4857142857142853,90.00595238095238,0.0,433.0,399.3392857142857,0.0,952.7142857142857,12.624404761904762,9.085714285714285,22.3,88.66071428571429,72.42857142857143,94.28571428571429,593.1845238095237,452.0,710.1428571428571,100.0,2040000.0
2022_21,2022,2022-12-19,2022-12-18,336,4.6,1200.0,-2.0577380952380953,-6.628571428571428,1.6857142857142853,90.29761904761905,0.0,446.14285714285717,401.0297619047619,0.0,956.4285714285714,12.270833333333332,8.9,21.928571428571427,88.83928571428571,73.71428571428571,94.42857142857143,606.2321428571429,444.14285714285717,750.0,116.5,2392000.0
2022_21,2022,2022-12-20,2022-12-19,337,4.6,1200.0,-2.9696428571428575,-7.514285714285714,1.4000000000000001,98.64285714285714,0.0,460.14285714285717,429.31547619047615,0.0,961.2857142857143,12.23452380952381,8.557142857142859,22.557142857142857,88.34523809523809,71.14285714285714,94.28571428571429,619.6607142857143,431.0,783.7142857142857,102.5,2105000.0
2022_21,2022,2022-12-21,2022-12-20,338,4.6,1200.0,-3.806547619047619,-8.571428571428571,1.3000000000000003,106.51190476190477,0.0,476.0,462.5357142857143,0.0,1026.142857142857,12.351190476190476,8.27142857142857,23.38571428571429,87.85714285714286,69.85714285714286,94.57142857142857,616.7619047619047,415.57142857142856,789.5714285714286,102.0,2040000.0
2022_21,2022,2022-12-22,2022-12-21,339,4.6,1200.0,-2.9053571428571425,-7.728571428571428,2.2142857142857144,91.14285714285714,0.0,421.0,405.7738095238095,0.0,1024.5714285714287,12.089285714285714,8.485714285714286,21.485714285714288,88.88690476190474,73.71428571428571,95.0,631.5119047619047,433.57142857142856,773.5714285714286,268.0,5468000.0
2022_21,2022,2022-12-23,2022-12-22,340,4.6,1200.0,-3.2779761904761906,-7.642857142857143,1.5857142857142859,84.11904761904762,0.0,417.42857142857144,373.80357142857144,0.0,949.4285714285714,11.620238095238095,8.257142857142858,20.042857142857144,89.58928571428571,76.85714285714286,95.14285714285714,631.6071428571429,427.7142857142857,775.0,200.0,4000000.0
2022_21,2022,2022-12-25,2022-12-24,342,4.6,1200.0,-4.4750000000000005,-8.842857142857143,0.8142857142857142,97.30357142857143,0.0,454.2857142857143,417.0,0.0,986.5714285714286,11.275595238095237,7.885714285714285,19.24285714285714,89.36904761904762,78.0,94.85714285714286,619.7380952380952,411.14285714285717,764.1428571428571,186.0,3720000.0
2022_21,2022,2022-12-26,2022-12-25,343,4.6,1200.0,-4.330952380952381,-9.257142857142856,1.9,95.41071428571429,0.0,452.7142857142857,411.16666666666663,0.0,993.0,11.213690476190477,7.671428571428571,19.32857142857143,89.23809523809523,78.71428571428571,94.42857142857143,603.8511904761905,403.57142857142856,718.0,229.3,5228500.0
2022_21,2022,2022-12-27,2022-12-26,344,4.6,1200.0,-4.507142857142857,-9.514285714285714,1.5142857142857142,91.91666666666666,0.0,460.2857142857143,387.4761904761905,0.0,975.4285714285714,11.105357142857144,7.7714285714285705,18.714285714285715,89.42857142857143,81.57142857142857,94.28571428571429,586.077380952381,399.42857142857144,686.0,216.5,4811000.0
2022_21,2022,2022-12-28,2022-12-27,345,4.6,1200.0,-4.94047619047619,-9.971428571428573,1.5571428571428572,90.76785714285714,0.0,462.0,378.2261904761905,0.0,958.1428571428571,10.988690476190476,7.685714285714285,18.6,89.5,83.0,94.28571428571429,580.2202380952381,392.2857142857143,681.1428571428571,247.0,5702000.0
2022_21,2022,2022-12-29,2022-12-28,346,4.6,1200.0,-5.55,-10.714285714285714,1.3285714285714287,105.16071428571429,0.0,525.1428571428571,429.625,0.0,948.2857142857143,11.179761904761905,7.514285714285714,19.857142857142858,88.6309523809524,81.14285714285714,93.71428571428571,560.6369047619047,353.42857142857144,674.7142857142857,270.3,6186500.0
2022_21,2022,2022-12-30,2022-12-29,347,4.6,1200.0,-5.593452380952381,-10.885714285714286,1.7428571428571427,115.26190476190477,0.0,536.4285714285714,470.98809523809524,0.0,1028.142857142857,11.560714285714287,7.657142857142857,21.3,87.94642857142857,79.85714285714286,93.85714285714286,548.0595238095237,345.85714285714283,670.8571428571429,346.0,8020000.0
2022_21,2022,2022-12-31,2022-12-30,348,4.6,1200.0,-4.862499999999999,-10.514285714285716,2.5714285714285716,115.45238095238095,0.0,556.5714285714286,478.7142857142857,0.0,1075.7142857142858,12.002380952380951,7.871428571428572,22.685714285714287,87.92261904761904,79.57142857142857,94.0,540.1547619047619,333.85714285714283,675.4285714285714,239.0,5603200.0
2022_21,2022,2023-01-01,2022-12-31,349,4.6,1200.0,-3.650595238095238,-9.200000000000001,3.9285714285714284,112.13095238095238,0.0,551.5714285714286,469.9702380952381,0.0,1057.4285714285713,12.32202380952381,8.014285714285714,23.400000000000002,88.17857142857143,79.0,94.42857142857143,534.4880952380952,339.7142857142857,675.7142857142857,304.0,6788000.0
2022_21,2022,2023-01-02,2023-01-01,350,4.6,1200.0,-2.875595238095238,-7.985714285714287,4.185714285714286,111.3809523809524,0.0,534.4285714285714,465.59523809523813,0.0,1039.142857142857,12.613095238095239,8.457142857142857,23.614285714285717,88.39880952380953,79.14285714285714,94.71428571428571,527.1190476190476,339.42857142857144,675.8571428571429,353.0,8064800.0
2022_21,2022,2023-01-03,2023-01-02,351,4.6,1200.0,-2.3613095238095236,-7.228571428571428,4.142857142857143,115.92857142857143,0.0,530.2857142857143,491.2916666666667,0.0,1067.857142857143,12.901190476190475,8.742857142857144,24.142857142857142,88.29166666666667,78.57142857142857,94.85714285714286,518.1904761904763,336.0,670.0,284.8,6172000.0
2022_21,2022,2023-01-04,2023-01-03,352,4.6,1200.0,-2.205357142857143,-7.042857142857143,3.757142857142857,118.44642857142857,0.0,531.8571428571429,507.0238095238095,0.0,1096.2857142857142,13.058333333333334,8.928571428571429,24.41428571428571,88.22619047619047,78.42857142857143,94.42857142857143,513.2083333333333,332.85714285714283,665.4285714285714,199.0,4098000.0
2022_21,2022,2023-01-05,2023-01-04,353,4.6,1200.0,-2.030952380952381,-7.185714285714285,4.114285714285714,118.42261904761905,0.0,521.1428571428571,509.6547619047619,0.0,1122.7142857142858,13.010714285714286,8.814285714285715,24.37142857142857,88.41071428571429,78.14285714285714,94.71428571428571,511.2738095238096,335.2857142857143,665.5714285714286,339.3,6864000.0
2022_21,2022,2023-01-06,2023-01-05,354,4.6,1200.0,-1.5089285714285712,-6.742857142857142,4.4,115.125,0.0,509.7142857142857,494.6130952380953,0.0,1106.142857142857,12.933928571428572,8.771428571428572,24.285714285714285,88.86904761904762,78.28571428571429,94.85714285714286,514.3452380952382,338.85714285714283,667.5714285714286,332.0,6694000.0
2022_21,2022,2023-01-08,2023-01-07,356,4.6,1200.0,-0.5535714285714283,-6.028571428571429,5.128571428571428,115.63690476190477,0.0,498.85714285714283,492.8988095238096,0.0,1076.142857142857,12.911904761904763,8.557142857142857,24.485714285714288,89.27976190476191,77.57142857142857,95.42857142857143,519.4464285714286,346.42857142857144,671.7142857142857,310.0,6214000.0
2022_21,2022,2023-01-09,2023-01-08,357,4.6,1200.0,-0.16666666666666635,-5.5857142857142845,5.771428571428572,116.99404761904762,0.0,501.57142857142856,501.60714285714283,0.0,1076.4285714285713,12.940476190476192,8.442857142857143,24.557142857142857,89.48214285714286,77.42857142857143,95.57142857142857,524.125,350.57142857142856,674.0,377.0,6258000.0
2022_21,2022,2023-01-10,2023-01-09,358,4.6,1200.0,0.6000000000000003,-4.7,6.742857142857143,105.79166666666666,0.0,473.57142857142856,457.30357142857144,0.0,1052.4285714285713,12.655952380952382,8.328571428571427,23.785714285714285,90.45238095238095,78.57142857142857,96.14285714285714,534.6488095238095,357.85714285714283,681.2857142857143,241.5,5176000.0
2022_21,2022,2023-01-11,2023-01-10,359,4.6,1200.0,1.1464285714285718,-4.071428571428571,7.171428571428572,106.26785714285714,0.0,477.57142857142856,454.7797619047619,0.0,1053.7142857142858,12.630357142857145,8.299999999999999,23.800000000000004,90.5357142857143,78.28571428571429,96.14285714285714,537.0238095238095,360.42857142857144,682.4285714285714,362.0,6181000.0
2022_21,2022,2023-01-12,2023-01-11,360,4.6,1200.0,1.492261904761905,-3.5142857142857147,7.6571428571428575,108.07738095238096,0.0,482.2857142857143,462.23214285714283,0.0,1056.142857142857,12.773214285714287,8.385714285714284,24.47142857142857,90.43452380952381,78.14285714285714,96.14285714285714,538.9821428571429,364.42857142857144,683.0,408.8,7209000.0
2022_21,2022,2023-01-13,2023-01-12,361,4.6,1200.0,2.2053571428571432,-3.1285714285714286,9.014285714285716,112.74404761904762,0.0,495.85714285714283,481.26785714285717,0.0,1079.5714285714287,13.04107142857143,8.414285714285713,25.042857142857144,90.22619047619048,77.0,96.28571428571429,540.7202380952381,369.7142857142857,682.4285714285714,329.3,6099000.0
2022_21,2022,2023-01-14,2023-01-13,362,4.6,1200.0,3.6994047619047623,-1.3428571428571427,10.028571428571428,103.04166666666666,0.0,461.7142857142857,443.91666666666663,0.0,1116.7142857142858,13.225,8.9,24.47142857142857,91.10714285714286,78.85714285714286,96.71428571428571,547.0654761904763,377.14285714285717,681.0,310.0,5350000.0
2022_21,2022,2023-01-15,2023-01-14,363,4.6,1200.0,4.122023809523809,-0.44285714285714267,10.328571428571427,90.39880952380952,0.0,404.7142857142857,384.8988095238095,0.0,998.7142857142857,12.877380952380955,8.942857142857143,23.114285714285717,91.875,81.42857142857143,96.85714285714286,552.422619047619,387.42857142857144,682.1428571428571,183.0,3111000.0
2022_21,2022,2023-01-16,2023-01-15,364,4.6,1200.0,4.107738095238095,-0.17142857142857124,9.628571428571428,77.44642857142856,0.0,357.7142857142857,324.5892857142857,0.0,880.5714285714286,12.336309523809524,8.799999999999999,21.114285714285717,92.71428571428571,83.57142857142857,97.14285714285714,558.125,413.85714285714283,672.2857142857143,192.3,3473000.0
2022_21,2022,2023-01-18,2023-01-17,366,4.6,1200.0,3.145833333333333,-0.47142857142857125,7.914285714285714,88.78571428571429,0.0,394.2857142857143,368.24404761904765,0.0,928.4285714285714,12.244642857142859,8.614285714285714,21.557142857142857,92.07142857142857,82.0,96.71428571428571,559.8928571428571,433.57142857142856,660.0,200.3,3346800.0
2022_21,2022,2023-01-19,2023-01-18,367,4.6,1200.0,2.9755952380952384,-0.3428571428571427,7.185714285714286,86.65476190476191,0.0,394.85714285714283,355.2261904761905,0.0,919.7142857142857,12.069642857142856,8.557142857142857,21.185714285714287,92.17857142857143,81.71428571428571,96.57142857142857,562.9940476190476,435.2857142857143,661.5714285714286,232.0,4208200.0
2022_21,2022,2023-01-20,2023-01-19,368,4.6,1200.0,2.342261904761905,-0.5857142857142855,5.828571428571429,85.49404761904762,0.0,399.0,351.2023809523809,0.0,917.4285714285714,11.843452380952382,8.557142857142859,20.75714285714286,91.98809523809523,82.42857142857143,96.14285714285714,563.8452380952381,434.2857142857143,660.2857142857143,308.5,5303800.0
2022_21,2022,2023-01-22,2023-01-21,370,4.6,1200.0,-0.5910714285714282,-4.014285714285714,3.3857142857142857,121.67261904761904,0.0,527.1428571428571,492.6488095238095,0.0,1082.2857142857142,11.945833333333331,8.071428571428571,23.128571428571426,89.20238095238095,76.28571428571429,95.0,556.297619047619,423.42857142857144,653.5714285714286,196.0,3495600.0
2022_21,2022,2023-01-23,2023-01-22,371,4.6,1200.0,-0.7494047619047616,-4.257142857142857,3.4285714285714284,124.70238095238096,0.0,534.8571428571429,514.25,0.0,1242.7142857142858,12.010714285714286,8.142857142857142,23.571428571428573,89.00595238095238,76.0,95.0,556.6785714285714,407.2857142857143,662.5714285714286,196.0,3636400.0
2022_21,2022,2023-01-24,2023-01-23,372,4.6,1200.0,-0.2595238095238092,-4.128571428571428,4.428571428571429,121.99404761904762,0.0,529.4285714285714,506.18452380952385,0.0,1218.5714285714287,12.1,8.142857142857142,23.442857142857147,89.33333333333334,76.14285714285714,95.28571428571429,554.827380952381,401.42857142857144,667.2857142857143,178.0,3321000.0
2022_21,2022,2023-01-25,2023-01-24,373,4.6,1200.0,-1.1279761904761902,-4.957142857142857,3.7714285714285714,124.68452380952381,0.0,543.2857142857143,517.3928571428571,0.0,1224.4285714285713,11.83095238095238,8.028571428571428,22.728571428571428,89.6190476190476,76.85714285714286,95.71428571428571,550.7559523809524,395.2857142857143,658.1428571428571,202.5,3868000.0
2022_21,2022,2023-01-26,2023-01-25,374,4.6,1200.0,-2.5113095238095235,-6.5857142857142845,2.5,131.85714285714286,0.0,558.4285714285714,549.6130952380952,0.0,1265.5714285714287,11.795833333333333,7.828571428571428,22.728571428571428,89.20833333333334,77.28571428571429,95.57142857142857,545.1488095238095,390.2857142857143,649.7142857142857,171.0,2940500.0
2022_21,2022,2023-01-27,2023-01-26,375,4.6,1200.0,-3.0648809523809524,-7.457142857142856,1.957142857142857,118.92261904761905,0.0,510.2857142857143,503.25595238095235,0.0,1306.142857142857,11.408928571428572,7.8428571428571425,21.32857142857143,89.76190476190477,79.14285714285714,95.57142857142857,549.8869047619047,401.85714285714283,646.7142857142857,137.0,2424500.0
2022_21,2022,2023-01-28,2023-01-27,376,4.6,1200.0,-3.7303571428571423,-7.814285714285714,1.1999999999999997,121.08333333333334,0.0,509.85714285714283,511.5833333333333,0.0,1333.2857142857142,11.415476190476193,7.871428571428572,21.199999999999996,89.47619047619047,79.42857142857143,95.14285714285714,551.0357142857143,398.14285714285717,655.4285714285714,112.0,1907000.0
2022_21,2022,2023-01-29,2023-01-28,377,4.6,1200.0,-4.147619047619047,-8.428571428571427,0.7285714285714285,117.52380952380952,0.0,510.57142857142856,492.82142857142856,0.0,1342.0,11.192857142857145,7.785714285714286,20.52857142857143,89.66071428571429,80.42857142857143,95.14285714285714,549.6964285714286,398.14285714285717,654.7142857142857,88.0,1638000.0
2022_21,2022,2023-01-30,2023-01-29,378,4.6,1200.0,-4.336904761904761,-9.214285714285714,0.7714285714285714,128.6904761904762,0.0,568.7142857142857,543.4821428571429,0.0,1327.0,11.567261904761905,7.857142857142857,21.885714285714283,88.77380952380952,78.28571428571429,94.85714285714286,540.3452380952381,386.14285714285717,654.7142857142857,199.3,3659500.0
2022_21,2022,2023-02-01,2023-01-31,380,4.6,1200.0,-3.3196428571428567,-9.271428571428572,2.071428571428571,135.625,0.0,570.4285714285714,574.4166666666666,0.0,1389.857142857143,12.098214285714286,8.128571428571428,23.014285714285716,87.92857142857143,77.14285714285714,94.57142857142857,538.7261904761905,373.57142857142856,663.5714285714286,142.5,2690000.0
2022_21,2022,2023-02-02,2023-02-01,381,4.6,1200.0,-1.5440476190476191,-7.485714285714286,3.8857142857142852,131.6845238095238,0.0,575.0,553.5654761904763,0.0,1384.857142857143,12.25952380952381,8.457142857142857,23.0,88.51190476190477,76.71428571428571,95.14285714285714,539.547619047619,371.7142857142857,671.0,175.5,3330000.0
2022_21,2022,2023-02-03,2023-02-02,382,4.6,1200.0,-1.2654761904761904,-6.671428571428572,4.014285714285714,144.48809523809524,0.0,622.4285714285714,603.654761904762,0.0,1350.7142857142858,12.708333333333332,8.5,24.2,88.01190476190477,75.14285714285714,95.14285714285714,530.422619047619,359.57142857142856,672.0,114.8,2249600.0
2022_21,2022,2023-02-04,2023-02-03,383,4.6,1200.0,-0.8988095238095237,-6.457142857142857,4.557142857142857,142.85714285714286,0.0,623.2857142857143,601.6607142857143,0.0,1339.0,12.842857142857142,8.528571428571428,24.457142857142856,88.27380952380953,75.14285714285714,95.42857142857143,529.5833333333333,362.14285714285717,672.2857142857143,108.0,1956000.0
2022_21,2022,2023-02-05,2023-02-04,384,4.6,1200.0,-0.30476190476190484,-5.914285714285713,5.514285714285713,147.85119047619045,0.0,622.1428571428571,621.797619047619,0.0,1333.2857142857142,13.063095238095238,8.357142857142858,25.22857142857143,88.24404761904762,74.42857142857143,95.42857142857143,530.4642857142857,363.0,677.4285714285714,138.0,2438800.0
2022_21,2022,2023-02-06,2023-02-05,385,4.6,1200.0,-0.2130952380952381,-5.7714285714285705,5.842857142857143,153.98214285714286,0.0,627.1428571428571,636.9583333333333,0.0,1367.0,13.138095238095238,8.071428571428571,25.314285714285713,88.19047619047619,74.0,95.28571428571429,535.6428571428571,368.2857142857143,684.8571428571429,114.0,2310400.0
2022_21,2022,2023-02-07,2023-02-06,386,4.6,1200.0,0.02023809523809523,-5.742857142857143,6.685714285714285,149.86904761904762,0.0,639.5714285714286,622.9702380952382,0.0,1369.2857142857142,13.067261904761905,7.814285714285715,25.228571428571428,88.46428571428571,74.0,95.14285714285714,542.6369047619047,376.57142857142856,697.8571428571429,139.5,2582400.0
2022_21,2022,2023-02-08,2023-02-07,387,4.6,1200.0,0.1797619047619048,-5.242857142857142,6.814285714285714,149.33928571428572,0.0,634.8571428571429,614.0535714285714,0.0,1350.2857142857142,13.014285714285714,7.757142857142857,25.042857142857144,88.8452380952381,73.71428571428571,95.57142857142857,547.7559523809524,383.57142857142856,702.2857142857143,214.5,3776000.0
2022_21,2022,2023-02-09,2023-02-08,388,4.6,1200.0,-0.1994047619047619,-5.714285714285714,6.571428571428571,146.91666666666669,0.0,622.7142857142857,607.7678571428571,0.0,1337.4285714285713,12.84702380952381,7.471428571428571,24.8,88.94047619047618,73.57142857142857,95.57142857142857,555.2797619047618,389.14285714285717,711.1428571428571,255.8,4574000.0
2022_21,2022,2023-02-10,2023-02-09,389,4.6,1200.0,0.3755952380952382,-5.828571428571428,7.7,145.74404761904762,0.0,631.4285714285714,600.0595238095237,0.0,1322.142857142857,12.755357142857141,7.257142857142857,24.671428571428574,89.2797619047619,73.42857142857143,95.85714285714286,559.702380952381,390.0,713.1428571428571,227.0,4070000.0
2022_21,2022,2023-02-12,2023-02-11,391,4.6,1200.0,1.6011904761904765,-4.171428571428571,8.957142857142857,128.78571428571428,0.0,631.7142857142857,525.6904761904763,0.0,1197.142857142857,12.417261904761904,7.299999999999999,23.5,90.69642857142857,75.14285714285714,96.71428571428571,564.6845238095237,398.14285714285717,708.1428571428571,180.0,3166000.0
2022_21,2022,2023-02-13,2023-02-12,392,4.6,1200.0,1.9452380952380952,-3.6142857142857134,8.857142857142858,113.43452380952382,0.0,582.5714285714286,465.48214285714283,0.0,1094.2857142857142,12.021428571428572,7.371428571428572,22.62857142857143,91.61309523809523,77.28571428571429,97.28571428571429,566.7440476190476,401.42857142857144,705.2857142857143,172.0,3046000.0
2022_21,2022,2023-02-14,2023-02-13,393,4.6,1200.0,2.6136904761904765,-2.3,8.871428571428572,106.72619047619048,0.0,553.8571428571429,436.0654761904762,0.0,1009.4285714285714,11.827380952380953,7.428571428571429,22.24285714285714,92.11309523809523,77.57142857142857,97.71428571428571,565.672619047619,403.42857142857144,697.4285714285714,210.0,3890000.0
2022_21,2022,2023-02-15,2023-02-14,394,4.6,1200.0,2.5166666666666666,-2.1999999999999997,8.128571428571428,106.24404761904762,0.0,567.5714285714286,436.88095238095235,0.0,1019.5714285714286,11.767261904761906,7.314285714285715,21.942857142857147,91.94047619047618,77.42857142857143,97.28571428571429,564.9404761904761,408.0,696.7142857142857,235.0,3840000.0
2022_21,2022,2023-02-16,2023-02-15,395,4.6,1200.0,2.6827380952380957,-2.0571428571428565,8.214285714285714,104.57142857142857,0.0,572.4285714285714,437.55952380952385,0.0,1029.7142857142858,11.72797619047619,7.328571428571428,21.7,91.81547619047619,77.85714285714286,97.0,565.7619047619048,412.85714285714283,694.4285714285714,376.0,6058000.0
2022_21,2022,2023-02-17,2023-02-16,396,4.6,1200.0,2.685714285714286,-1.6285714285714283,7.514285714285714,99.64285714285714,0.0,537.5714285714286,417.36904761904765,0.0,1016.1428571428571,11.710714285714287,7.514285714285714,21.442857142857143,92.06547619047619,78.42857142857143,97.0,570.8690476190476,423.7142857142857,702.5714285714286,517.0,8609600.0
2022_21,2022,2023-02-18,2023-02-17,397,4.6,1200.0,2.3708333333333336,-2.228571428571428,7.3428571428571425,92.42857142857143,0.0,475.0,401.8690476190476,0.0,988.7142857142857,11.54702380952381,7.5,21.099999999999998,92.24404761904762,79.28571428571429,96.85714285714286,573.1190476190476,425.2857142857143,707.1428571428571,416.0,6581600.0
2022_21,2022,2023-02-19,2023-02-18,398,4.6,1200.0,3.0440476190476184,-1.4571428571428569,7.542857142857143,83.81547619047618,0.0,417.2857142857143,366.98809523809524,0.0,956.4285714285714,11.410119047619048,7.614285714285714,20.02857142857143,92.80952380952381,81.42857142857143,97.14285714285714,575.6130952380953,432.2857142857143,709.2857142857143,227.0,3681500.0
2022_21,2022,2023-02-21,2023-02-20,400,4.6,1200.0,2.2904761904761903,-2.442857142857142,6.571428571428571,113.94642857142857,0.0,518.8571428571429,463.76190476190476,0.0,1164.7142857142858,11.620238095238095,7.700000000000001,20.542857142857144,91.86309523809526,78.85714285714286,97.0,569.4940476190476,430.0,705.7142857142857,150.0,2400000.0
2022_21,2022,2023-02-22,2023-02-21,401,4.6,1200.0,1.799404761904762,-3.099999999999999,6.414285714285714,121.31547619047619,0.0,530.1428571428571,497.4226190476191,0.0,1224.7142857142858,11.60654761904762,7.685714285714285,20.557142857142857,91.52380952380953,78.57142857142857,96.85714285714286,563.3035714285714,422.0,700.0,112.0,1904000.0
2022_21,2022,2023-02-23,2023-02-22,402,4.6,1200.0,1.6910714285714283,-3.457142857142856,6.571428571428571,131.16666666666666,0.0,543.1428571428571,539.9880952380952,0.0,1284.7142857142858,11.68154761904762,7.671428571428571,20.52857142857143,91.05952380952381,77.42857142857143,96.85714285714286,555.4702380952381,419.0,694.0,360.0,6011200.0
2022_21,2022,2023-02-24,2023-02-23,403,4.6,1200.0,1.6577380952380951,-3.5428571428571423,6.971428571428571,144.23214285714286,0.0,587.1428571428571,592.595238095238,0.0,1369.7142857142858,11.819642857142856,7.628571428571428,20.814285714285713,90.36309523809523,75.28571428571429,96.71428571428571,546.3333333333333,407.57142857142856,686.0,506.0,8071600.0
2022_21,2022,2023-02-26,2023-02-25,405,4.6,1200.0,0.7202380952380951,-4.785714285714285,6.7,189.74404761904765,0.0,740.8571428571429,772.5238095238095,0.0,1668.0,12.440476190476192,7.257142857142857,22.657142857142855,87.71428571428571,69.28571428571429,96.0,533.077380952381,389.7142857142857,682.7142857142857,182.0,3012800.0
2022_21,2022,2023-02-27,2023-02-26,406,4.6,1200.0,0.18095238095238095,-5.571428571428571,7.057142857142857,199.1904761904762,0.0,740.4285714285714,826.9464285714286,0.0,1749.5714285714287,12.660119047619046,7.142857142857143,22.77142857142857,86.89880952380952,68.42857142857143,95.57142857142857,531.7916666666666,384.42857142857144,689.1428571428571,234.0,3583600.0
2022_21,2022,2023-02-28,2023-02-27,407,4.6,1200.0,0.49940476190476185,-5.728571428571429,8.128571428571428,200.91071428571428,0.0,743.2857142857143,844.2440476190476,0.0,1775.2857142857142,12.91547619047619,7.242857142857142,22.985714285714288,86.64880952380952,67.71428571428571,95.28571428571429,534.6369047619047,386.7142857142857,693.4285714285714,354.0,5396000.0
2022_21,2022,2023-03-01,2023-02-28,408,4.6,1200.0,1.2833333333333332,-5.442857142857142,9.342857142857143,201.97619047619045,0.0,742.5714285714286,849.5119047619047,0.0,1793.7142857142858,13.171428571428573,7.385714285714286,23.185714285714283,86.72023809523809,67.85714285714286,95.57142857142857,538.2797619047618,387.42857142857144,698.8571428571429,444.0,6801000.0
2022_21,2022,2023-03-02,2023-03-01,409,4.6,1200.0,2.1220238095238098,-4.242857142857142,9.671428571428569,197.2738095238095,0.0,736.7142857142857,821.0297619047618,0.0,1801.0,13.354761904761904,7.442857142857143,23.314285714285713,87.30952380952382,68.85714285714286,96.14285714285714,540.297619047619,381.2857142857143,704.4285714285714,452.0,6856000.0
2022_21,2022,2023-03-03,2023-03-02,410,4.6,1200.0,2.055952380952381,-4.299999999999999,9.299999999999999,204.42857142857142,0.0,750.1428571428571,846.077380952381,0.0,1855.4285714285713,13.367261904761904,7.471428571428571,23.314285714285713,87.26785714285714,69.57142857142857,96.14285714285714,537.3511904761905,378.0,695.4285714285714,488.0,7044000.0
2022_21,2022,2023-03-04,2023-03-03,411,4.6,1200.0,1.9494047619047616,-4.885714285714285,9.385714285714284,209.44047619047618,0.0,759.1428571428571,869.5654761904761,0.0,1911.857142857143,13.438690476190475,7.571428571428571,23.342857142857145,87.10119047619048,69.28571428571429,96.14285714285714,537.8988095238094,378.7142857142857,697.2857142857143,184.0,2842400.0
2022_21,2022,2023-03-05,2023-03-04,412,4.6,1200.0,2.7476190476190476,-4.299999999999999,10.814285714285715,205.07738095238093,0.0,754.1428571428571,855.5833333333333,0.0,1910.857142857143,13.591666666666667,7.728571428571429,23.41428571428571,87.60714285714286,68.85714285714286,96.28571428571429,540.6785714285714,380.7142857142857,702.7142857142857,254.0,3694800.0
2022_21,2022,2023-03-06,2023-03-05,413,4.6,1200.0,3.5714285714285716,-3.5857142857142854,11.957142857142857,201.79761904761904,0.0,743.0,843.0654761904761,0.0,1887.857142857143,13.675595238095239,7.742857142857143,23.857142857142858,87.69642857142857,68.57142857142857,96.42857142857143,544.9404761904761,385.2857142857143,705.0,350.0,4563200.0
2022_21,2022,2023-03-07,2023-03-06,414,4.6,1200.0,4.205357142857143,-3.1999999999999993,12.428571428571429,201.19642857142858,0.0,740.2857142857143,839.4047619047618,0.0,1882.2857142857142,13.641071428571427,7.757142857142858,23.97142857142857,87.38095238095238,68.42857142857143,96.57142857142857,548.9345238095239,389.0,711.7142857142857,144.0,1860800.0
2022_21,2022,2023-03-08,2023-03-07,415,4.6,1200.0,5.180952380952381,-2.2428571428571424,13.657142857142857,195.36904761904762,0.0,729.5714285714286,817.1369047619047,0.0,1876.7142857142858,13.630952380952381,7.757142857142857,24.057142857142857,86.92857142857143,67.14285714285714,96.57142857142857,551.2797619047618,394.2857142857143,716.0,326.0,4687200.0
2022_21,2022,2023-03-09,2023-03-08,416,4.6,1200.0,6.070833333333333,-2.128571428571428,15.042857142857144,202.16666666666669,0.0,735.0,845.2321428571429,0.0,1854.142857142857,13.799404761904762,7.728571428571429,24.485714285714288,86.10119047619048,65.71428571428571,96.42857142857143,551.5357142857143,403.2857142857143,712.7142857142857,322.0,4631200.0
2022_21,2022,2023-03-10,2023-03-09,417,4.6,1200.0,7.480952380952381,-0.814285714285714,16.571428571428573,196.14285714285714,0.0,722.2857142857143,817.6428571428571,0.0,1814.7142857142858,14.027380952380954,8.042857142857143,24.571428571428573,86.83333333333334,67.0,97.0,555.1130952380952,412.85714285714283,718.8571428571429,448.0,6439200.0
2022_21,2022,2023-03-11,2023-03-10,418,4.6,1200.0,8.880357142857141,0.5571428571428577,18.428571428571427,193.375,0.0,715.7142857142857,803.7738095238094,0.0,1776.4285714285713,14.376785714285715,8.428571428571429,25.4,88.16666666666666,68.14285714285714,97.57142857142857,559.1964285714286,417.14285714285717,723.5714285714286,42.0,604800.0
2022_21,2022,2023-03-12,2023-03-11,419,4.6,1200.0,10.176190476190476,1.5428571428571434,19.9,194.44642857142858,0.0,719.8571428571429,810.2380952380953,0.0,1753.857142857143,14.603571428571428,8.357142857142858,25.914285714285715,89.60119047619047,70.71428571428571,98.14285714285714,563.8690476190476,421.85714285714283,735.0,238.0,3568600.0
2022_21,2022,2023-03-13,2023-03-12,420,4.6,1200.0,10.374404761904762,2.285714285714286,19.085714285714285,171.10714285714286,0.0,643.1428571428571,717.0952380952382,0.0,1752.2857142857142,14.07797619047619,8.142857142857142,23.857142857142858,91.35119047619047,74.85714285714286,98.71428571428571,566.2083333333333,427.57142857142856,733.5714285714286,164.0,2368000.0
2022_21,2022,2023-03-14,2023-03-13,421,4.6,1200.0,9.935119047619049,2.3714285714285714,17.857142857142858,174.98214285714286,0.0,653.8571428571429,724.0059523809524,0.0,1785.5714285714287,13.879761904761905,7.8999999999999995,23.5,93.36309523809526,79.14285714285714,99.28571428571429,557.4285714285714,427.0,713.7142857142857,110.0,1576000.0
2022_21,2022,2023-03-15,2023-03-14,422,4.6,1200.0,9.591666666666667,1.9571428571428577,17.32857142857143,186.59523809523807,0.0,678.5714285714286,768.1607142857143,0.0,1827.142857142857,13.763690476190476,7.742857142857142,23.314285714285713,95.45833333333333,83.57142857142857,99.71428571428571,554.9642857142857,427.7142857142857,709.5714285714286,144.0,1960000.0
2022_21,2022,2023-03-16,2023-03-15,423,4.6,1200.0,9.280357142857143,1.8285714285714292,17.285714285714285,185.55357142857142,0.0,708.7142857142857,784.25,0.0,1896.857142857143,13.641071428571431,7.7,23.214285714285715,97.30952380952382,87.0,100.0,554.4107142857143,427.57142857142856,711.7142857142857,114.0,1572000.0
2022_21,2022,2023-03-17,2023-03-16,424,4.6,1200.0,8.50952380952381,1.1428571428571435,16.54285714285714,186.0,0.0,718.5714285714286,801.8392857142857,0.0,1912.5714285714287,13.276785714285714,7.257142857142857,22.857142857142858,98.17261904761904,88.0,100.0,555.7440476190476,425.0,712.8571428571429,102.0,1396000.0
2022_21,2022,2023-03-18,2023-03-17,425,4.6,1200.0,7.827380952380953,1.1142857142857148,14.72857142857143,169.54166666666669,0.0,685.4285714285714,745.1904761904761,0.0,1908.857142857143,12.755357142857141,6.985714285714287,21.642857142857142,98.55952380952382,89.85714285714286,100.0,552.7321428571429,415.2857142857143,706.4285714285714,52.0,716000.0
2022_21,2022,2023-03-19,2023-03-18,426,4.6,1200.0,6.965476190476191,1.0000000000000004,12.985714285714284,172.84523809523807,0.0,695.4285714285714,748.202380952381,0.0,1938.0,12.373809523809525,6.885714285714286,20.842857142857145,98.4940476190476,89.42857142857143,100.0,550.375,415.7142857142857,696.5714285714286,78.0,1076000.0
2022_21,2022,2023-03-21,2023-03-20,428,4.6,1200.0,7.529166666666668,0.5000000000000007,15.185714285714287,201.7619047619048,0.0,797.7142857142857,875.5238095238095,0.0,1996.7142857142858,12.916071428571428,7.114285714285715,22.714285714285715,98.58928571428571,88.71428571428571,100.0,554.422619047619,413.42857142857144,713.2857142857143,58.0,783000.0
2022_21,2022,2023-03-22,2023-03-21,429,4.6,1200.0,8.030952380952382,1.1000000000000005,15.87142857142857,201.47619047619045,0.0,794.5714285714286,871.6130952380953,0.0,1988.7142857142858,13.230357142857143,7.185714285714286,23.485714285714288,98.60119047619048,88.0,100.0,557.2380952380953,412.0,720.4285714285714,74.0,1072400.0
2022_21,2022,2023-03-23,2023-03-22,430,4.6,1200.0,8.50654761904762,1.6000000000000008,16.557142857142857,202.6845238095238,0.0,777.2857142857143,868.4166666666667,0.0,1980.7142857142858,13.60357142857143,7.357142857142857,24.22857142857143,98.64880952380952,87.85714285714286,100.0,561.4583333333333,410.2857142857143,727.7142857142857,92.0,1343200.0
2022_21,2022,2023-03-24,2023-03-23,431,4.6,1200.0,9.333928571428572,2.5857142857142863,17.47142857142857,187.76785714285714,0.0,736.7142857142857,800.2559523809524,0.0,1963.2857142857142,14.00059523809524,7.785714285714286,24.58571428571429,98.65476190476191,88.14285714285714,100.0,568.5357142857143,413.57142857142856,734.8571428571429,206.0,2863400.0
2022_21,2022,2023-03-25,2023-03-24,432,4.6,1200.0,9.688690476190477,2.9428571428571435,18.142857142857142,202.5,0.0,773.1428571428571,853.8869047619047,0.0,1961.4285714285713,14.232738095238094,7.857142857142857,25.057142857142857,98.6190476190476,88.28571428571429,100.0,569.1011904761905,424.85714285714283,736.0,70.0,1006000.0
2022_21,2022,2023-03-26,2023-03-25,433,4.6,1200.0,9.905357142857143,3.2142857142857153,18.300000000000004,185.89880952380955,0.0,739.4285714285714,795.577380952381,0.0,1925.4285714285713,14.37202380952381,8.2,24.957142857142856,98.64880952380952,89.14285714285714,100.0,566.6011904761905,421.42857142857144,730.5714285714286,92.0,1328000.0
2022_21,2022,2023-03-27,2023-03-26,434,4.6,1200.0,10.22559523809524,3.9285714285714297,18.15714285714286,187.80952380952382,0.0,741.8571428571429,792.5059523809523,0.0,1938.2857142857142,14.411309523809523,8.1,24.800000000000004,98.60119047619047,88.28571428571429,100.0,565.8869047619048,421.42857142857144,733.7142857142857,94.0,1400400.0
2022_21,2022,2023-03-28,2023-03-27,435,4.6,1200.0,9.955952380952382,3.8714285714285714,17.62857142857143,193.11904761904765,0.0,746.5714285714286,813.8154761904761,0.0,1971.4285714285713,14.288690476190476,7.885714285714286,24.77142857142857,98.61904761904762,88.28571428571429,100.0,562.7619047619048,421.2857142857143,726.5714285714286,90.0,1308000.0
2022_21,2022,2023-03-29,2023-03-28,436,4.6,1200.0,9.272619047619047,3.4571428571428577,16.62857142857143,182.44642857142858,0.0,719.7142857142857,786.7321428571429,0.0,2004.142857142857,13.82202380952381,7.642857142857143,23.771428571428572,98.625,88.42857142857143,100.0,562.172619047619,423.2857142857143,725.0,192.0,2620000.0
2022_21,2022,2023-03-30,2023-03-29,437,4.6,1200.0,8.63452380952381,2.714285714285715,16.085714285714285,188.17261904761907,0.0,730.5714285714286,800.4285714285714,0.0,1998.5714285714287,13.456547619047617,7.3,23.357142857142858,98.61309523809523,88.57142857142857,100.0,560.6666666666667,424.0,718.8571428571429,184.0,2560000.0
2022_21,2022,2023-03-31,2023-03-30,438,4.6,1200.0,8.48511904761905,1.8571428571428577,16.685714285714287,210.83928571428572,0.0,778.4285714285714,893.4940476190477,0.0,2056.4285714285716,13.436309523809523,6.8571428571428585,23.800000000000004,98.63095238095238,88.42857142857143,100.0,557.2678571428571,422.2857142857143,727.0,314.0,4332000.0
2022_21,2022,2023-04-01,2023-03-31,439,4.6,1200.0,8.818452380952381,1.3714285714285719,17.599999999999998,223.23214285714286,0.0,797.0,942.5892857142857,0.0,2155.1428571428573,13.611904761904762,6.685714285714285,24.25714285714286,98.70238095238095,88.28571428571429,100.0,559.7142857142857,422.0,734.1428571428571,348.0,4840000.0
2022_21,2022,2023-04-02,2023-04-01,440,4.6,1200.0,9.35654761904762,0.9714285714285719,19.24285714285714,245.27976190476193,0.0,835.1428571428571,1035.720238095238,0.0,2253.8571428571427,13.977380952380953,6.5,25.542857142857144,98.76785714285714,88.0,100.0,562.4821428571429,424.0,743.8571428571429,250.0,3460000.0
2022_21,2022,2023-04-03,2023-04-02,441,4.6,1200.0,10.297619047619047,1.128571428571429,20.75714285714286,248.1845238095238,0.0,840.1428571428571,1058.607142857143,0.0,2279.285714285714,14.458928571428572,6.728571428571429,26.214285714285715,98.80952380952382,87.71428571428571,100.0,561.3988095238095,422.0,751.4285714285714,148.0,2040000.0
2022_21,2022,2023-04-04,2023-04-03,442,4.6,1200.0,11.794642857142858,2.228571428571429,22.457142857142856,247.26190476190476,0.0,840.7142857142857,1057.077380952381,0.0,2284.4285714285716,15.104166666666668,7.0857142857142845,26.88571428571429,98.82142857142857,86.57142857142857,100.0,556.4880952380952,419.42857142857144,750.4285714285714,168.0,2260000.0
2022_21,2022,2023-04-05,2023-04-04,443,4.6,1200.0,12.979166666666668,3.6000000000000005,23.32857142857143,239.55952380952382,0.0,821.5714285714286,1036.0238095238096,0.0,2277.8571428571427,15.654761904761907,7.657142857142857,27.12857142857143,98.77380952380953,85.57142857142857,100.0,555.202380952381,419.85714285714283,746.7142857142857,194.0,2682800.0
2022_21,2022,2023-04-06,2023-04-05,444,4.6,1200.0,13.695238095238096,4.92857142857143,22.800000000000004,209.82738095238093,0.0,715.7142857142857,918.547619047619,0.0,2153.1428571428573,15.838095238095239,8.5,26.02857142857143,98.83333333333334,86.42857142857143,100.0,550.6488095238095,415.2857142857143,736.8571428571429,180.0,2537600.0
2022_21,2022,2023-04-07,2023-04-06,445,4.6,1200.0,13.417857142857144,5.814285714285715,21.142857142857142,179.9404761904762,0.0,619.2857142857143,791.7142857142857,0.0,1899.0,15.476190476190476,8.928571428571429,24.814285714285713,98.82738095238096,87.42857142857143,100.0,545.0714285714286,402.85714285714283,714.5714285714286,296.0,4070400.0
2022_21,2022,2023-04-08,2023-04-07,446,4.6,1200.0,12.883928571428571,6.114285714285715,19.657142857142862,162.1369047619048,0.0,592.1428571428571,716.4285714285714,0.0,1759.4285714285713,15.195833333333331,8.971428571428572,24.071428571428573,98.70833333333334,87.71428571428571,100.0,540.5059523809524,399.14285714285717,705.7142857142857,308.0,4403200.0
2022_21,2022,2023-04-09,2023-04-08,447,4.6,1200.0,12.017857142857142,5.757142857142858,18.014285714285712,168.54166666666669,0.0,605.2857142857143,728.6666666666667,0.0,1786.142857142857,14.7125,8.742857142857144,23.0,98.72619047619048,87.85714285714286,100.0,536.5178571428571,401.7142857142857,692.1428571428571,220.0,3041200.0
2022_21,2022,2023-04-10,2023-04-09,448,4.6,1200.0,11.089285714285714,5.328571428571428,16.7,172.20833333333334,0.0,612.8571428571429,744.702380952381,0.0,1816.5714285714287,14.292857142857143,8.557142857142857,22.32857142857143,98.75595238095238,88.57142857142857,100.0,537.8035714285714,403.0,689.1428571428571,169.3,2210400.0
2022_21,2022,2023-04-11,2023-04-10,449,4.6,1200.0,10.476190476190478,4.742857142857143,16.02857142857143,174.38690476190476,0.0,616.5714285714286,753.8690476190476,0.0,1847.0,14.10595238095238,8.528571428571428,22.02857142857143,98.76785714285714,89.42857142857143,100.0,543.0654761904763,403.14285714285717,697.1428571428571,122.0,1716800.0
2022_21,2022,2023-04-12,2023-04-11,450,4.6,1200.0,10.39047619047619,4.785714285714286,16.014285714285712,175.4404761904762,0.0,663.2857142857143,750.1547619047618,0.0,1865.0,13.947023809523811,8.328571428571427,22.142857142857142,98.76785714285714,89.85714285714286,100.0,542.8035714285714,402.42857142857144,697.5714285714286,156.0,2196600.0
2022_21,2022,2023-04-13,2023-04-12,451,4.6,1200.0,9.772619047619047,3.914285714285715,15.742857142857144,213.36904761904762,0.0,776.8571428571429,894.8869047619047,0.0,2052.0,13.81845238095238,7.714285714285714,22.714285714285715,98.63690476190477,88.71428571428571,100.0,545.0833333333333,408.57142857142856,708.8571428571429,272.0,3868800.0
2022_21,2022,2023-04-14,2023-04-13,452,4.6,1200.0,10.049404761904762,2.985714285714286,17.342857142857145,247.08333333333331,0.0,878.5714285714286,1038.0059523809525,0.0,2368.4285714285716,14.249404761904762,7.314285714285715,24.028571428571432,98.63690476190477,87.28571428571429,100.0,547.9285714285714,418.7142857142857,726.8571428571429,252.5,3417200.0
2022_21,2022,2023-04-15,2023-04-14,453,4.6,1200.0,10.70952380952381,2.985714285714286,18.67142857142857,239.6369047619048,0.0,851.7142857142857,1018.1369047619048,0.0,2501.5714285714284,14.47857142857143,7.4,24.3,98.69047619047619,87.0,100.0,554.0654761904763,418.42857142857144,741.4285714285714,238.0,3337400.0
2022_21,2022,2023-04-16,2023-04-15,454,4.6,1200.0,11.52202380952381,4.1571428571428575,19.057142857142857,213.06547619047618,0.0,819.8571428571429,912.2440476190476,0.0,2281.0,14.872619047619049,8.057142857142859,24.285714285714285,98.60714285714286,87.14285714285714,100.0,557.4880952380952,410.2857142857143,762.1428571428571,73.0,946300.0
2022_21,2022,2023-04-17,2023-04-16,455,4.6,1200.0,11.907142857142857,5.200000000000001,19.12857142857143,203.60714285714283,0.0,807.4285714285714,869.0357142857143,0.0,2209.4285714285716,15.089285714285714,8.471428571428572,24.38571428571429,98.52976190476191,86.28571428571429,100.0,555.0178571428571,409.0,754.0,92.0,1267000.0
2022_21,2022,2023-04-18,2023-04-17,456,4.6,1200.0,12.164880952380953,5.585714285714287,19.3,204.01190476190476,0.0,816.7142857142857,865.9107142857143,0.0,2182.714285714286,15.289880952380953,8.671428571428573,24.47142857142857,98.48809523809526,86.42857142857143,100.0,554.3690476190476,408.42857142857144,756.1428571428571,72.0,979000.0
2022_21,2022,2023-04-19,2023-04-18,457,4.6,1200.0,12.51488095238095,6.442857142857143,19.0,189.88690476190476,0.0,715.0,802.2916666666667,0.0,2180.1428571428573,15.586309523809522,9.614285714285714,23.928571428571427,98.58333333333333,87.57142857142857,100.0,555.1904761904763,407.57142857142856,755.8571428571429,106.0,1452600.0
2022_21,2022,2023-04-20,2023-04-19,458,4.6,1200.0,13.839285714285714,7.957142857142857,20.557142857142857,183.35714285714286,0.0,706.0,774.4821428571429,0.0,2114.8571428571427,16.53690476190476,10.657142857142857,24.814285714285713,98.53571428571429,87.0,100.0,555.9642857142857,405.85714285714283,759.0,130.0,1752000.0
2022_21,2022,2023-04-21,2023-04-20,459,4.6,1200.0,14.807142857142855,9.671428571428573,21.014285714285712,181.29166666666669,0.0,728.0,763.6309523809523,0.0,2071.8571428571427,17.29047619047619,11.571428571428571,25.185714285714283,98.48809523809523,87.57142857142857,100.0,559.2321428571429,405.0,773.4285714285714,180.0,2468400.0
2022_21,2022,2023-04-23,2023-04-22,461,4.6,1200.0,16.010714285714283,11.385714285714286,22.342857142857145,229.5,0.0,813.8571428571429,958.8154761904763,0.0,2270.285714285714,18.354166666666664,12.77142857142857,26.314285714285713,98.42261904761905,85.57142857142857,100.0,560.3988095238095,414.57142857142856,782.2857142857143,117.0,1602100.0
2022_21,2022,2023-04-24,2023-04-23,462,4.6,1200.0,16.582738095238096,11.728571428571428,22.97142857142857,216.50595238095238,0.0,793.8571428571429,922.6488095238094,0.0,2315.1428571428573,18.54642857142857,13.042857142857143,26.457142857142856,98.40476190476191,85.0,100.0,568.327380952381,415.14285714285717,809.4285714285714,120.0,1670200.0
2022_21,2022,2023-04-25,2023-04-24,463,4.6,1200.0,16.77797619047619,12.842857142857143,22.542857142857144,203.74404761904762,0.0,776.4285714285714,860.1369047619048,0.0,2188.714285714286,18.55297619047619,13.62857142857143,26.085714285714285,98.33928571428571,84.28571428571429,100.0,572.4642857142857,415.85714285714283,822.0,130.0,1782200.0
2022_21,2022,2023-04-26,2023-04-25,464,4.6,1200.0,15.851190476190476,11.799999999999999,21.514285714285712,205.11904761904762,0.0,776.1428571428571,861.0297619047618,0.0,2062.285714285714,18.026785714285715,12.785714285714286,25.599999999999998,98.375,85.0,100.0,572.3154761904761,399.42857142857144,833.2857142857143,224.0,3052200.0
2022_21,2022,2023-04-27,2023-04-26,465,4.6,1200.0,14.26488095238095,10.471428571428573,19.485714285714284,206.10119047619045,0.0,800.7142857142857,870.2142857142857,0.0,2111.8571428571427,17.001785714285713,11.857142857142858,24.58571428571429,98.33333333333333,84.71428571428571,100.0,569.047619047619,400.2857142857143,822.7142857142857,94.0,1198000.0
2022_21,2022,2023-04-28,2023-04-27,466,4.6,1200.0,13.155952380952382,8.72857142857143,18.87142857142857,213.0,0.0,793.1428571428571,902.2142857142857,0.0,2175.1428571428573,16.189285714285713,10.914285714285713,23.942857142857143,98.36309523809523,84.57142857142857,100.0,566.3749999999999,403.14285714285717,808.5714285714286,115.0,1390100.0
2022_21,2022,2023-04-29,2023-04-28,467,4.6,1200.0,12.892857142857142,7.471428571428572,18.928571428571427,213.21428571428572,0.0,806.5714285714286,913.1309523809523,0.0,2230.4285714285716,15.882142857142854,9.9,24.214285714285715,98.38690476190474,85.0,100.0,568.3154761904761,400.0,811.0,132.0,1653600.0
2022_21,2022,2023-04-30,2023-04-29,468,4.6,1200.0,12.6,7.214285714285714,18.214285714285715,179.22023809523807,0.0,725.0,779.2380952380953,0.0,2197.5714285714284,15.586904761904762,9.885714285714286,23.342857142857138,98.45238095238095,86.71428571428571,100.0,567.6190476190476,395.14285714285717,814.5714285714286,122.0,1571000.0
2022_21,2022,2023-05-01,2023-04-30,469,4.6,1200.0,12.308333333333334,6.542857142857144,18.02857142857143,203.625,0.0,758.8571428571429,854.3392857142857,0.0,2236.5714285714284,15.535714285714286,9.385714285714286,23.25714285714286,98.44642857142857,87.57142857142857,100.0,557.9464285714286,394.14285714285717,792.1428571428571,80.0,1078200.0
2022_21,2022,2023-05-02,2023-05-01,470,4.6,1200.0,12.352380952380953,5.9142857142857155,18.471428571428568,221.03571428571428,0.0,775.2857142857143,935.6607142857143,0.0,2402.0,15.598809523809523,8.82857142857143,23.514285714285712,98.51785714285714,88.14285714285714,100.0,553.25,394.7142857142857,777.2857142857143,66.0,876600.0
2022_21,2022,2023-05-03,2023-05-02,471,4.6,1200.0,13.225595238095236,5.8,20.47142857142857,256.11309523809524,0.0,904.2857142857143,1084.5833333333335,0.0,2561.8571428571427,16.27202380952381,8.628571428571428,25.271428571428572,98.38690476190477,86.0,100.0,556.297619047619,409.57142857142856,778.1428571428571,81.0,1112300.0
2022_21,2022,2023-05-04,2023-05-03,472,4.6,1200.0,14.668452380952383,6.7285714285714295,22.2,248.08333333333331,0.0,892.8571428571429,1079.0714285714287,0.0,2577.5714285714284,16.995833333333334,9.1,26.11428571428571,98.48809523809526,85.71428571428571,100.0,563.6904761904763,408.42857142857144,801.8571428571429,95.0,1285500.0
2022_21,2022,2023-05-05,2023-05-04,473,4.6,1200.0,16.066666666666666,8.942857142857145,22.657142857142855,237.88690476190476,0.0,872.4285714285714,1037.279761904762,0.0,2476.714285714286,17.741666666666667,10.37142857142857,26.157142857142862,98.375,84.71428571428571,100.0,566.2380952380953,408.0,815.5714285714286,95.0,1285500.0
2022_21,2022,2023-05-06,2023-05-05,474,4.6,1200.0,16.843452380952378,10.971428571428573,22.37142857142857,205.44047619047618,0.0,755.1428571428571,904.5416666666667,0.0,2376.0,18.179166666666667,11.771428571428572,25.428571428571427,98.5059523809524,85.57142857142857,100.0,557.0714285714286,395.2857142857143,802.0,124.0,1692600.0
2022_42,2022,2022-11-18,2022-11-17,307,7.5,9600.0,11.049999999999999,4.185714285714285,18.814285714285717,110.98214285714286,0.0,502.85714285714283,756.1428571428571,6.714285714285714,1095.2857142857142,16.34047619047619,8.971428571428572,27.942857142857143,87.0529761904762,52.95714285714286,99.92857142857143,442.8695652173913,225.71428571428572,670.8571428571429,19.7,373420.0
2022_42,2022,2022-11-20,2022-11-19,309,7.5,9600.0,9.730357142857143,2.7571428571428567,18.12857142857143,119.75,0.0,534.7142857142857,786.8214285714286,5.714285714285714,1122.2857142857142,15.552976190476189,7.685714285714285,28.28571428571428,86.45714285714287,50.92857142857143,99.92857142857143,423.8278985507246,212.57142857142858,624.1428571428571,64.5,1252590.0
2022_42,2022,2022-11-22,2022-11-21,311,7.5,9600.0,8.835119047619049,2.3285714285714283,18.2,113.05952380952382,0.0,497.57142857142856,758.3035714285714,5.857142857142857,1091.2857142857142,15.133333333333335,7.871428571428571,28.328571428571426,86.8125,53.442857142857136,99.88571428571429,429.3548136645963,215.71428571428572,632.5714285714286,45.1,922150.0
2022_42,2022,2022-11-23,2022-11-22,312,7.5,9600.0,9.42797619047619,3.4571428571428577,17.857142857142858,99.51785714285714,0.0,446.57142857142856,715.7738095238095,5.428571428571429,1031.5714285714287,15.224999999999998,8.6,27.199999999999996,88.38392857142857,58.800000000000004,99.88571428571429,440.31547619047615,216.28571428571428,651.1428571428571,17.1,347870.0
2022_42,2022,2022-11-24,2022-11-23,313,7.5,9600.0,10.117261904761904,4.114285714285714,18.242857142857144,98.66071428571429,0.0,442.7142857142857,665.1904761904763,4.571428571428571,1007.1428571428571,15.492261904761904,9.185714285714285,26.814285714285713,88.59107142857144,59.128571428571426,99.88571428571429,444.3869047619047,220.28571428571428,662.0,225.10000000000002,4130000.0
2022_42,2022,2022-11-26,2022-11-25,315,7.5,9600.0,10.161309523809523,4.014285714285714,18.071428571428573,92.89880952380953,0.0,438.0,619.952380952381,4.0,961.2857142857143,15.44702380952381,9.185714285714285,26.157142857142855,89.48392857142858,60.114285714285714,99.88571428571429,452.375,223.28571428571428,687.5714285714286,30.0,30000.0
2022_42,2022,2022-11-27,2022-11-26,316,7.5,9600.0,10.11011904761905,3.971428571428571,18.17142857142857,92.29166666666666,0.0,418.85714285714283,615.5654761904761,4.0,937.2857142857143,15.36845238095238,9.257142857142856,26.328571428571426,89.10000000000001,58.31428571428571,99.88571428571429,450.0297619047619,222.57142857142858,688.5714285714286,87.60000000000001,1630420.0
2022_42,2022,2022-11-28,2022-11-27,317,7.5,9600.0,9.383333333333335,2.814285714285714,18.014285714285716,102.20833333333333,0.0,464.85714285714283,656.7678571428571,3.7142857142857144,948.7142857142857,14.973809523809523,8.0,27.085714285714285,88.36904761904762,55.614285714285714,100.0,435.38419913419915,217.85714285714286,660.2857142857143,188.7,3463740.0
2022_42,2022,2022-11-29,2022-11-28,318,7.5,9600.0,9.58095238095238,3.0714285714285716,18.085714285714285,93.46428571428571,0.0,427.57142857142856,646.8630952380953,3.142857142857143,975.8571428571429,14.673809523809522,7.585714285714286,26.314285714285713,89.33988095238094,59.11428571428571,100.0,432.2175324675324,218.28571428571428,655.2857142857143,133.0,2650390.0
2022_42,2022,2022-11-30,2022-11-29,319,7.5,9600.0,10.19404761904762,3.3000000000000003,18.542857142857144,92.5952380952381,0.0,426.85714285714283,616.2261904761905,3.7142857142857144,901.4285714285714,14.861904761904762,7.828571428571428,26.799999999999994,89.42023809523809,58.48571428571428,100.0,421.30655938264636,215.0,662.8571428571429,274.8,5368070.0
2022_42,2022,2022-12-01,2022-11-30,320,7.5,9600.0,8.838690476190477,2.457142857142857,16.97142857142857,86.66666666666666,0.0,420.0,601.3511904761906,4.0,869.1428571428571,14.44404761904762,7.3,26.599999999999998,90.22440476190476,60.25714285714286,100.0,418.05866022298244,210.14285714285714,647.8571428571429,215.60000000000002,3320040.0
2022_42,2022,2022-12-02,2022-12-01,321,7.5,9600.0,7.827380952380952,1.9142857142857144,15.214285714285714,84.84523809523809,0.0,418.57142857142856,590.7738095238095,3.857142857142857,847.0,14.394642857142857,7.685714285714285,26.214285714285715,90.52261904761905,60.471428571428575,99.95714285714287,412.80667609599834,208.57142857142858,636.0,199.0,2828910.0
2022_42,2022,2022-12-03,2022-12-02,322,7.5,9600.0,6.71547619047619,1.5142857142857142,13.428571428571429,85.48214285714286,0.0,413.14285714285717,595.5,3.5714285714285716,861.4285714285714,14.629166666666665,8.342857142857143,26.02857142857143,90.54880952380952,61.0,99.95714285714287,415.18736967777886,208.57142857142858,643.5714285714286,272.6,4144550.0
2022_42,2022,2022-12-04,2022-12-03,323,7.5,9600.0,5.732738095238096,0.8142857142857142,11.971428571428572,78.44047619047619,0.0,396.85714285714283,568.5535714285714,3.5714285714285716,870.2857142857143,14.653571428571428,8.828571428571427,24.985714285714284,91.98571428571428,65.37142857142858,99.95714285714287,425.7849887253979,209.0,663.7142857142857,25.0,25000.0
2022_42,2022,2022-12-05,2022-12-04,324,7.5,9600.0,5.529761904761905,1.4285714285714286,10.785714285714286,73.85714285714286,0.0,369.0,530.1011904761905,3.5714285714285716,829.0,15.112499999999999,9.971428571428572,24.61428571428571,92.6529761904762,67.39999999999999,99.95714285714287,433.02459911500836,207.57142857142858,683.0,264.3,3872720.0
2022_42,2022,2022-12-06,2022-12-05,325,7.5,9600.0,4.261904761904762,0.21428571428571422,9.171428571428573,81.85119047619047,0.0,405.57142857142856,551.1964285714286,3.7142857142857144,796.1428571428571,15.178571428571429,10.299999999999999,25.02857142857143,91.82321428571429,63.68571428571429,99.95714285714287,441.21632843831657,208.85714285714286,696.1428571428571,355.40000000000003,5070940.0
2022_42,2022,2022-12-07,2022-12-06,326,7.5,9600.0,2.1095238095238096,-2.057142857142857,7.8999999999999995,93.41071428571429,0.0,447.42857142857144,623.4464285714286,3.2857142857142856,901.0,14.695238095238096,9.5,25.099999999999998,90.50238095238095,59.57142857142857,99.95714285714287,443.27696138714833,212.71428571428572,682.4285714285714,233.9,3402180.0
2022_42,2022,2022-12-08,2022-12-07,327,7.5,9600.0,1.9809523809523808,-2.5142857142857147,8.4,97.02380952380952,0.0,446.0,666.1904761904763,2.857142857142857,928.4285714285714,14.733928571428573,9.514285714285714,25.400000000000002,90.08214285714287,58.55714285714286,99.95714285714287,443.7261592481109,213.71428571428572,697.2857142857143,147.0,2101830.0
2022_42,2022,2022-12-09,2022-12-08,328,7.5,9600.0,2.357142857142857,-2.8285714285714287,9.528571428571428,97.45238095238095,0.0,450.14285714285717,676.7202380952382,2.5714285714285716,940.7142857142857,14.814285714285713,9.357142857142858,25.82857142857143,89.85476190476189,59.01428571428571,100.0,446.055524327476,217.0,701.2857142857143,235.4,3532900.0
2022_42,2022,2022-12-10,2022-12-09,329,7.5,9600.0,2.9357142857142855,-2.5,10.585714285714285,92.69642857142857,0.0,438.14285714285717,660.9047619047618,2.4285714285714284,916.8571428571429,14.903571428571428,9.657142857142857,25.785714285714285,90.25059523809523,58.971428571428575,100.0,446.246259317124,216.57142857142858,700.0,205.0,2901300.0
2022_42,2022,2022-12-11,2022-12-10,330,7.5,9600.0,3.0928571428571425,-2.442857142857143,10.514285714285716,89.51785714285714,0.0,424.85714285714283,642.1785714285714,2.142857142857143,879.1428571428571,14.863095238095237,9.62857142857143,25.614285714285717,90.22857142857143,58.32857142857142,100.0,434.02661645998114,215.14285714285714,668.5714285714286,317.1,4671460.0
2022_42,2022,2022-12-12,2022-12-11,331,7.5,9600.0,2.938095238095238,-3.1,11.0,93.91071428571429,0.0,448.57142857142856,650.6309523809524,2.0,912.8571428571429,14.735714285714286,9.285714285714286,25.828571428571426,89.71011904761905,56.61428571428571,100.0,421.5278069361716,215.28571428571428,648.0,178.79999999999998,2519690.0
2022_42,2022,2022-12-13,2022-12-12,332,7.5,9600.0,2.9630952380952382,-2.9857142857142853,11.285714285714286,87.86904761904762,0.0,428.42857142857144,641.8452380952382,1.7142857142857142,946.5714285714286,14.588690476190477,9.314285714285715,25.74285714285714,90.29404761904762,58.68571428571429,100.0,417.77893475572046,214.14285714285714,629.8571428571429,268.5,4006960.0
2022_42,2022,2022-12-14,2022-12-13,333,7.5,9600.0,3.4285714285714284,-2.4857142857142853,11.242857142857144,84.95833333333333,0.0,420.0,608.6607142857143,1.5714285714285714,909.1428571428571,14.697023809523811,9.528571428571428,25.814285714285713,90.95833333333334,60.957142857142856,100.0,406.5440618591934,211.42857142857142,607.5714285714286,229.4,3257260.0
2023_10,2023,2024-02-10,2024-02-09,165,29.2857,1400,0.2708333333333333,-4.866666666666666,6.633333333333333,146.56944444444446,0.0,643.0,295.9972222222222,0.0,1266.3,14.138888888888888,9.1,28.633333333333336,79.54027777777777,46.93333333333334,89.39999999999999,260.15939153439155,206.33333333333334,430.6666666666667,6.0,60324.0
2023_10,2023,2024-02-11,2024-02-10,166,29.2857,1400,0.16041666666666665,-5.1,6.875,135.15625,0.0,616.0,282.4083333333333,0.0,1167.675,14.245833333333334,9.2,28.2,80.01145833333334,49.55,89.2,277.1195436507937,205.5,503.75,50.0,693060.5
2023_10,2023,2024-02-12,2024-02-11,167,29.2857,1400,-0.010000000000000054,-5.36,7.0,129.38333333333335,0.0,598.0,269.7416666666667,0.0,1117.84,14.099166666666667,9.22,27.04,80.79083333333332,53.4,89.42,303.35277777777776,210.6,620.2,70.0,731252.5
2023_10,2023,2024-02-14,2024-02-13,169,29.2857,1400,1.138095238095238,-5.028571428571429,9.057142857142857,139.35714285714286,0.0,615.5714285714286,292.76785714285717,0.0,1203.9142857142856,14.281547619047618,9.285714285714286,26.75714285714286,80.24642857142858,51.628571428571426,90.47142857142856,304.87103174603175,216.0,667.1428571428571,71.5,801176.0
2023_10,2023,2024-02-15,2024-02-14,170,29.2857,1400,2.6803571428571433,-3.4428571428571426,10.828571428571427,131.26785714285714,0.0,574.5714285714286,280.3291666666667,0.0,1134.1142857142856,14.64702380952381,9.700000000000001,26.071428571428573,81.34166666666667,55.48571428571428,91.15714285714286,322.2154195011338,216.71428571428572,703.2857142857143,112.0,1157127.0
2023_10,2023,2024-02-17,2024-02-16,172,29.2857,1400,3.8851190476190474,-2.7142857142857144,11.842857142857142,116.91666666666666,0.0,526.4285714285714,247.54583333333335,0.0,1010.2428571428572,14.50297619047619,9.72857142857143,24.771428571428572,82.95892857142857,60.357142857142854,92.34285714285714,350.82261904761907,230.0,800.1428571428571,74.5,830597.0
2023_10,2023,2024-02-18,2024-02-17,173,29.2857,1400,4.321428571428571,-2.5428571428571423,12.728571428571428,126.60714285714286,0.0,543.5714285714286,263.7041666666667,0.0,1094.0,14.475595238095238,9.714285714285714,24.67142857142857,82.31488095238095,59.271428571428565,92.20000000000002,349.5808608058609,234.28571428571428,833.7142857142857,86.0,852916.0
2023_10,2023,2024-02-20,2024-02-19,175,29.2857,1400,6.275595238095238,-0.5999999999999999,13.328571428571427,94.27380952380953,0.0,415.0,197.3375,0.0,814.5,14.160119047619048,10.028571428571428,22.728571428571428,85.46666666666667,68.37142857142858,93.9,372.1471873364731,258.42857142857144,822.5714285714286,82.0,823268.0
2023_10,2023,2024-02-21,2024-02-20,176,29.2857,1400,6.1815476190476195,0.3571428571428572,12.114285714285716,72.95833333333333,0.0,326.85714285714283,152.46071428571426,0.0,630.3571428571429,13.742857142857144,10.171428571428573,20.91428571428571,87.3125,74.0142857142857,93.57142857142857,371.34956828885396,260.7142857142857,704.8571428571429,42.5,380000.0
2023_10,2023,2024-02-23,2024-02-22,178,29.2857,1400,4.820833333333333,0.3714285714285715,9.414285714285715,65.05357142857142,0.0,269.7142857142857,140.15952380952382,0.0,561.9428571428572,12.911309523809523,9.885714285714286,19.12857142857143,87.58214285714287,76.57142857142857,93.07142857142857,358.8784798534798,250.28571428571428,730.0,34.0,343787.0
2023_10,2023,2024-02-25,2024-02-24,180,29.2857,1400,5.424999999999999,2.157142857142857,8.914285714285715,44.84523809523809,0.0,239.57142857142858,100.7779761904762,0.0,387.38571428571424,13.111309523809524,10.314285714285715,19.74285714285714,89.76309523809525,80.25714285714287,94.01428571428572,365.1010651629073,246.57142857142858,587.0,77.5,682511.0
2023_10,2023,2024-02-26,2024-02-25,181,29.2857,1400,5.257738095238095,2.585714285714286,8.22857142857143,48.42857142857143,0.0,260.7142857142857,107.85297619047618,0.0,418.42857142857144,13.39404761904762,10.571428571428571,20.457142857142856,89.84107142857144,79.7,93.94285714285715,354.819013880856,232.85714285714286,534.2857142857143,85.0,844169.5
2023_10,2023,2024-02-28,2024-02-27,183,29.2857,1400,4.236309523809524,1.1571428571428573,8.585714285714285,83.45238095238095,0.0,390.85714285714283,182.27916666666667,0.0,721.1857142857143,14.122619047619049,10.200000000000001,24.314285714285717,85.9154761904762,68.14285714285714,93.44285714285716,375.2676354347407,209.0,656.4285714285714,57.5,508663.5
2023_10,2023,2024-03-08,2024-03-07,192,29.2857,1400,6.697222222222223,1.3,10.466666666666667,119.16666666666667,0.0,513.6666666666666,261.95,0.0,1029.3666666666666,14.6,10.733333333333334,23.133333333333336,83.85416666666667,64.13333333333334,93.3,354.0292929292929,209.66666666666666,581.3333333333334,60.5,422014.0
2023_10,2023,2024-03-09,2024-03-08,193,29.2857,1400,5.5375000000000005,0.050000000000000044,10.3,143.625,0.0,575.75,314.69375,0.0,1240.725,14.5375,10.55,22.825,80.84791666666666,57.25,91.75,347.29469696969693,207.25,718.25,25.0,234508.5
2023_10,2023,2024-03-11,2024-03-10,195,29.2857,1400,4.175694444444445,-2.1333333333333333,10.716666666666667,166.47222222222223,0.0,630.1666666666666,365.46736111111113,0.0,1438.1833333333334,14.751388888888888,10.266666666666667,24.349999999999998,77.07013888888889,50.21666666666667,89.43333333333334,314.29924242424244,209.33333333333334,577.8333333333334,84.5,519944.0
2023_10,2023,2024-03-12,2024-03-11,196,29.2857,1400,4.226190476190476,-2.357142857142857,10.971428571428572,158.16071428571428,0.0,603.2857142857143,349.4952380952381,0.0,1366.457142857143,14.767857142857142,10.242857142857144,24.099999999999998,77.58154761904761,50.57142857142857,89.67142857142858,316.2386363636364,209.14285714285714,604.2857142857143,32.0,259876.0
2023_10,2023,2024-03-14,2024-03-13,198,29.2857,1400,3.2535714285714286,-3.9,11.157142857142858,175.01785714285714,0.0,707.5714285714286,382.27023809523814,0.0,1512.1571428571426,14.935714285714287,9.814285714285715,25.671428571428574,75.71249999999999,45.885714285714286,88.39999999999999,348.77237345987345,210.14285714285714,699.5714285714286,79.5,528842.0
2023_10,2023,2024-03-15,2024-03-14,199,29.2857,1400,3.280952380952381,-4.0285714285714285,12.085714285714285,181.24404761904762,0.0,716.7142857142857,397.4404761904762,0.0,1565.8857142857141,14.936309523809525,9.585714285714285,25.62857142857143,74.63214285714285,43.92857142857144,87.82857142857142,337.7244142762,213.71428571428572,679.1428571428571,45.0,332748.0
2023_10,2023,2024-03-17,2024-03-16,201,29.2857,1400,4.998809523809524,-3.1857142857142855,14.799999999999999,177.68452380952382,0.0,717.4285714285714,394.71547619047624,0.0,1535.1285714285714,15.263095238095238,9.385714285714286,26.02857142857143,73.94047619047618,41.67142857142858,88.71428571428571,351.92835403392127,223.0,805.0,139.0,1000266.0
2023_10,2023,2024-03-18,2024-03-17,202,29.2857,1400,6.11547619047619,-1.6999999999999997,15.085714285714287,173.0654761904762,0.0,714.0,383.02738095238095,0.0,1495.3142857142855,15.364880952380952,9.642857142857142,25.58571428571429,74.95833333333334,41.67142857142857,89.68571428571428,365.01168736725464,223.42857142857142,831.1428571428571,38.5,332231.5
2023_10,2023,2024-03-20,2024-03-19,204,29.2857,1400,6.698214285714286,-0.9428571428571428,15.771428571428572,196.68452380952382,0.0,725.2857142857143,433.1380952380952,0.0,1699.4428571428573,15.579761904761906,9.742857142857144,26.428571428571434,72.35714285714286,35.92857142857143,89.21428571428571,314.8400437097916,224.42857142857142,674.2857142857143,117.0,849809.0
2023_10,2023,2024-03-21,2024-03-20,205,29.2857,1400,6.741071428571429,-0.8285714285714284,15.585714285714285,195.2202380952381,0.0,745.8571428571429,427.04523809523806,0.0,1686.7714285714285,15.51845238095238,9.842857142857143,25.87142857142857,72.0220238095238,35.285714285714285,89.41428571428571,316.7473239295718,226.71428571428572,645.7142857142857,74.0,564559.0
2023_10,2023,2024-03-23,2024-03-22,207,29.2857,1400,6.815476190476191,-0.8571428571428571,14.928571428571429,182.20833333333331,0.0,747.8571428571429,403.0583333333334,0.0,1574.4142857142856,15.370833333333334,9.828571428571427,25.042857142857144,72.7279761904762,36.9,90.35714285714286,337.0754657126008,223.42857142857142,787.5714285714286,132.0,1067695.5
2023_10,2023,2024-03-24,2024-03-23,208,29.2857,1400,7.703571428571428,0.7857142857142857,15.385714285714286,184.625,0.0,751.4285714285714,403.1220238095238,0.0,1595.3285714285714,15.619642857142859,10.171428571428573,24.942857142857147,73.59761904761906,37.18571428571429,90.9,335.67945730923947,223.28571428571428,670.0,132.0,1148493.5
2023_10,2023,2024-03-26,2024-03-25,210,29.2857,1400,9.130952380952381,3.2857142857142856,15.842857142857142,149.31547619047618,0.0,639.0,329.4065476190476,0.0,1290.1714285714284,15.36547619047619,10.557142857142859,23.528571428571432,75.91666666666667,42.442857142857136,91.84285714285714,338.6053750447547,222.14285714285714,679.5714285714286,144.5,1078171.0
2023_10,2023,2024-03-27,2024-03-26,211,29.2857,1400,9.291666666666668,3.242857142857143,16.057142857142857,154.11904761904765,0.0,693.8571428571429,338.2827380952381,0.0,1331.5571428571427,15.237499999999999,10.528571428571427,22.557142857142853,75.81011904761905,42.971428571428575,92.0142857142857,329.1028240243466,221.14285714285714,666.1428571428571,94.0,782932.5
2023_10,2023,2024-03-28,2024-03-27,212,29.2857,1400,9.94702380952381,3.8000000000000003,16.785714285714285,150.27380952380955,0.0,670.8571428571429,335.572619047619,0.0,1298.3428571428572,15.229761904761903,10.571428571428571,22.685714285714287,76.96845238095239,45.271428571428565,92.54285714285713,352.4085213032581,223.85714285714286,778.2857142857143,32.5,110180.0
2023_10,2023,2024-03-29,2024-03-28,213,29.2857,1400,10.963690476190475,5.7714285714285705,16.67142857142857,121.94047619047619,0.0,574.1428571428571,273.1154761904762,0.0,1053.6142857142856,15.223809523809523,10.971428571428572,21.985714285714288,80.3404761904762,52.09999999999999,93.68571428571428,362.6398138202649,229.0,700.5714285714286,136.0,712032.0
2023_10,2023,2024-03-30,2024-03-29,214,29.2857,1400,11.016666666666666,6.557142857142857,16.12857142857143,117.5,0.0,554.5714285714286,268.75892857142856,0.0,1015.2285714285715,15.111904761904759,11.128571428571428,21.32857142857143,82.11190476190477,55.542857142857144,93.92857142857143,349.00823487289654,226.0,580.4285714285714,102.5,483697.5
2023_10,2023,2024-03-31,2024-03-30,215,29.2857,1400,10.098809523809523,5.3,15.142857142857142,108.33928571428571,0.0,543.8571428571429,254.7125,0.0,936.0285714285716,14.758333333333335,10.828571428571427,20.885714285714283,82.87976190476192,57.92857142857143,93.72857142857141,371.13918725384895,222.57142857142858,652.2857142857143,33.5,118933.0
2023_10,2023,2024-04-01,2024-03-31,216,29.2857,1400,9.342261904761907,3.8142857142857136,15.228571428571428,124.89880952380952,0.0,592.5714285714286,293.13154761904764,0.0,1079.0285714285715,14.620238095238095,10.285714285714286,21.3,82.14047619047619,56.08571428571428,93.34285714285714,386.2891872538489,220.42857142857142,779.4285714285714,88.5,431288.5
2023_10,2023,2024-04-02,2024-04-01,217,29.2857,1400,9.250595238095238,2.6999999999999997,16.257142857142856,153.32142857142858,0.0,670.4285714285714,353.96309523809526,0.0,1324.6285714285714,14.988095238095237,9.985714285714286,22.642857142857142,79.42321428571428,51.31428571428571,92.85714285714286,413.7309165771572,223.0,901.1428571428571,113.0,637181.0
2023_10,2023,2024-04-03,2024-04-02,218,29.2857,1400,9.982738095238094,2.514285714285714,17.6,156.64880952380955,0.0,644.5714285714286,368.84404761904767,0.0,1353.4142857142856,15.414285714285715,9.814285714285715,23.099999999999998,78.20714285714287,48.67142857142857,93.28571428571429,423.89163086287147,225.57142857142858,931.2857142857143,65.5,252625.5
2023_10,2023,2024-04-04,2024-04-03,219,29.2857,1400,10.74642857142857,4.142857142857143,17.442857142857143,137.03571428571428,0.0,560.8571428571429,326.0482142857143,0.0,1184.0285714285712,15.848809523809525,10.457142857142857,22.928571428571427,80.28095238095239,54.42857142857143,93.57142857142857,409.8334985190249,220.71428571428572,820.8571428571429,164.0,1062431.5
2023_10,2023,2024-04-05,2024-04-04,220,29.2857,1400,11.375,4.6,18.61428571428571,142.41666666666669,0.0,611.4285714285714,341.75416666666666,0.0,1230.4428571428573,16.1375,10.671428571428573,23.242857142857144,79.9077380952381,52.3,93.65714285714286,394.1608794714058,213.28571428571428,801.2857142857143,243.5,1282064.5
2023_10,2023,2024-04-06,2024-04-05,221,29.2857,1400,11.950595238095238,5.228571428571429,19.414285714285715,154.64880952380955,0.0,638.7142857142857,365.5214285714286,0.0,1336.142857142857,16.399404761904762,10.842857142857143,23.7,78.6154761904762,50.957142857142856,93.61428571428571,391.93625541125544,217.85714285714286,801.4285714285714,66.5,260903.5
2023_10,2023,2024-04-07,2024-04-06,222,29.2857,1400,12.379761904761905,5.942857142857143,19.8,154.99404761904762,0.0,622.1428571428571,365.98630952380955,0.0,1339.2142857142858,16.360119047619047,10.857142857142858,23.657142857142855,78.13988095238095,50.6,93.28571428571429,373.7933982683982,218.14285714285714,775.2857142857143,217.5,1337098.5
2023_10,2023,2024-04-08,2024-04-07,223,29.2857,1400,13.030357142857142,6.671428571428571,20.5,157.58333333333334,0.0,624.1428571428571,369.7297619047619,0.0,1361.6714285714286,16.48690476190476,10.814285714285715,23.771428571428572,77.85238095238094,51.371428571428574,93.39999999999999,380.1969696969697,223.0,754.7142857142857,268.5,1593528.0
2023_10,2023,2024-04-09,2024-04-08,224,29.2857,1400,13.754761904761905,7.385714285714286,20.914285714285715,146.14880952380952,0.0,614.5714285714286,351.48273809523806,0.0,1262.9142857142856,16.52916666666667,10.700000000000001,23.5,77.84880952380952,51.65714285714285,93.84285714285714,355.1791125541126,224.28571428571428,640.2857142857143,165.5,602621.0
2023_10,2023,2024-04-10,2024-04-09,225,29.2857,1400,13.945238095238096,7.857142857142857,20.942857142857143,150.65476190476193,0.0,620.8571428571429,373.1559523809524,0.0,1301.8285714285714,16.48988095238095,10.6,23.271428571428572,77.82380952380952,52.24285714285714,93.8,354.1910173160173,225.85714285714286,633.8571428571429,194.0,997536.0
2023_10,2023,2024-04-11,2024-04-10,226,29.2857,1400,13.940476190476192,7.171428571428572,21.699999999999996,172.27380952380955,0.0,694.0,428.67202380952375,0.0,1488.5571428571427,16.35297619047619,10.071428571428571,23.45714285714286,75.33333333333333,45.857142857142854,93.60000000000001,347.6904761904762,230.28571428571428,626.4285714285714,247.5,1202641.5
2023_10,2023,2024-04-12,2024-04-11,227,29.2857,1400,14.1625,7.057142857142857,22.228571428571428,191.875,0.0,731.2857142857143,476.8380952380952,0.0,1657.857142857143,16.469642857142855,9.87142857142857,24.099999999999998,73.40595238095239,41.25714285714286,93.34285714285714,357.76190476190476,233.0,648.5714285714286,214.5,877382.5
2023_10,2023,2024-04-13,2024-04-12,228,29.2857,1400,14.675595238095239,6.828571428571428,23.257142857142856,202.89285714285714,0.0,731.5714285714286,511.3178571428571,0.0,1753.0571428571427,16.803571428571427,9.799999999999999,24.714285714285715,72.35297619047618,39.771428571428565,92.87142857142858,361.2202380952381,232.85714285714286,656.5714285714286,198.5,1108957.5
2023_10,2023,2024-04-14,2024-04-13,229,29.2857,1400,15.613690476190476,7.114285714285714,24.657142857142862,219.85714285714286,0.0,770.0,557.8327380952381,0.0,1899.642857142857,17.466666666666665,9.914285714285715,25.9,71.01904761904761,38.371428571428574,92.85714285714286,350.077380952381,234.85714285714286,595.2857142857143,175.5,849792.0
2023_10,2023,2024-04-15,2024-04-14,230,29.2857,1400,16.117261904761907,7.642857142857143,25.02857142857143,217.94642857142858,0.0,764.4285714285714,567.6339285714286,0.0,1883.0571428571427,17.78690476190476,10.028571428571428,26.17142857142857,71.30833333333332,39.042857142857144,92.78571428571429,321.85714285714283,233.42857142857142,465.57142857142856,183.0,778752.5
2023_10,2023,2024-04-16,2024-04-15,231,29.2857,1400,16.10892857142857,8.67142857142857,24.071428571428573,200.125,0.0,679.1428571428571,519.7583333333333,0.0,1729.0714285714282,17.892261904761902,10.857142857142858,25.785714285714285,74.28154761904761,46.228571428571435,92.82857142857142,312.22023809523813,230.28571428571428,442.14285714285717,137.0,653649.0
2023_10,2023,2024-04-17,2024-04-16,232,29.2857,1400,15.935714285714285,9.242857142857142,23.342857142857145,195.59523809523807,0.0,690.5714285714286,496.81964285714287,0.0,1689.8428571428574,17.78452380952381,11.271428571428572,25.428571428571427,75.78511904761903,48.15714285714285,92.71428571428571,300.85714285714283,229.71428571428572,414.2857142857143,126.0,501640.5
2023_10,2023,2024-04-18,2024-04-17,233,29.2857,1400,16.186309523809523,9.414285714285715,23.97142857142857,203.83333333333331,0.0,718.0,518.1630952380953,0.0,1761.0857142857144,17.9625,11.4,25.699999999999996,75.48571428571428,48.128571428571426,92.68571428571428,298.48214285714283,230.28571428571428,408.0,152.0,710023.0
2023_10,2023,2024-04-19,2024-04-18,234,29.2857,1400,16.22142857142857,8.785714285714286,24.45714285714286,210.9702380952381,0.0,730.8571428571429,539.9029761904762,0.0,1822.9285714285713,18.01309523809524,10.942857142857145,25.97142857142857,74.45654761904761,47.800000000000004,91.92857142857143,296.13690476190476,232.42857142857142,401.85714285714283,140.0,641652.5
2023_10,2023,2024-04-20,2024-04-19,235,29.2857,1400,16.067857142857143,8.571428571428571,24.32857142857143,210.02976190476193,0.0,734.8571428571429,540.6892857142857,0.0,1814.7571428571428,17.866071428571427,10.714285714285714,25.914285714285715,74.12321428571428,47.75714285714286,91.44285714285715,288.8392857142857,232.57142857142858,380.7142857142857,226.0,873173.5
2023_10,2023,2024-04-21,2024-04-20,236,29.2857,1400,15.483333333333333,9.228571428571428,22.442857142857147,177.70833333333331,0.0,634.4285714285714,455.1922619047619,0.0,1535.5285714285715,17.446428571428573,11.099999999999998,24.642857142857142,77.30178571428571,54.65714285714286,91.87142857142858,286.47294372294374,228.71428571428572,375.2857142857143,143.5,538994.0
2023_10,2023,2024-04-22,2024-04-21,237,29.2857,1400,15.35297619047619,10.185714285714285,21.214285714285715,153.1547619047619,0.0,557.0,390.2630952380952,0.0,1323.4,17.229166666666668,11.942857142857141,23.342857142857145,80.17857142857143,60.5,92.47142857142858,287.9967532467532,228.57142857142858,389.85714285714283,159.0,562980.0
2023_10,2023,2024-04-23,2024-04-22,238,29.2857,1400,15.867261904761904,10.657142857142857,22.099999999999998,169.76785714285714,0.0,666.5714285714286,436.09761904761905,0.0,1466.9428571428573,17.45952380952381,12.057142857142859,24.042857142857144,78.72321428571429,56.6857142857143,92.67142857142856,289.1515151515151,228.14285714285714,401.42857142857144,106.5,426973.0
2023_10,2023,2024-04-24,2024-04-23,239,29.2857,1400,16.3625,11.071428571428571,22.971428571428568,166.88095238095238,0.0,653.2857142857143,442.26964285714286,0.0,1442.1285714285714,17.686904761904763,12.057142857142859,24.314285714285713,78.23869047619048,56.18571428571429,92.84285714285714,293.41341991341994,226.85714285714286,408.7142857142857,195.5,779026.5
2023_10,2023,2024-04-25,2024-04-24,240,29.2857,1400,16.07797619047619,11.12857142857143,21.82857142857143,157.01190476190476,0.0,678.1428571428571,418.47738095238094,0.0,1356.7428571428572,17.527380952380952,12.114285714285714,23.900000000000002,80.06369047619047,59.142857142857146,93.08571428571429,292.11580086580085,221.28571428571428,420.7142857142857,183.0,603589.5
2023_10,2023,2024-04-26,2024-04-25,241,29.2857,1400,16.004761904761903,11.457142857142857,21.61428571428571,156.73214285714286,0.0,685.1428571428571,412.16964285714283,0.0,1354.1571428571426,17.507738095238096,12.4,23.8,81.375,61.300000000000004,93.87142857142858,289.21699134199133,219.71428571428572,417.14285714285717,175.5,591798.5
2023_10,2023,2024-04-27,2024-04-26,242,29.2857,1400,16.067857142857143,11.757142857142856,21.8,155.3452380952381,0.0,687.0,404.6708333333333,0.0,1342.1285714285714,17.56011904761905,12.528571428571428,23.785714285714285,81.92202380952381,60.15714285714286,94.28571428571429,287.6098484848485,218.57142857142858,411.14285714285717,111.0,334110.0
2023_10,2023,2024-04-28,2024-04-27,243,29.2857,1400,16.60833333333333,11.071428571428571,23.642857142857142,191.05357142857142,0.0,793.0,499.4720238095238,0.0,1650.5,17.88809523809524,12.042857142857143,24.928571428571427,79.05119047619048,53.57142857142857,94.07142857142857,287.6011904761905,222.71428571428572,407.57142857142856,224.5,689278.5
2023_10,2023,2024-04-29,2024-04-28,244,29.2857,1400,16.752380952380953,9.928571428571429,24.985714285714288,217.70238095238093,0.0,878.0,569.7059523809523,0.0,1880.6714285714284,18.110119047619047,11.271428571428572,26.25714285714286,76.45,47.94285714285714,93.78571428571429,286.91071428571433,221.71428571428572,403.42857142857144,101.5,302218.0
2023_10,2023,2024-04-30,2024-04-29,245,29.2857,1400,16.3265306122449,9.87142857142857,24.142857142857142,195.57908163265307,0.0,748.8571428571429,512.0664965986394,0.0,1689.1571428571428,17.677380952380954,11.314285714285715,24.785714285714285,78.3,52.8,93.61428571428573,305.06887755102036,236.0,417.0,176.5,554084.5
2023_10,2023,2024-05-02,2024-05-01,247,29.2857,1400,17.19433621933622,9.833333333333334,25.233333333333334,217.8113275613276,0.0,705.5,525.0368596681096,0.0,1649.4333333333332,18.172032828282827,11.5,25.28333333333333,74.16369949494948,49.050000000000004,92.41666666666667,298.3625541125541,241.0,385.6666666666667,153.5,478803.5
2023_10,2023,2024-05-03,2024-05-02,248,29.2857,1400,17.35891955266955,9.816666666666666,25.55,217.56132756132754,0.0,708.5,529.5806096681096,0.0,1647.2666666666667,18.204671717171717,11.466666666666667,25.483333333333334,73.17897727272727,47.61666666666667,91.7,300.1333874458874,242.0,391.1666666666667,150.0,509976.0
2023_10,2023,2024-05-07,2024-05-06,252,29.2857,1400,17.05037878787879,11.766666666666666,22.400000000000002,195.8409090909091,0.0,674.3333333333334,423.8810606060606,0.0,1228.2666666666667,18.810732323232322,13.566666666666665,24.733333333333334,75.18017676767677,56.13333333333333,91.46666666666668,291.7339845826688,220.0,402.6666666666667,62.5,218520.5
2023_10,2023,2024-05-08,2024-05-07,253,29.2857,1400,16.258617424242424,11.875,20.675,157.5369318181818,0.0,568.25,340.70767045454545,0.0,1013.25,18.545549242424244,13.974999999999998,24.3,79.1434659090909,63.3,92.075,300.3504884370016,215.75,405.5,73.0,260102.0
2023_10,2023,2024-05-09,2024-05-08,254,29.2857,1400,15.181249999999999,11.299999999999999,20.225,146.4375,0.0,589.25,375.2833333333333,0.0,1264.9499999999998,17.996875,13.625,24.05,81.60416666666667,63.925000000000004,92.85000000000001,304.2437690694127,215.0,419.75,166.0,578151.5
2023_10,2023,2024-05-10,2024-05-09,255,29.2857,1400,14.689583333333333,10.925,19.2,153.875,0.0,585.5,396.07916666666665,0.0,1329.175,17.929166666666667,13.274999999999999,23.700000000000003,81.00520833333333,62.675,92.95,301.452102402746,213.0,408.5,97.0,235562.0
2023_10,2023,2024-05-11,2024-05-10,256,29.2857,1400,14.949166666666667,10.2,20.44,179.79166666666669,0.0,641.6,464.74749999999995,0.0,1553.1599999999999,18.096666666666668,12.679999999999998,24.62,78.59666666666666,58.42,92.38000000000001,303.7783485888634,214.8,422.4,7.0,14960.0
2023_10,2023,2024-05-12,2024-05-11,257,29.2857,1400,15.38125,10.116666666666667,21.033333333333335,167.3125,0.0,604.8333333333334,438.3055555555555,0.0,1445.4833333333333,18.18888888888889,12.533333333333331,24.8,78.92708333333333,58.5,92.68333333333334,308.8152904907195,216.16666666666666,435.8333333333333,176.5,520365.5
2023_10,2023,2024-05-13,2024-05-12,258,29.2857,1400,15.642261904761906,10.185714285714285,21.571428571428573,183.61904761904765,0.0,645.1428571428571,481.3386904761905,0.0,1586.4428571428568,18.33095238095238,12.557142857142855,24.942857142857143,78.02321428571429,56.4,92.92857142857143,312.8714394682358,216.28571428571428,453.14285714285717,135.0,424623.0
2023_10,2023,2024-05-14,2024-05-13,259,29.2857,1400,15.851785714285715,9.242857142857144,22.942857142857143,219.91666666666669,0.0,727.2857142857143,579.0470238095238,0.0,1900.142857142857,18.339880952380952,11.685714285714285,25.8,74.96249999999999,49.67142857142858,92.21428571428571,314.9713768115942,218.42857142857142,468.42857142857144,181.5,541164.5
2023_10,2023,2024-05-15,2024-05-14,260,29.2857,1400,16.308333333333334,8.685714285714285,24.37142857142857,255.78571428571428,0.0,818.0,675.1261904761905,0.0,2210.0142857142855,18.476190476190478,11.0,26.514285714285716,71.9029761904762,43.385714285714286,91.67142857142856,316.52613871635606,221.85714285714286,484.0,93.5,309356.0
2023_10,2023,2024-05-16,2024-05-15,261,29.2857,1400,15.954166666666666,8.314285714285715,24.385714285714283,246.68452380952382,0.0,813.4285714285714,662.8708333333333,0.0,2131.214285714286,18.25357142857143,10.714285714285714,26.62857142857143,72.95833333333333,44.48571428571429,91.42857142857143,322.4642857142857,223.0,495.0,220.5,629303.0
2023_10,2023,2024-05-17,2024-05-16,262,29.2857,1400,15.938690476190477,8.357142857142858,24.17142857142857,249.375,0.0,818.8571428571429,670.6916666666666,0.0,2154.585714285714,18.238095238095237,10.885714285714286,26.37142857142857,73.06607142857142,44.128571428571426,91.61428571428571,323.16666666666663,221.71428571428572,498.42857142857144,154.5,436620.5
2023_10,2023,2024-05-18,2024-05-17,263,29.2857,1400,16.229761904761908,8.842857142857143,24.22857142857143,246.12499999999997,0.0,820.2857142857143,662.2083333333333,0.0,2126.4857142857145,18.357738095238094,11.271428571428572,26.342857142857145,73.52857142857144,44.614285714285714,91.94285714285715,324.9642857142857,222.0,505.57142857142856,145.5,475726.5
2023_10,2023,2024-05-19,2024-05-18,264,29.2857,1400,16.46309523809524,8.971428571428572,24.800000000000004,272.0,0.0,885.4285714285714,725.197619047619,0.0,2349.9714285714285,18.657142857142855,11.37142857142857,26.928571428571427,72.43035714285715,42.857142857142854,91.62857142857142,321.89285714285717,221.85714285714286,509.42857142857144,267.0,699281.0
2023_10,2023,2024-05-20,2024-05-19,265,29.2857,1400,16.945833333333333,9.299999999999999,25.5,273.48809523809524,0.0,887.0,728.4690476190477,0.0,2362.8142857142857,18.923809523809524,11.471428571428573,27.58571428571429,72.12857142857142,41.628571428571426,91.51428571428572,311.7619047619047,222.0,475.2857142857143,173.0,442858.5
2023_10,2023,2024-05-21,2024-05-20,266,29.2857,1400,17.26904761904762,9.785714285714286,25.699999999999996,259.0416666666667,0.0,879.5714285714286,684.7916666666667,0.0,2237.9714285714285,19.04702380952381,11.757142857142856,27.599999999999998,73.5202380952381,44.94285714285714,92.35714285714286,305.6547619047619,221.28571428571428,458.7142857142857,174.0,452860.0
2023_11,2023,2023-12-04,2023-12-03,90,23.3,1700,0.8258333333333333,-3.84,5.42,75.23333333333333,0.0,418.4,159.325,0.0,650.28,11.626666666666669,6.26,25.22,87.50333333333334,70.72,93.35999999999999,659.4103632478632,223.6,1111.6,44.0,1001999.9
2023_11,2023,2023-12-15,2023-12-14,101,23.3,1700,6.1753623188405795,3.8333333333333335,7.900000000000001,27.367149758454108,0.0,155.33333333333334,55.50833333333333,0.0,228.06666666666663,12.494927536231884,10.200000000000001,17.099999999999998,91.58067632850242,84.60000000000001,93.96666666666665,626.6333333333333,395.6666666666667,776.6666666666666,92.0,1171999.96
2023_11,2023,2023-12-16,2023-12-15,102,23.3,1700,6.8731884057971016,4.35,9.075,23.129528985507246,0.0,130.75,45.971875000000004,0.0,193.54999999999998,12.793070652173913,10.425,16.9,92.34384057971015,86.15,94.6,665.3916666666667,423.25,903.75,106.0,1472999.85
2023_11,2023,2023-12-19,2023-12-18,105,23.3,1700,1.4936076604554867,-1.514285714285714,4.4,37.04425465838509,0.0,214.71428571428572,72.41190476190476,0.0,316.42857142857144,11.822230848861283,8.842857142857143,18.614285714285717,89.52802795031054,80.24285714285715,93.84285714285714,640.1444758140411,366.2857142857143,991.4285714285714,92.0,1595999.9
2023_11,2023,2023-12-20,2023-12-19,106,23.3,1700,0.7322981366459628,-2.7428571428571424,4.114285714285715,44.8835403726708,0.0,250.71428571428572,88.74166666666666,0.0,384.1714285714285,12.003183229813667,8.542857142857143,20.242857142857144,89.09826604554867,78.87142857142858,94.07142857142857,662.3281492834287,331.2857142857143,1106.0,118.0,2212000.27
2023_11,2023,2023-12-22,2023-12-21,108,23.3,1700,-3.4916666666666667,-6.785714285714286,0.08571428571428566,43.351190476190474,0.0,239.85714285714286,82.51607142857142,0.0,374.4428571428572,11.020833333333332,7.228571428571429,21.6,87.10595238095239,74.98571428571428,93.01428571428572,666.4019588072382,339.2857142857143,1136.857142857143,82.0,1230500.2
2023_11,2023,2023-12-23,2023-12-22,109,23.3,1700,-6.207738095238095,-9.514285714285714,-2.585714285714286,45.261904761904766,0.0,245.14285714285714,87.16369047619047,0.0,390.9857142857143,10.647619047619047,6.514285714285714,23.085714285714285,85.24583333333332,70.58571428571429,91.82857142857142,638.2781492834289,295.85714285714283,1141.2857142857142,266.0,3280499.53
2023_11,2023,2023-12-25,2023-12-24,111,23.3,1700,-6.422619047619047,-10.1,-2.5142857142857147,48.06547619047619,0.0,246.57142857142858,94.37321428571428,0.0,415.1714285714285,11.01845238095238,6.314285714285715,25.32857142857143,84.55,69.37142857142858,91.34285714285714,631.7701814058956,290.14285714285717,1128.7142857142858,110.0,1770000.1
2023_11,2023,2023-12-27,2023-12-26,113,23.3,1700,-4.596428571428572,-8.057142857142857,-0.4571428571428573,47.648809523809526,0.0,255.14285714285714,93.2482142857143,0.0,411.57142857142856,11.180952380952379,6.314285714285714,25.514285714285716,85.5,69.28571428571429,91.75714285714285,643.0391395154553,280.2857142857143,1083.0,370.0,4005999.25
2023_11,2023,2023-12-29,2023-12-28,115,23.3,1700,-2.575103519668737,-6.371428571428571,2.385714285714286,54.6213768115942,0.0,282.2857142857143,110.01630434782608,0.0,468.2428571428572,11.235584886128365,6.242857142857143,25.357142857142858,86.35372670807453,67.25714285714285,93.14285714285714,651.2143095834825,245.0,1131.4285714285713,368.0,4896999.92
2023_11,2023,2023-12-30,2023-12-29,116,23.3,1700,-0.8977225672877845,-4.642857142857143,4.085714285714285,58.93090062111802,0.0,308.2857142857143,117.32463768115942,0.0,505.42857142857144,11.199870600414078,6.185714285714285,24.985714285714288,87.8031314699793,68.8,94.68571428571428,659.8731331128944,250.0,1081.5714285714287,560.0,7373998.8
2023_11,2023,2024-01-01,2023-12-31,118,23.3,1700,1.3040631469979296,-1.7714285714285716,5.528571428571428,45.79399585921325,0.0,241.42857142857142,90.80737577639752,0.0,392.02857142857147,10.692727743271222,6.442857142857143,21.542857142857144,90.04182194616978,74.1,95.75714285714285,759.6651966049577,350.7142857142857,1168.5714285714287,270.0,2577000.15
2023_11,2023,2024-01-02,2024-01-01,119,23.3,1700,1.7231107660455487,-1.5571428571428572,6.257142857142857,46.97256728778468,0.0,244.0,89.97999482401656,0.0,402.1857142857143,11.054037267080744,6.414285714285714,22.842857142857145,89.70432194616977,71.8142857142857,96.01428571428572,774.3708067842521,341.85714285714283,1175.7142857142858,200.0,1885500.0
2023_11,2023,2024-01-05,2024-01-04,122,23.3,1700,2.2791666666666663,-1.1142857142857143,5.971428571428572,40.5,0.0,211.57142857142858,77.60297619047618,0.0,349.88571428571424,11.15297619047619,6.714285714285714,21.442857142857147,89.71488095238094,74.52857142857144,95.47142857142856,717.9182557638441,336.57142857142856,1119.2857142857142,1150.0,11123998.75
2023_11,2023,2024-01-08,2024-01-07,125,23.3,1700,1.9702380952380953,-2.5142857142857147,6.114285714285715,56.857142857142854,0.0,307.85714285714283,111.1422619047619,0.0,491.3,11.902380952380952,6.7,24.728571428571428,86.70238095238095,66.32857142857142,94.17142857142858,611.2254884004884,234.28571428571428,1043.7142857142858,512.0,4366499.84
2023_11,2023,2024-01-10,2024-01-09,127,23.3,1700,0.4404761904761905,-4.3,4.757142857142857,59.964285714285715,0.0,313.42857142857144,118.71130952380952,0.0,518.3285714285714,11.73154761904762,6.671428571428572,24.771428571428572,85.53690476190476,65.01428571428572,93.17142857142856,652.8172466422467,324.85714285714283,1082.7142857142858,468.0,4046501.16
2023_11,2023,2024-01-12,2024-01-11,129,23.3,1700,-0.07916666666666664,-4.857142857142857,3.7571428571428567,56.910714285714285,0.0,304.2857142857143,112.06666666666665,0.0,491.75714285714287,11.61011904761905,6.385714285714286,24.557142857142857,85.55714285714285,65.25714285714285,93.05714285714286,717.9351037851038,403.42857142857144,1181.5714285714287,744.0,8461999.32
2023_11,2023,2024-01-13,2024-01-12,130,23.3,1700,-0.669047619047619,-5.471428571428571,3.3285714285714287,62.773809523809526,0.0,321.57142857142856,124.07559523809523,0.0,542.3571428571429,11.833333333333334,6.371428571428572,25.514285714285716,84.78154761904761,62.628571428571426,92.89999999999999,717.3160561660561,405.57142857142856,1194.2857142857142,172.0,2819000.02
2023_11,2023,2024-01-15,2024-01-14,132,23.3,1700,-0.6017857142857143,-5.557142857142858,4.785714285714286,58.767857142857146,0.0,285.14285714285717,116.12261904761905,0.0,507.7142857142857,11.757738095238095,6.3999999999999995,24.928571428571427,85.00714285714287,65.17142857142856,92.51428571428572,695.4800865800865,416.57142857142856,1233.7142857142858,322.0,4482999.92
2023_11,2023,2024-01-16,2024-01-15,133,23.3,1700,-0.2726190476190475,-5.1000000000000005,4.828571428571429,59.55952380952381,0.0,287.57142857142856,117.49642857142855,0.0,514.5571428571428,11.848214285714286,6.528571428571429,25.071428571428573,85.23809523809523,65.92857142857143,92.44285714285715,706.5372294372294,416.85714285714283,1245.857142857143,286.0,3500499.86
2023_11,2023,2024-01-19,2024-01-18,136,23.3,1700,-0.21249999999999986,-4.857142857142857,5.228571428571429,69.4047619047619,0.0,312.0,135.94464285714284,0.0,599.8142857142857,12.313095238095238,7.042857142857143,25.785714285714285,85.07440476190477,64.9,92.77142857142857,648.0900432900434,347.14285714285717,1206.0,502.0,8359000.29
2023_11,2023,2024-01-20,2024-01-19,137,23.3,1700,0.45000000000000007,-4.014285714285714,5.7,67.31547619047619,0.0,315.42857142857144,132.3452380952381,0.0,581.7857142857143,12.488095238095237,7.514285714285714,25.7,85.81904761904762,65.58571428571429,93.27142857142859,636.444080557124,346.0,1155.857142857143,438.0,6431000.7
2023_11,2023,2024-01-22,2024-01-21,139,23.3,1700,1.5196428571428573,-2.0,4.828571428571428,59.84523809523809,0.0,314.7142857142857,117.56904761904762,0.0,517.1857142857142,12.24345238095238,7.942857142857143,24.057142857142857,88.0625,69.67142857142856,94.57142857142857,675.5422152655528,383.0,1147.2857142857142,334.0,5762999.66
2023_11,2023,2024-01-26,2024-01-25,143,23.3,1700,1.8677083333333333,-1.5000000000000004,5.3,61.57291666666667,0.0,354.0,122.86354166666668,0.0,531.725,12.498958333333333,8.3,24.425000000000004,88.03333333333333,67.075,94.19999999999999,589.5564524722934,318.5,1081.0,214.0,3929999.79
2023_11,2023,2024-01-27,2024-01-26,144,23.3,1700,-0.38541666666666663,-3.8500000000000005,3.4499999999999997,58.0625,0.0,331.75,116.109375,0.0,501.29999999999995,11.694791666666667,7.525,23.7,87.090625,70.8,92.675,609.3118872549019,352.5,1143.25,216.0,3132000.0
2023_11,2023,2024-01-29,2024-01-28,146,23.3,1700,-2.7697916666666664,-7.625,2.925,92.9375,0.0,417.5,176.05312500000002,0.0,802.5749999999999,12.311458333333334,6.725,27.65,83.38125,62.55,90.69999999999999,507.47403846153844,248.25,985.25,262.0,3957000.41
2023_11,2023,2024-01-30,2024-01-29,147,23.3,1700,-2.5641666666666665,-7.340000000000001,3.1399999999999997,95.025,0.0,421.4,181.06083333333336,0.0,820.64,12.509166666666667,6.76,27.98,82.95,60.239999999999995,90.38,500.3192307692308,243.6,992.4,166.0,2437000.35
2023_11,2023,2024-01-31,2024-01-30,148,23.3,1700,-2.3902777777777775,-7.283333333333334,3.75,96.29166666666667,0.0,423.1666666666667,189.40138888888887,0.0,831.6166666666667,12.709722222222224,6.783333333333332,28.2,82.88888888888889,59.78333333333333,90.44999999999999,486.96972934472933,245.16666666666666,952.3333333333334,154.0,2164000.3
2023_11,2023,2024-02-02,2024-02-01,150,23.3,1700,-0.41369047619047616,-5.142857142857143,5.242857142857143,90.55952380952381,0.0,404.7142857142857,181.40595238095239,0.0,782.1714285714286,12.85297619047619,6.8999999999999995,27.585714285714285,84.38690476190477,62.199999999999996,92.0,530.37611000111,251.42857142857142,1017.4285714285714,322.0,4657000.67
2023_11,2023,2024-02-03,2024-02-02,151,23.3,1700,0.020238095238095284,-4.628571428571429,5.6,97.83333333333334,0.0,426.14285714285717,199.75892857142858,0.0,845.0285714285714,13.216666666666667,6.871428571428572,28.2,84.14166666666667,60.12857142857143,92.31428571428572,527.9634115884115,228.14285714285714,1067.0,102.0,1398999.87
2023_11,2023,2024-02-05,2024-02-04,153,23.3,1700,1.4452380952380952,-2.942857142857143,6.714285714285714,84.63095238095238,0.0,391.42857142857144,176.6422619047619,0.0,730.9714285714284,13.3125,7.271428571428571,26.97142857142857,86.24761904761905,63.57142857142857,93.85714285714286,583.6877705627705,245.57142857142858,1161.142857142857,200.0,2783000.0
2023_11,2023,2024-02-10,2024-02-09,158,23.3,1700,2.825595238095238,-0.9750000000000004,7.15,69.04464285714286,0.0,354.75,142.63645833333334,0.0,585.6500000000001,12.690625,7.625,23.925000000000004,90.28854166666666,73.89999999999999,96.55,601.7096014492754,252.5,1182.25,148.0,2008000.36
2023_11,2023,2024-02-13,2024-02-12,161,23.3,1700,0.8916666666666664,-4.2250000000000005,7.8,103.3125,0.0,449.5,234.54999999999998,0.0,892.4000000000001,13.813541666666667,6.124999999999999,29.700000000000003,82.75625,57.199999999999996,91.72500000000001,561.1334401709402,226.75,1227.25,174.0,1608999.75
2023_11,2023,2024-02-14,2024-02-13,162,23.3,1700,2.2383333333333333,-3.62,9.16,102.75,0.0,447.8,234.17416666666668,0.0,887.6,14.2375,6.199999999999999,30.18,83.3275,56.4,92.36000000000001,560.5655756661638,223.2,1131.2,158.0,1221999.65
2023_11,2023,2024-02-15,2024-02-14,163,23.3,1700,4.2131944444444445,-1.1500000000000004,10.533333333333333,98.96527777777779,0.0,462.3333333333333,221.84305555555557,0.0,854.8833333333333,14.84375,7.433333333333333,29.71666666666667,84.6423611111111,59.36666666666667,93.08333333333333,547.8602019440254,220.16666666666666,1049.6666666666667,240.0,2174000.4
2023_11,2023,2024-02-16,2024-02-15,164,23.3,1700,4.367261904761905,-1.0714285714285716,10.7,88.55952380952382,0.0,429.42857142857144,195.58392857142854,0.0,764.9857142857143,14.472619047619048,7.271428571428571,28.871428571428574,85.76547619047619,61.199999999999996,93.45714285714287,539.3730302377361,221.0,1010.0,180.0,1441999.8
2023_11,2023,2024-02-19,2024-02-18,167,23.3,1700,5.193452380952381,-1.1142857142857143,12.114285714285714,81.95238095238095,0.0,426.85714285714283,181.31309523809523,0.0,708.1285714285714,14.630357142857141,7.428571428571429,28.25714285714286,86.95178571428572,62.857142857142854,94.44285714285715,594.252767167473,257.85714285714283,1048.5714285714287,132.0,975000.18
2023_11,2023,2024-02-20,2024-02-19,168,23.3,1700,6.29047619047619,0.1714285714285712,12.57142857142857,68.00595238095238,0.0,366.7142857142857,148.25714285714284,0.0,587.6285714285714,14.49345238095238,8.185714285714285,26.2,88.72797619047618,68.41428571428573,95.07142857142858,571.6836061697406,247.57142857142858,955.0,388.0,2634000.08
2023_11,2023,2024-02-23,2024-02-22,171,23.3,1700,3.895,-0.4000000000000001,8.357142857142856,49.04642857142858,0.0,250.57142857142858,104.82797619047619,0.0,408.35714285714283,12.548809523809524,8.014285714285714,21.74285714285714,90.22380952380954,77.44285714285715,95.21428571428571,631.620536731439,338.85714285714283,1159.0,192.0,1627999.68
2023_11,2023,2024-02-24,2024-02-23,172,23.3,1700,4.195035014005603,0.3428571428571427,7.957142857142856,54.46484593837535,0.0,243.14285714285714,111.23916666666666,0.0,399.87142857142857,12.469523809523809,8.057142857142859,20.82857142857143,90.97559523809524,80.17142857142858,95.85714285714286,646.0848224457247,342.7142857142857,1157.0,300.0,3465000.0
2023_11,2023,2024-02-26,2024-02-25,174,23.3,1700,3.9009873949579834,1.114285714285714,6.6000000000000005,55.536274509803924,0.0,242.28571428571428,112.88380952380953,0.0,409.15714285714284,12.142738095238096,8.0,20.771428571428572,91.33749999999999,80.68571428571428,95.84285714285716,603.1606573251311,319.0,1061.2857142857142,374.0,3434000.68
2023_11,2023,2024-02-28,2024-02-27,176,23.3,1700,2.8099159663865545,-0.4714285714285714,6.285714285714286,84.80413165266107,0.0,345.57142857142856,180.97726190476192,0.0,661.9571428571428,12.713571428571429,7.071428571428571,23.38571428571429,87.39880952380953,67.52857142857142,94.57142857142857,619.2157004962456,328.14285714285717,1151.0,660.0,5141000.7
2023_11,2023,2024-03-01,2024-02-29,178,23.3,1700,3.515781767252355,-0.32857142857142857,7.742857142857143,96.68843901196843,0.0,402.0,208.2487445887446,0.0,773.3285714285714,13.679480519480519,7.414285714285714,25.528571428571432,85.9754329004329,62.55714285714286,93.87142857142858,589.8431023341738,241.42857142857142,1023.4285714285714,8510.0,59462476.15
2023_11,2023,2024-03-02,2024-03-01,179,23.3,1700,2.7907467532467534,-1.0142857142857142,7.128571428571428,96.6271645021645,0.0,413.7142857142857,214.95064935064934,0.0,828.0571428571428,13.623647186147185,7.2714285714285705,26.04285714285714,84.46650432900434,58.714285714285715,93.11428571428573,579.3294468719889,235.42857142857142,1013.7142857142857,472.0,3395499.56
2023_11,2023,2024-03-04,2024-03-03,181,23.3,1700,2.8544372294372287,-1.6714285714285713,7.6,110.28787878787878,0.0,457.2857142857143,250.94588744588742,0.0,945.8714285714286,14.242694805194805,7.528571428571428,26.385714285714283,82.1099567099567,52.75714285714286,92.14285714285714,532.4694071623252,236.0,903.4285714285714,630.0,4000501.3
2023_11,2023,2024-03-06,2024-03-05,183,23.3,1700,3.739556277056277,-0.3428571428571429,7.885714285714285,95.46049783549783,0.0,407.85714285714283,212.71850649350648,0.0,817.7857142857143,14.024837662337662,8.385714285714286,24.728571428571428,83.93138528138527,59.114285714285714,92.81428571428572,511.2813244117424,224.71428571428572,784.8571428571429,488.0,4288999.8
2023_11,2023,2024-03-08,2024-03-07,185,23.3,1700,3.4095238095238094,-0.9857142857142859,7.942857142857142,116.45833333333333,0.0,482.2857142857143,269.60297619047617,0.0,1006.0,14.37142857142857,7.785714285714286,26.02857142857143,81.76130952380952,50.699999999999996,92.82857142857142,491.26338741238123,220.28571428571428,764.5714285714286,348.0,2851999.2
2023_11,2023,2024-03-09,2024-03-08,186,23.3,1700,4.154761904761904,-0.5714285714285717,8.714285714285714,117.58928571428571,0.0,487.14285714285717,271.52738095238095,0.0,1015.7428571428572,14.5,7.928571428571429,25.87142857142857,81.82440476190477,50.028571428571425,93.0,485.02109049361377,220.0,712.1428571428571,222.0,2065999.71
2023_11,2023,2024-03-11,2024-03-10,188,23.3,1700,3.99047619047619,-1.1000000000000003,9.299999999999999,129.60714285714286,0.0,528.0,298.1970238095238,0.0,1119.6714285714286,14.538095238095238,7.585714285714286,26.942857142857143,79.82440476190477,44.61428571428571,92.52857142857142,507.1552592488351,208.71428571428572,891.5714285714286,210.0,1682500.05
2023_11,2023,2024-03-12,2024-03-11,189,23.3,1700,3.8029761904761905,-1.6571428571428573,9.271428571428572,127.48809523809526,0.0,500.14285714285717,297.0982142857143,0.0,1101.3428571428572,14.254761904761905,7.214285714285714,26.214285714285715,80.43511904761905,46.98571428571428,93.35714285714286,508.02045532726646,209.42857142857142,882.4285714285714,374.0,2481000.06
2023_11,2023,2024-03-13,2024-03-12,190,23.3,1700,3.5910714285714285,-1.9,9.214285714285714,129.75,0.0,509.42857142857144,300.31130952380954,0.0,1120.857142857143,14.277380952380952,6.8999999999999995,26.900000000000002,80.41369047619047,46.17142857142857,93.67142857142858,497.89364096515794,211.28571428571428,857.4285714285714,310.0,1777499.7
2023_11,2023,2024-03-14,2024-03-13,191,23.3,1700,3.607738095238095,-2.0000000000000004,9.385714285714286,134.8154761904762,0.0,528.0,312.10238095238094,0.0,1164.5428571428572,14.026785714285714,6.771428571428571,26.61428571428571,79.28273809523809,44.199999999999996,93.51428571428572,487.0603621158608,211.0,848.8571428571429,388.0,3305000.33
2023_11,2023,2024-03-16,2024-03-15,193,23.3,1700,4.922023809523809,-1.242857142857143,11.557142857142855,139.79761904761907,0.0,534.7142857142857,322.7059523809524,0.0,1207.5714285714287,14.098809523809523,6.642857142857143,27.271428571428572,77.92678571428573,43.357142857142854,93.0,462.81392441034376,213.57142857142858,844.4285714285714,270.0,1482000.3
2023_11,2023,2024-03-18,2024-03-17,195,23.3,1700,6.895833333333333,0.7428571428571429,13.057142857142859,135.60714285714286,0.0,537.5714285714286,313.6196428571429,0.0,1171.314285714286,14.569642857142856,7.242857142857143,27.014285714285716,78.53630952380954,43.0,93.92857142857143,436.5121206585401,215.0,675.8571428571429,406.0,2498500.77
2023_11,2023,2024-03-20,2024-03-19,197,23.3,1700,7.2369047619047615,0.7285714285714285,13.857142857142858,158.10714285714286,0.0,651.4285714285714,361.5327380952381,0.0,1365.7428571428572,15.096428571428572,7.3999999999999995,28.585714285714285,75.10952380952381,31.657142857142855,91.82857142857142,421.30643838563094,208.0,673.2857142857143,524.0,2262501.0
2023_11,2023,2024-03-21,2024-03-20,198,23.3,1700,7.1125,0.9000000000000001,13.314285714285713,160.73214285714286,0.0,663.2857142857143,368.6434523809524,0.0,1388.5428571428572,15.329166666666666,7.642857142857143,28.685714285714287,75.18809523809523,31.457142857142856,91.51428571428572,412.2600179868078,209.42857142857142,646.4285714285714,48.0,220999.92
2023_11,2023,2024-03-22,2024-03-21,199,23.3,1700,6.560714285714285,0.3285714285714287,12.771428571428572,162.80357142857142,0.0,675.4285714285714,374.8517857142857,0.0,1406.5714285714287,15.457142857142857,7.557142857142856,28.728571428571428,75.0345238095238,31.142857142857142,91.15714285714284,414.67993140672115,207.28571428571428,642.1428571428571,132.0,512000.28
2023_11,2023,2024-03-23,2024-03-22,200,23.3,1700,6.741666666666667,0.12857142857142861,13.0,154.13095238095235,0.0,667.1428571428571,356.6220238095238,0.0,1331.6000000000001,15.49642857142857,7.814285714285714,27.914285714285715,76.24821428571428,34.44285714285714,91.64285714285714,418.68840119779964,206.57142857142858,650.7142857142857,296.0,1496500.52
2023_11,2023,2024-03-25,2024-03-24,202,23.3,1700,8.04404761904762,2.0285714285714285,14.5,153.19047619047618,0.0,651.8571428571429,350.1636904761905,0.0,1323.5857142857144,16.123809523809523,8.657142857142858,28.671428571428574,75.95535714285714,33.47142857142857,91.88571428571429,410.3026963229644,208.57142857142858,630.7142857142857,316.0,1364000.68
2023_11,2023,2024-03-27,2024-03-26,204,23.3,1700,8.727380952380953,3.442857142857143,14.442857142857141,135.9702380952381,0.0,622.8571428571429,314.3875,0.0,1174.8428571428572,16.404761904761905,9.357142857142858,28.628571428571426,77.49940476190476,39.957142857142856,92.15714285714286,408.969362989631,208.28571428571428,608.0,324.0,1440000.18
2023_11,2023,2024-03-28,2024-03-27,205,23.3,1700,9.219047619047618,3.3857142857142857,15.614285714285716,133.04166666666666,0.0,608.8571428571429,308.5434523809524,0.0,1149.5285714285715,16.567857142857143,9.4,28.485714285714288,77.69583333333333,43.128571428571426,91.91428571428571,412.0291374257213,207.14285714285714,611.7142857142857,214.0,1175000.17
2023_11,2023,2024-03-29,2024-03-28,206,23.3,1700,10.010714285714286,4.785714285714286,15.6,111.01190476190477,0.0,522.0,255.5226190476191,0.0,959.1285714285714,16.472023809523808,10.242857142857144,26.74285714285714,80.1190476190476,50.22857142857142,92.45714285714287,410.9565629413822,208.14285714285714,592.0,258.0,1517999.76
2023_11,2023,2024-03-30,2024-03-29,207,23.3,1700,9.875,5.628571428571428,14.900000000000002,102.875,0.0,464.42857142857144,235.83333333333331,0.0,888.7714285714285,16.163095238095238,10.228571428571428,26.37142857142857,80.70059523809525,51.98571428571428,91.98571428571428,393.78854346086257,208.57142857142858,546.5714285714286,220.0,1474000.0
2023_11,2023,2024-04-01,2024-03-31,209,23.3,1700,8.297619047619047,2.985714285714286,13.9,106.39285714285714,0.0,479.0,252.775,0.0,919.2857142857143,15.017261904761906,8.457142857142857,25.0,80.8892857142857,55.44285714285714,90.29999999999998,378.9143457382953,205.0,504.7142857142857,120.0,767299.8
2023_11,2023,2024-04-02,2024-04-01,210,23.3,1700,8.233928571428573,1.9857142857142855,14.657142857142857,129.8452380952381,0.0,537.4285714285714,315.8339285714286,0.0,1121.9142857142856,15.16547619047619,7.8,25.614285714285717,78.38095238095238,49.17142857142857,89.85714285714286,364.22603404998364,206.42857142857142,487.57142857142856,86.0,529000.19
2023_11,2023,2024-04-03,2024-04-02,211,23.3,1700,9.007142857142856,1.8142857142857143,16.185714285714287,138.64285714285714,0.0,533.0,342.2797619047619,0.0,1197.8999999999999,15.277380952380954,7.557142857142858,25.099999999999998,78.07440476190474,50.84285714285714,89.87142857142858,367.33456837280374,208.14285714285714,502.14285714285717,230.0,1191500.05
2023_11,2023,2024-04-04,2024-04-03,212,23.3,1700,9.88452380952381,3.557142857142857,16.157142857142855,122.42857142857143,0.0,467.14285714285717,301.25357142857143,0.0,1057.8,15.499404761904762,8.628571428571428,24.457142857142856,80.15654761904761,55.714285714285715,90.57142857142857,368.0774255156608,207.28571428571428,510.7142857142857,282.0,1323000.18
2023_11,2023,2024-04-05,2024-04-04,213,23.3,1700,10.50952380952381,3.814285714285714,17.357142857142858,133.66666666666666,0.0,528.2857142857143,329.76547619047625,0.0,1154.9285714285713,16.008928571428573,8.928571428571429,25.742857142857144,79.57380952380952,51.800000000000004,90.87142857142858,356.03365800865805,207.0,515.7142857142857,288.0,1359999.36
2023_11,2023,2024-04-06,2024-04-05,214,23.3,1700,11.243452380952382,4.371428571428571,18.257142857142856,149.06547619047618,0.0,615.2857142857143,366.7107142857143,0.0,1288.0142857142857,16.73154761904762,9.457142857142857,26.414285714285715,78.07976190476191,48.24285714285715,91.24285714285713,356.13674242424247,209.0,525.5714285714286,98.0,633499.93
2023_11,2023,2024-04-08,2024-04-07,216,23.3,1700,12.239880952380952,5.5,19.52857142857143,157.29761904761907,0.0,610.4285714285714,395.32380952380953,0.0,1358.9142857142856,17.485119047619047,10.614285714285714,27.02857142857143,76.9952380952381,46.75714285714285,91.92857142857143,375.13427643784786,210.57142857142858,579.1428571428571,360.0,1526000.0
2023_11,2023,2024-04-10,2024-04-09,218,23.3,1700,12.875,6.6,19.642857142857142,152.11309523809524,0.0,589.7142857142857,394.8309523809524,0.0,1314.0571428571427,17.553571428571427,11.342857142857142,26.585714285714285,76.63988095238096,47.42857142857143,92.41428571428571,367.441094619666,212.14285714285714,559.8571428571429,278.0,1158000.66
2023_11,2023,2024-04-11,2024-04-10,219,23.3,1700,12.798809523809524,6.128571428571428,20.185714285714287,171.7619047619048,0.0,647.4285714285714,452.1577380952381,0.0,1483.9428571428573,17.51845238095238,10.685714285714285,27.342857142857145,74.33571428571429,42.18571428571429,92.1,361.6502782931354,212.57142857142858,545.0,90.0,511000.2
2023_11,2023,2024-04-12,2024-04-11,220,23.3,1700,12.883928571428571,6.057142857142856,20.599999999999998,179.2261904761905,0.0,647.7142857142857,471.9839285714285,0.0,1548.5,17.467261904761905,10.314285714285715,27.457142857142856,72.82321428571429,40.528571428571425,91.74285714285713,369.0071623511065,214.28571428571428,550.8571428571429,196.0,1131999.96
2023_11,2023,2024-04-13,2024-04-12,221,23.3,1700,13.260119047619046,5.928571428571429,21.5,187.01785714285714,0.0,637.2857142857143,500.98035714285714,0.0,1615.7571428571428,17.520833333333336,10.142857142857142,27.814285714285717,72.51130952380952,40.68571428571429,91.65714285714286,373.24633984028395,213.71428571428572,566.1428571428571,58.0,355000.02
2023_11,2023,2024-04-15,2024-04-14,223,23.3,1700,14.810714285714287,7.057142857142857,23.414285714285715,201.28571428571428,0.0,672.7142857142857,545.1291666666667,0.0,1739.0571428571427,18.274404761904762,10.342857142857143,28.971428571428568,71.60714285714286,41.028571428571425,91.94285714285715,372.8517820171547,214.14285714285714,583.1428571428571,210.0,672000.0
2023_11,2023,2024-04-16,2024-04-15,224,23.3,1700,15.069047619047621,8.014285714285714,23.057142857142853,185.92261904761904,0.0,629.5714285714286,497.3315476190476,0.0,1606.4142857142856,18.41904761904762,11.157142857142857,28.728571428571428,73.63035714285715,45.15714285714286,91.94285714285715,367.1017820171547,213.71428571428572,577.8571428571429,358.0,1307500.67
2023_11,2023,2024-04-18,2024-04-17,226,23.3,1700,14.943452380952381,8.485714285714286,22.728571428571428,183.51190476190476,0.0,661.2857142857143,481.74940476190477,0.0,1585.4857142857143,18.498809523809523,11.62857142857143,28.357142857142858,74.42380952380952,46.68571428571429,91.60000000000001,371.54140786749485,214.28571428571428,593.4285714285714,176.0,907000.16
2023_11,2023,2024-04-19,2024-04-18,227,23.3,1700,15.016666666666667,8.071428571428571,23.099999999999998,194.77380952380955,0.0,689.7142857142857,516.5541666666667,0.0,1682.6571428571428,18.48809523809524,11.171428571428573,28.7,73.44880952380952,45.57142857142857,90.92857142857143,367.8273809523809,217.28571428571428,584.4285714285714,144.0,927499.68
2023_11,2023,2024-04-20,2024-04-19,228,23.3,1700,15.016666666666667,7.828571428571428,23.042857142857144,197.85119047619045,0.0,689.7142857142857,525.4,0.0,1709.3428571428574,18.327380952380953,10.857142857142858,28.599999999999998,72.28690476190476,43.557142857142864,90.1,369.8273809523809,220.28571428571428,584.2857142857143,154.0,1053500.14
2023_11,2023,2024-04-22,2024-04-21,230,23.3,1700,14.329761904761906,9.328571428571427,19.91428571428571,144.55357142857142,0.0,543.0,381.12142857142857,0.0,1248.8857142857144,17.40357142857143,12.200000000000001,24.914285714285715,77.49285714285715,54.74285714285714,90.52857142857142,375.3673469387755,221.71428571428572,582.0,96.0,621000.0
2023_11,2023,2024-04-24,2024-04-23,232,23.3,1700,14.835714285714285,9.314285714285715,21.12857142857143,158.88690476190476,0.0,597.4285714285714,431.23452380952386,0.0,1372.7714285714285,17.567857142857143,11.685714285714285,26.085714285714285,75.19642857142857,51.25714285714286,89.61428571428571,364.68877551020404,220.85714285714286,567.7142857142857,108.0,549500.22
2023_11,2023,2024-04-26,2024-04-25,234,23.3,1700,14.745833333333334,10.12857142857143,20.042857142857144,144.98214285714286,0.0,627.0,383.89821428571435,0.0,1252.6571428571428,17.22797619047619,12.357142857142858,25.528571428571432,77.05892857142858,55.25714285714286,89.97142857142856,331.8078231292517,219.85714285714286,498.85714285714283,284.0,1596000.48
2023_11,2023,2024-04-27,2024-04-26,235,23.3,1700,14.604166666666666,10.314285714285715,20.2,145.36904761904762,0.0,637.7142857142857,382.2690476190477,0.0,1255.8857142857144,17.254761904761903,12.5,25.82857142857143,77.83869047619048,56.771428571428565,90.38571428571429,325.6828231292517,218.28571428571428,487.2857142857143,168.0,955500.0
2023_11,2023,2024-04-29,2024-04-28,237,23.3,1700,15.11904761904762,8.471428571428572,22.971428571428568,205.51785714285714,0.0,803.5714285714286,548.5035714285715,0.0,1775.5285714285715,18.002380952380953,10.728571428571428,29.3,72.11011904761905,45.95714285714286,88.32857142857144,311.48214285714283,220.0,468.0,130.0,524999.8
2023_11,2023,2024-04-30,2024-04-29,238,23.3,1700,14.716071428571427,8.714285714285714,21.900000000000002,185.58928571428572,0.0,699.1428571428571,491.8858843537415,0.0,1602.4571428571428,17.4875,10.985714285714286,27.714285714285715,73.8857993197279,50.65714285714285,88.22857142857141,329.1284013605442,243.28571428571428,477.57142857142856,186.0,632500.44
2023_11,2023,2024-05-02,2024-05-01,240,23.3,1700,15.640404040404041,9.183333333333334,22.916666666666668,210.5820707070707,0.0,687.0,524.506764069264,0.0,1592.3333333333333,18.527146464646464,11.0,28.3,69.69738455988455,46.65,86.68333333333334,334.8423520923521,248.0,485.5,174.0,756000.42
2023_11,2023,2024-05-03,2024-05-02,241,23.3,1700,15.891792929292928,8.916666666666666,23.233333333333334,220.9848484848485,0.0,693.6666666666666,561.4588474025974,0.0,1682.3166666666668,18.575757575757574,10.500000000000002,28.48333333333333,68.74669011544012,46.01666666666666,85.93333333333334,352.25841489428444,249.83333333333334,527.8333333333334,204.0,890999.58
2023_11,2023,2024-05-04,2024-05-03,242,23.3,1700,16.07304292929293,8.6,23.28333333333333,228.55429292929296,0.0,699.3333333333334,584.4456529581529,0.0,1747.75,18.5604797979798,10.266666666666666,28.2,68.17655122655123,45.15,85.38333333333333,355.799779628584,247.33333333333334,537.6666666666666,88.0,317000.2
2023_11,2023,2024-05-06,2024-05-05,244,23.3,1700,16.69318181818182,10.5,22.266666666666666,192.02651515151516,0.0,581.1666666666666,483.195652958153,0.0,1432.2333333333333,18.521590909090907,11.866666666666667,25.566666666666666,72.198079004329,52.54999999999999,86.88333333333334,334.6539462952506,245.16666666666666,489.5,340.0,923999.3
2023_11,2023,2024-05-09,2024-05-08,247,23.3,1700,15.58392857142857,10.214285714285714,20.900000000000002,176.7261904761905,0.0,562.4285714285714,480.6535714285714,0.0,1526.9714285714288,17.45714285714286,11.785714285714286,24.27142857142857,76.95535714285714,57.442857142857136,89.62857142857142,298.43969979296065,221.71428571428572,431.0,324.0,1245499.74
2023_11,2023,2024-05-10,2024-05-09,248,23.3,1700,15.479761904761904,10.12857142857143,20.642857142857142,175.85714285714286,0.0,552.2857142857143,480.1107142857143,0.0,1519.4142857142858,17.205357142857142,11.614285714285716,23.528571428571432,76.56011904761905,56.54285714285714,89.32857142857142,289.4580745341615,220.14285714285714,410.0,240.0,1251999.6
2023_11,2023,2024-05-13,2024-05-12,251,23.3,1700,15.131547619047618,10.428571428571429,20.157142857142855,189.46428571428572,0.0,660.2857142857143,524.9505952380952,0.0,1637.1000000000001,16.972619047619048,11.785714285714286,23.614285714285717,74.7952380952381,53.214285714285715,89.3,260.2748447204969,218.14285714285714,337.85714285714283,62.0,2100000.0700000003
2023_11,2023,2024-05-14,2024-05-13,252,23.3,1700,15.43957039337474,9.628571428571428,21.585714285714285,222.11697722567288,0.0,748.5714285714286,555.8125,0.0,1767.1285714285714,17.393969979296067,11.014285714285716,25.6,71.4373188405797,46.31428571428571,87.91428571428573,269.62292960662523,215.71428571428572,364.85714285714283,110.0,462999.9
2023_11,2023,2024-05-16,2024-05-15,254,23.3,1700,15.708618012422361,9.1,22.95714285714286,235.1526915113872,0.0,820.1428571428571,604.6654761904762,0.0,1879.685714285714,17.270160455486543,10.171428571428573,26.571428571428573,69.08434265010352,41.94285714285714,85.88571428571429,275.32142857142856,213.85714285714286,376.0,312.0,1528500.24
2023_11,2023,2024-05-17,2024-05-16,255,23.3,1700,15.629451345755694,9.200000000000001,22.685714285714287,238.97412008281572,0.0,829.4285714285714,615.5851190476191,0.0,1912.7857142857142,17.18920807453416,10.171428571428573,26.47142857142857,69.81529503105591,42.72857142857142,86.21428571428571,265.42261904761904,211.28571428571428,351.57142857142856,142.0,703000.11
2023_11,2023,2024-05-21,2024-05-20,259,23.3,1700,15.50104166666667,9.7,22.325000000000003,221.29166666666666,0.0,800.0,614.6166666666667,0.0,1911.9750000000001,16.905208333333334,9.95,26.25,71.959375,46.45,85.9,261.73278985507244,209.0,342.5,86.0,393999.97
2023_13,2023,2023-12-28,2023-12-27,109,33.0,900,-1.932738095238095,-5.471428571428571,2.2857142857142856,106.08928571428571,0.0,524.4285714285714,690.9107142857143,0.42857142857142855,958.4285714285714,13.201785714285716,9.385714285714286,23.157142857142855,82.30714285714286,61.74285714285714,90.44285714285715,455.8511904761905,374.0,668.0,14.0,280000.0
2023_14,2023,2023-12-08,2023-12-07,73,29.0,2000,4.245833333333333,-0.6,9.642857142857142,80.16666666666666,0.0,378.2857142857143,344.98214285714283,0.0,799.7142857142857,12.645833333333334,7.6571428571428575,26.285714285714285,98.08511904761905,90.88571428571429,100.0,550.4821428571429,392.0,715.7142857142857,4.0,70000.0
2023_14,2023,2023-12-15,2023-12-14,80,29.0,2000,11.545781573498967,7.857142857142857,15.385714285714286,52.62732919254658,0.0,264.42857142857144,210.77820910973085,0.0,452.7142857142857,14.826319875776397,10.62857142857143,23.214285714285715,98.39860248447204,89.97142857142856,100.0,612.5137163561076,467.85714285714283,739.7142857142857,17.0,163000.0
2023_14,2023,2023-12-22,2023-12-21,87,29.0,2000,-1.5958333333333334,-4.685714285714285,1.3571428571428572,58.547619047619044,0.0,313.42857142857144,226.69047619047618,0.0,496.7142857142857,10.661309523809523,8.042857142857143,18.314285714285713,98.53988095238095,89.58571428571429,100.0,537.9702380952381,378.14285714285717,697.0,48.0,742000.0
2023_14,2023,2023-12-26,2023-12-25,91,29.0,2000,-3.876190476190476,-7.442857142857143,-0.3142857142857142,78.39285714285714,0.0,399.42857142857144,303.952380952381,0.0,671.5714285714286,11.533333333333333,8.085714285714285,23.814285714285717,98.48095238095239,87.84285714285716,100.0,518.3809523809524,354.2857142857143,692.7142857142857,78.0,1203280.0
2023_15,2023,2023-12-15,2023-12-14,96,32.0,1400,11.429166666666669,7.742857142857142,15.471428571428573,65.02976190476191,0.0,319.57142857142856,530.7857142857143,1.1428571428571428,852.2857142857143,15.232738095238094,12.314285714285715,21.085714285714285,90.2904761904762,75.95714285714287,95.7,686.1607142857143,474.2857142857143,956.1428571428571,30.0,750000.0
2023_15,2023,2023-12-16,2023-12-15,97,32.0,1400,11.340476190476192,8.414285714285715,14.714285714285714,47.476190476190474,0.0,249.57142857142858,409.3630952380953,0.7142857142857143,698.7142857142857,14.963690476190477,12.414285714285715,19.52857142857143,91.57619047619048,80.35714285714286,95.78571428571429,738.125,534.0,994.4285714285714,30.0,750000.0
2023_15,2023,2023-12-17,2023-12-16,98,32.0,1400,9.58154761904762,6.828571428571428,12.828571428571427,40.38690476190476,0.0,225.42857142857142,321.6607142857143,0.42857142857142855,599.4285714285714,14.35595238095238,12.085714285714285,18.342857142857145,92.33630952380953,83.01428571428572,95.78571428571429,757.2083333333333,547.4285714285714,996.1428571428571,12.0,300000.0
2023_15,2023,2023-12-19,2023-12-18,100,32.0,1400,4.520238095238095,1.5714285714285714,7.685714285714285,60.660714285714285,0.0,341.7142857142857,384.5238095238095,0.7142857142857143,652.0,13.369047619047619,10.842857142857143,18.571428571428573,91.60892857142856,80.61428571428571,95.85714285714286,744.9583333333333,530.2857142857143,991.5714285714286,20.0,500000.0
2023_15,2023,2023-12-22,2023-12-21,103,32.0,1400,-1.382738095238095,-4.685714285714285,1.7857142857142858,72.61309523809524,0.0,396.2857142857143,427.36904761904765,0.7142857142857143,684.2857142857143,12.125595238095238,9.714285714285714,17.642857142857142,91.29047619047618,79.45714285714287,95.11428571428573,730.279761904762,526.7142857142857,956.5714285714286,30.0,630000.0
2023_15,2023,2023-12-23,2023-12-22,104,32.0,1400,-4.050595238095238,-7.428571428571429,-0.7,90.91071428571429,0.0,473.14285714285717,535.1130952380952,0.7142857142857143,838.2857142857143,11.875,9.271428571428572,18.842857142857145,90.34166666666667,75.57142857142857,94.87142857142858,684.5416666666666,485.57142857142856,918.0,32.0,662000.0
2023_15,2023,2023-12-26,2023-12-25,107,32.0,1400,-3.7803571428571425,-7.728571428571429,0.17142857142857146,99.34523809523809,0.0,501.14285714285717,664.047619047619,0.42857142857142855,966.5714285714286,12.44345238095238,9.4,20.74285714285714,89.37261904761905,71.61428571428573,94.28571428571429,687.0773809523808,495.14285714285717,916.0,26.0,516000.0
2023_15,2023,2023-12-27,2023-12-26,108,32.0,1400,-3.1023809523809525,-7.142857142857144,1.2571428571428573,107.01785714285715,0.0,532.4285714285714,708.6964285714286,0.14285714285714285,996.0,12.903571428571428,9.442857142857141,22.41428571428571,88.6595238095238,68.7,94.1857142857143,683.0357142857143,471.0,916.0,28.0,548000.0
2023_15,2023,2023-12-28,2023-12-27,109,32.0,1400,-2.3000000000000003,-6.228571428571429,2.542857142857143,115.48214285714286,0.0,559.1428571428571,783.1964285714286,0.14285714285714285,1084.0,13.372619047619049,9.685714285714285,23.885714285714283,88.01071428571429,67.18571428571428,94.08571428571429,675.1666666666667,462.0,918.1428571428571,26.0,516000.0
2023_15,2023,2023-12-29,2023-12-28,110,32.0,1400,-0.9988095238095239,-5.185714285714286,4.242857142857143,117.75000000000001,0.0,551.7142857142857,824.5595238095239,0.14285714285714285,1105.2857142857142,13.68809523809524,9.971428571428572,24.485714285714288,87.73333333333333,67.28571428571429,94.11428571428571,676.75,464.42857142857144,917.7142857142857,96.0,2496000.0
2023_15,2023,2023-12-30,2023-12-29,111,32.0,1400,0.3476190476190476,-3.7857142857142856,5.828571428571429,110.73214285714286,0.0,543.1428571428571,802.7797619047618,0.14285714285714285,1080.0,13.94404761904762,10.314285714285715,24.642857142857142,88.01666666666668,68.62857142857142,94.14285714285714,675.7738095238095,451.57142857142856,916.1428571428571,68.0,1776000.0
2023_15,2023,2023-12-31,2023-12-30,112,32.0,1400,1.4196428571428572,-2.457142857142857,6.414285714285714,93.61309523809526,0.0,480.42857142857144,718.827380952381,0.0,1004.8571428571429,13.826190476190476,10.514285714285714,23.32857142857143,88.73571428571428,71.47142857142858,94.2,689.9583333333333,480.0,919.1428571428571,56.0,1456000.0
2023_15,2023,2024-01-02,2024-01-01,114,32.0,1400,3.0625,-0.7714285714285715,7.8,87.1309523809524,0.0,436.14285714285717,609.7857142857143,0.14285714285714285,885.4285714285714,13.81845238095238,10.62857142857143,22.871428571428574,89.23869047619048,75.0,94.22857142857143,692.8035714285714,483.0,919.7142857142857,66.0,1662000.0
2023_15,2023,2024-01-03,2024-01-02,115,32.0,1400,3.3220238095238095,-0.25714285714285723,7.757142857142857,78.67261904761905,0.0,403.85714285714283,576.8095238095237,0.14285714285714285,879.0,13.63154761904762,10.528571428571428,22.4,89.69702380952381,76.14285714285714,94.24285714285713,685.9880952380953,481.42857142857144,920.5714285714286,48.0,1088000.0
2023_15,2023,2024-01-04,2024-01-03,116,32.0,1400,3.3880952380952385,-0.28571428571428575,7.342857142857142,72.375,0.0,405.7142857142857,519.3869047619047,0.14285714285714285,817.4285714285714,13.404166666666667,10.385714285714284,21.72857142857143,90.11845238095238,76.55714285714285,94.39999999999999,682.8214285714286,482.85714285714283,918.7142857142857,28.0,720000.0
2023_15,2023,2024-01-05,2024-01-04,117,32.0,1400,3.3916666666666666,-0.3857142857142858,7.3428571428571425,73.03571428571429,0.0,412.57142857142856,510.7619047619047,0.14285714285714285,839.4285714285714,13.561904761904762,10.385714285714284,22.0,90.02976190476191,76.42857142857143,94.4857142857143,680.9761904761906,482.2857142857143,917.8571428571429,39.0,760000.0
2023_15,2023,2024-01-06,2024-01-05,118,32.0,1400,3.9589285714285714,-0.21428571428571436,7.657142857142857,65.67857142857143,0.0,358.0,493.40476190476187,0.14285714285714285,863.5714285714286,13.432142857142859,10.314285714285713,20.97142857142857,90.22142857142858,77.65714285714286,94.48571428571428,678.4642857142857,482.57142857142856,919.4285714285714,34.0,656000.0
2023_15,2023,2024-01-07,2024-01-06,119,32.0,1400,4.025595238095238,-0.24285714285714288,7.885714285714286,83.04166666666666,0.0,419.14285714285717,539.9464285714286,0.14285714285714285,943.1428571428571,13.741666666666665,10.299999999999999,22.37142857142857,89.37202380952381,74.28571428571429,94.44285714285715,655.0178571428571,445.7142857142857,916.0,36.0,720000.0
2023_15,2023,2024-01-08,2024-01-07,120,32.0,1400,3.145238095238095,-1.4857142857142858,7.242857142857143,98.73214285714286,0.0,475.42857142857144,644.9702380952382,0.14285714285714285,1082.4285714285713,13.98452380952381,10.27142857142857,23.52857142857143,88.60714285714286,71.08571428571429,94.34285714285714,639.5357142857143,432.42857142857144,914.1428571428571,14.0,208000.0
2023_15,2023,2024-01-09,2024-01-08,121,32.0,1400,2.0505952380952377,-2.357142857142857,6.357142857142857,103.83928571428571,0.0,483.7142857142857,708.547619047619,0.14285714285714285,1133.142857142857,13.933333333333334,10.157142857142857,23.985714285714284,88.31428571428572,69.78571428571429,94.32857142857142,638.2916666666667,429.85714285714283,914.7142857142857,44.0,864000.0
2023_15,2023,2024-01-10,2024-01-09,122,32.0,1400,1.582142857142857,-3.2714285714285714,6.257142857142858,103.98809523809523,0.0,491.85714285714283,719.9107142857143,0.14285714285714285,1183.857142857143,13.879166666666666,10.342857142857143,23.242857142857144,88.63035714285715,71.84285714285714,94.31428571428572,640.6488095238095,435.7142857142857,914.4285714285714,40.0,848000.0
2023_15,2023,2024-01-11,2024-01-10,123,32.0,1400,1.2631469979296066,-3.5285714285714285,5.942857142857142,113.77303312629398,0.0,499.14285714285717,745.7331780538303,0.14285714285714285,1251.2857142857142,14.012241200828157,10.342857142857143,23.557142857142857,88.14676501035197,70.72857142857143,94.22857142857143,637.1115424430642,430.7142857142857,913.8571428571429,55.0,1048000.0
2023_15,2023,2024-01-12,2024-01-11,124,32.0,1400,1.2946946169772258,-3.471428571428571,5.728571428571429,108.15993788819875,0.0,515.4285714285714,736.090320910973,0.14285714285714285,1235.857142857143,13.809265010351966,10.257142857142856,22.714285714285715,88.46521739130435,71.44285714285715,94.14285714285712,633.4508281573499,428.2857142857143,916.0,72.0,1020000.0
2023_15,2023,2024-01-13,2024-01-12,125,32.0,1400,1.0982660455486541,-3.557142857142857,5.685714285714285,122.68969979296067,0.0,577.8571428571429,765.8998447204968,0.14285714285714285,1236.2857142857142,14.090217391304346,10.328571428571427,23.87142857142857,87.88783643892339,69.28571428571429,94.17142857142858,627.1532091097308,420.85714285714283,915.7142857142857,74.0,1080000.0
2023_15,2023,2024-01-15,2024-01-14,127,32.0,1400,1.2625517598343685,-3.771428571428572,7.042857142857143,120.54684265010353,0.0,599.8571428571429,800.0129399585921,0.2857142857142857,1252.857142857143,14.142598343685298,10.4,24.12857142857143,88.01997929606625,70.2,93.92857142857143,631.7841614906832,418.2857142857143,916.7142857142857,51.0,794000.0
2023_15,2023,2024-01-16,2024-01-15,128,32.0,1400,1.6857660455486543,-3.242857142857143,7.285714285714286,122.0825569358178,0.0,602.4285714285714,794.0248447204968,0.42857142857142855,1264.142857142857,14.172360248447204,10.385714285714286,24.028571428571432,87.93545548654244,69.4857142857143,93.92857142857143,633.5758281573499,418.7142857142857,915.4285714285714,44.0,706000.0
2023_15,2023,2024-01-17,2024-01-16,129,32.0,1400,1.2429089026915112,-3.6571428571428575,6.971428571428571,138.37422360248448,0.0,663.7142857142857,859.3522256728777,0.5714285714285714,1275.4285714285713,14.36462215320911,10.271428571428572,25.37142857142857,86.97474120082815,66.38571428571429,93.97142857142856,626.5639233954452,408.42857142857144,917.1428571428571,58.0,892000.0
2023_15,2023,2024-01-18,2024-01-17,130,32.0,1400,1.3636904761904762,-3.485714285714286,7.0,121.38690476190477,0.0,594.0,849.5297619047618,0.7142857142857143,1307.7142857142858,14.008333333333335,10.228571428571428,23.957142857142856,87.77619047619046,70.02857142857142,93.91428571428571,645.8630952380952,442.0,917.2857142857143,41.0,644000.0
2023_15,2023,2024-01-19,2024-01-18,131,32.0,1400,2.086904761904762,-2.2857142857142856,7.485714285714287,115.18452380952382,0.0,535.0,786.702380952381,0.7142857142857143,1208.857142857143,13.954761904761906,10.214285714285714,23.75714285714286,87.88095238095238,70.62857142857142,93.82857142857144,660.8511904761905,457.14285714285717,918.4285714285714,109.0,2096100.0
2023_15,2023,2024-01-20,2024-01-19,132,32.0,1400,2.605357142857143,-1.1428571428571428,7.571428571428571,103.40476190476191,0.0,499.2857142857143,728.0119047619048,0.7142857142857143,1116.7142857142858,13.776190476190477,9.985714285714286,23.685714285714287,88.09107142857144,71.55714285714285,93.78571428571426,667.6309523809523,463.42857142857144,917.4285714285714,75.0,1414500.0
2023_15,2023,2024-01-23,2024-01-22,135,32.0,1400,3.2166666666666672,0.5999999999999999,6.285714285714286,64.14285714285714,0.0,369.14285714285717,481.297619047619,0.42857142857142855,796.0,12.936904761904762,9.785714285714286,20.428571428571427,89.69047619047618,77.71428571428571,93.88571428571429,685.4761904761905,499.14285714285717,918.4285714285714,61.0,1156900.0
2023_15,2023,2024-01-26,2024-01-25,138,32.0,1400,-0.17142857142857146,-2.7714285714285714,2.8428571428571425,93.3452380952381,0.0,462.7142857142857,596.0119047619048,0.5714285714285714,890.2857142857143,13.111904761904762,9.671428571428573,21.971428571428568,88.37142857142858,73.98571428571428,93.65714285714284,656.9047619047618,469.42857142857144,915.5714285714286,26.0,568000.0
2023_15,2023,2024-01-29,2024-01-28,141,32.0,1400,-2.513095238095238,-6.128571428571428,1.5857142857142856,129.01785714285717,0.0,613.2857142857143,894.4940476190476,1.0,1273.142857142857,13.80892857142857,10.0,23.914285714285715,87.07380952380952,68.88571428571429,93.75714285714287,637.3452380952382,438.57142857142856,917.2857142857143,8.0,176000.0
2023_15,2023,2024-02-01,2024-01-31,144,32.0,1400,0.5749999999999997,-3.533333333333333,5.650000000000001,143.2777777777778,0.0,669.0,1034.3472222222222,1.3333333333333333,1486.1666666666667,14.604166666666666,10.3,25.25,85.79513888888887,63.099999999999994,94.28333333333332,626.4097222222223,419.0,915.1666666666666,8.0,192000.0
2023_15,2023,2024-02-04,2024-02-03,147,32.0,1400,3.059722222222222,-0.46666666666666673,7.699999999999999,110.08333333333333,0.0,568.8333333333334,816.5694444444445,0.8333333333333334,1288.5,14.012500000000001,10.333333333333334,21.883333333333336,86.57430555555555,65.23333333333333,93.60000000000001,636.6458333333334,419.3333333333333,915.5,48.0,1188000.0
2023_15,2023,2024-02-07,2024-02-06,150,32.0,1400,4.829166666666667,1.8142857142857143,8.7,90.75,0.0,458.7142857142857,655.0773809523808,0.42857142857142855,1123.5714285714287,13.680357142857144,10.385714285714286,20.385714285714283,87.16309523809524,67.88571428571429,93.45714285714287,641.2261904761905,420.7142857142857,912.8571428571429,66.0,1704000.0
2023_15,2023,2024-02-08,2024-02-07,151,32.0,1400,4.119047619047619,1.2571428571428573,7.457142857142856,99.57738095238096,0.0,482.14285714285717,636.7857142857143,0.7142857142857143,1123.2857142857142,13.661309523809523,10.271428571428572,20.5,86.66369047619048,67.11428571428571,93.32857142857142,634.952380952381,416.42857142857144,911.7142857142857,30.0,696000.0
2023_15,2023,2024-02-09,2024-02-08,152,32.0,1400,3.405952380952381,0.24285714285714283,6.971428571428572,112.92261904761905,0.0,521.4285714285714,708.5654761904761,1.1428571428571428,1183.2857142857142,13.950000000000001,10.342857142857143,21.428571428571427,85.78571428571429,65.41428571428573,93.02857142857144,625.6428571428571,409.2857142857143,911.1428571428571,38.0,912000.0
2023_15,2023,2024-02-10,2024-02-09,153,32.0,1400,3.1339285714285716,-0.12857142857142856,7.014285714285713,114.19047619047618,0.0,530.4285714285714,772.625,1.5714285714285714,1238.7142857142858,13.988095238095239,10.314285714285715,21.8,85.16547619047618,63.77142857142858,92.92857142857143,620.5119047619047,405.2857142857143,911.8571428571429,22.0,520000.0
2023_15,2023,2024-02-12,2024-02-11,155,32.0,1400,2.0815476190476185,-1.2714285714285711,6.271428571428571,128.25595238095238,0.0,588.2857142857143,884.2797619047618,2.4285714285714284,1307.4285714285713,13.989285714285714,9.942857142857145,22.442857142857143,84.14285714285714,61.32857142857142,92.54285714285713,612.9642857142857,400.14285714285717,908.7142857142857,30.0,720000.0
2023_15,2023,2024-02-13,2024-02-12,156,32.0,1400,1.7922619047619044,-2.3428571428571425,6.957142857142856,151.17261904761904,0.0,665.7142857142857,969.8571428571429,3.142857142857143,1369.142857142857,14.413690476190476,9.928571428571429,24.0,82.69702380952381,57.15714285714286,92.3,608.0,394.85714285714283,911.1428571428571,50.0,1200000.0
2023_15,2023,2024-02-14,2024-02-13,157,32.0,1400,2.4166666666666665,-2.742857142857143,8.442857142857143,171.60119047619045,0.0,733.2857142857143,1118.0892857142858,4.0,1549.857142857143,14.898214285714285,9.885714285714286,25.099999999999998,81.39821428571429,54.457142857142856,92.35714285714286,601.3869047619047,389.14285714285717,911.5714285714286,32.0,760000.0
2023_15,2023,2024-02-15,2024-02-14,158,32.0,1400,4.156547619047619,-1.0142857142857145,10.299999999999999,155.31547619047618,0.0,671.7142857142857,1125.5595238095236,3.5714285714285716,1578.5714285714287,15.14047619047619,10.285714285714286,25.057142857142853,82.02440476190476,56.18571428571429,92.52857142857144,600.2083333333334,394.42857142857144,912.4285714285714,30.0,720000.0
2023_15,2023,2024-02-16,2024-02-15,159,32.0,1400,4.945833333333333,-0.6428571428571431,11.157142857142858,134.29166666666666,0.0,594.2857142857143,1004.7738095238095,3.2857142857142856,1469.4285714285713,14.813095238095238,10.214285714285714,23.9,83.42202380952381,59.98571428571428,92.81428571428572,606.0714285714286,416.42857142857144,890.0,120.0,2520000.0
2023_15,2023,2024-02-17,2024-02-16,160,32.0,1400,5.119642857142857,-0.6714285714285716,11.585714285714287,143.875,0.0,598.1428571428571,967.8273809523808,4.0,1517.4285714285713,14.916666666666668,10.142857142857142,24.171428571428574,83.22738095238095,59.91428571428571,92.84285714285714,608.5714285714286,418.42857142857144,879.5714285714286,164.0,3411000.0
2023_15,2023,2024-02-18,2024-02-17,161,32.0,1400,5.494642857142857,-0.5571428571428574,12.328571428571427,149.36309523809524,0.0,606.7142857142857,1010.8333333333334,4.714285714285714,1572.857142857143,15.065476190476192,10.157142857142858,24.8,82.83630952380953,59.5,92.9,604.5892857142857,416.7142857142857,857.5714285714286,148.0,3102000.0
2023_15,2023,2024-02-19,2024-02-18,162,32.0,1400,6.387499999999998,-0.3142857142857145,13.257142857142856,136.45238095238093,0.0,545.2857142857143,978.7440476190476,4.714285714285714,1628.4285714285713,14.995833333333334,10.157142857142857,23.942857142857147,83.46428571428571,60.25714285714286,93.0,601.875,430.7142857142857,836.5714285714286,100.0,2100000.0
2023_15,2023,2024-02-20,2024-02-19,163,32.0,1400,7.461309523809523,0.8714285714285711,13.842857142857142,110.57142857142858,0.0,453.0,838.75,4.0,1428.142857142857,14.842857142857143,10.200000000000001,22.485714285714284,85.05059523809523,64.92857142857143,93.14285714285714,597.1190476190476,438.2857142857143,812.0,80.0,1674000.0
2023_15,2023,2024-02-21,2024-02-20,164,32.0,1400,7.160119047619047,1.6428571428571423,12.514285714285714,85.31547619047619,0.0,359.14285714285717,667.077380952381,3.2857142857142856,1207.7142857142858,14.389285714285716,10.3,21.042857142857144,86.83035714285714,70.22857142857143,93.17142857142858,603.4702380952382,464.0,787.2857142857143,62.0,1290000.0
2023_15,2023,2024-02-22,2024-02-21,165,32.0,1400,6.088095238095237,0.8428571428571425,11.071428571428571,78.95833333333334,0.0,336.85714285714283,561.2083333333333,3.2857142857142856,991.7142857142857,13.793452380952383,9.985714285714286,19.62857142857143,87.83988095238094,74.14285714285714,93.11428571428571,620.7380952380953,489.57142857142856,768.0,50.0,1050000.0
2023_15,2023,2024-02-23,2024-02-22,166,32.0,1400,5.797619047619047,1.4428571428571426,10.157142857142857,80.77976190476191,0.0,333.2857142857143,543.0059523809524,3.2857142857142856,930.5714285714286,13.72202380952381,10.0,19.442857142857143,88.00178571428572,75.31428571428572,93.2,636.8869047619047,495.42857142857144,791.0,324.0,5496000.0
2023_15,2023,2024-02-24,2024-02-23,167,32.0,1400,6.128571428571428,2.1999999999999997,9.871428571428572,60.23809523809524,0.0,275.42857142857144,464.92857142857144,2.0,753.4285714285714,13.407738095238093,10.014285714285714,18.37142857142857,89.3327380952381,79.08571428571429,93.42857142857143,645.7678571428571,497.14285714285717,810.8571428571429,331.0,5570000.0
2023_15,2023,2024-02-26,2024-02-25,169,32.0,1400,5.5494047619047615,3.2857142857142856,7.928571428571429,49.779761904761905,0.0,271.2857142857143,319.8988095238096,1.5714285714285714,480.0,13.067857142857141,9.885714285714286,17.914285714285715,90.34761904761903,81.08571428571429,93.88571428571429,653.529761904762,479.14285714285717,854.7142857142857,272.0,4588000.0
2023_15,2023,2024-02-27,2024-02-26,170,32.0,1400,4.49345238095238,2.414285714285714,7.128571428571429,77.01785714285714,0.0,374.0,439.20833333333337,3.2857142857142856,690.2857142857143,13.167857142857143,9.671428571428573,19.47142857142857,88.79761904761905,76.60000000000001,93.74285714285713,657.1964285714286,469.85714285714283,875.5714285714286,185.0,3058000.0
2023_15,2023,2024-02-28,2024-02-27,171,32.0,1400,4.442261904761905,1.7857142857142854,7.671428571428572,96.625,0.0,472.0,592.875,4.571428571428571,920.7142857142857,13.45892857142857,9.457142857142857,20.985714285714288,87.47440476190476,72.44285714285715,93.61428571428571,651.1964285714286,441.0,901.1428571428571,84.0,1404000.0
2023_15,2023,2024-02-29,2024-02-28,172,32.0,1400,4.657738095238095,1.3857142857142857,8.385714285714286,122.61904761904762,0.0,584.7142857142857,747.5714285714286,6.714285714285714,1137.5714285714287,13.972619047619048,9.357142857142858,22.814285714285713,85.65892857142858,66.81428571428572,93.54285714285713,631.1369047619048,415.0,894.5714285714286,78.0,1320000.0
2023_15,2023,2024-03-01,2024-02-29,173,32.0,1400,5.031547619047619,1.4142857142857141,8.857142857142858,125.76190476190477,0.0,598.8571428571429,831.5059523809523,7.0,1337.0,14.092261904761907,9.214285714285714,23.357142857142858,85.12916666666668,64.85714285714286,93.44285714285715,613.5714285714286,388.42857142857144,895.7142857142857,225.0,4823000.0
2023_15,2023,2024-03-02,2024-03-01,174,32.0,1400,4.317857142857142,0.47142857142857125,8.328571428571427,149.95238095238093,0.0,669.4285714285714,939.0059523809523,10.0,1546.2857142857142,14.259523809523811,9.114285714285714,24.085714285714285,83.88928571428572,60.98571428571428,93.32857142857142,604.0059523809523,386.0,884.5714285714286,179.0,3737000.0
2023_15,2023,2024-03-03,2024-03-02,175,32.0,1400,3.575595238095238,-0.7857142857142859,8.0,170.01785714285714,0.0,720.4285714285714,1081.625,12.571428571428571,1716.2857142857142,14.366666666666665,8.828571428571427,24.542857142857144,82.59345238095239,59.58571428571429,92.91428571428571,603.8630952380953,394.14285714285717,874.4285714285714,63.0,1325000.0
2023_15,2023,2024-03-04,2024-03-03,176,32.0,1400,3.904166666666666,-0.7571428571428575,8.642857142857142,179.50595238095235,0.0,784.7142857142857,1165.7738095238096,12.142857142857142,1876.0,14.572619047619048,8.9,25.2,81.78809523809524,56.042857142857144,92.92857142857143,599.8154761904761,392.42857142857144,861.7142857142857,70.0,1492000.0
2023_15,2023,2024-03-06,2024-03-05,178,32.0,1400,4.800595238095238,0.49999999999999983,8.857142857142858,156.13690476190476,0.0,679.7142857142857,1068.470238095238,9.0,1755.142857142857,14.030952380952382,9.214285714285714,23.285714285714285,83.08214285714287,60.1,93.3142857142857,598.6666666666666,403.0,847.0,41.0,842500.0
2023_15,2023,2024-03-08,2024-03-07,180,32.0,1400,4.525595238095238,0.21428571428571416,9.042857142857143,172.5,0.0,745.0,1081.3809523809525,6.428571428571429,1797.142857142857,14.125,9.157142857142857,23.8,82.1077380952381,57.628571428571426,93.32857142857142,596.8630952380952,393.57142857142856,889.1428571428571,156.0,2214400.0
2023_15,2023,2024-03-09,2024-03-08,181,32.0,1400,5.085119047619047,0.757142857142857,9.7,174.42857142857142,0.0,744.5714285714286,1120.9583333333335,3.4285714285714284,1810.857142857143,14.17202380952381,9.014285714285714,24.0,81.74642857142858,56.728571428571435,93.27142857142859,590.6785714285714,396.7142857142857,866.2857142857143,144.0,2089600.0
2023_15,2023,2024-03-11,2024-03-10,183,32.0,1400,4.939285714285714,0.3285714285714284,10.12857142857143,192.26785714285714,0.0,744.0,1193.0416666666665,0.0,1860.4285714285713,14.244642857142859,9.171428571428573,23.74285714285714,80.35178571428571,55.785714285714285,92.92857142857143,590.6369047619047,405.2857142857143,873.2857142857143,121.0,1780400.0
2023_15,2023,2024-03-12,2024-03-11,184,32.0,1400,4.556547619047619,-0.3285714285714288,10.042857142857143,185.44642857142858,0.0,704.5714285714286,1211.9761904761906,0.0,1980.142857142857,14.026190476190477,8.985714285714286,22.928571428571427,80.35178571428571,55.65714285714286,92.65714285714286,593.1904761904761,402.14285714285717,902.4285714285714,94.0,1405600.0
2023_15,2023,2024-03-13,2024-03-12,185,32.0,1400,4.264880952380952,-1.1142857142857145,10.200000000000001,202.1547619047619,0.0,805.0,1256.8869047619048,0.0,1961.142857142857,14.264285714285716,8.814285714285715,24.099999999999998,79.30119047619048,51.1,92.57142857142857,593.5297619047618,402.0,891.5714285714286,70.0,1012000.0
2023_15,2023,2024-03-14,2024-03-13,186,32.0,1400,3.850595238095238,-1.7142857142857142,9.785714285714286,210.00595238095235,0.0,814.7142857142857,1324.3988095238094,0.0,2021.5714285714287,14.116666666666665,8.6,23.82857142857143,78.77559523809524,50.18571428571429,92.44285714285715,595.2083333333333,405.85714285714283,901.1428571428571,60.0,848000.0
2023_15,2023,2024-03-15,2024-03-14,187,32.0,1400,4.083928571428571,-1.828571428571429,10.585714285714285,221.0178571428571,0.0,822.1428571428571,1392.125,0.0,2082.0,14.098214285714286,8.442857142857141,24.014285714285716,78.14107142857144,48.785714285714285,92.37142857142858,598.7797619047618,411.85714285714283,898.5714285714286,204.0,2841600.0
2023_15,2023,2024-03-16,2024-03-15,188,32.0,1400,4.582142857142856,-1.8285714285714287,11.671428571428573,223.54166666666669,0.0,829.8571428571429,1435.9761904761906,0.14285714285714285,2106.1428571428573,14.124404761904762,8.442857142857143,24.0,77.69047619047619,48.48571428571428,92.32857142857142,604.6369047619047,415.0,932.5714285714286,210.0,2922000.0
2023_15,2023,2024-03-17,2024-03-16,189,32.0,1400,5.659523809523809,-1.4285714285714288,13.428571428571429,221.64285714285714,0.0,849.0,1437.7142857142858,0.2857142857142857,2125.1428571428573,14.207738095238096,8.4,24.114285714285717,77.62857142857145,47.25714285714286,92.6,604.9107142857143,418.57142857142856,926.2857142857143,130.0,1762000.0
2023_15,2023,2024-03-18,2024-03-17,190,32.0,1400,6.5303571428571425,-0.28571428571428586,13.557142857142859,209.69642857142858,0.0,841.4285714285714,1385.5773809523812,0.2857142857142857,2102.285714285714,14.338095238095237,8.485714285714286,24.0,78.21726190476191,47.785714285714285,92.60000000000001,600.6309523809524,418.7142857142857,926.8571428571429,84.0,1064400.0
2023_15,2023,2024-03-19,2024-03-18,191,32.0,1400,6.651190476190474,-0.2857142857142859,13.828571428571427,231.35119047619045,0.0,902.1428571428571,1436.1726190476188,0.42857142857142855,2120.285714285714,14.602380952380953,8.485714285714286,24.7,77.19166666666668,46.39999999999999,92.61428571428571,597.7321428571429,425.85714285714283,901.0,90.0,1152000.0
2023_15,2023,2024-03-20,2024-03-19,192,32.0,1400,6.933928571428571,0.3428571428571426,14.12857142857143,227.32142857142858,0.0,880.5714285714286,1486.7440476190475,0.42857142857142855,2277.0,14.73095238095238,8.428571428571429,24.61428571428571,76.84940476190476,45.785714285714285,92.47142857142858,596.0416666666666,423.42857142857144,903.8571428571429,86.0,1123600.0
2023_15,2023,2024-03-22,2024-03-21,194,32.0,1400,6.605357142857143,0.05714285714285688,13.442857142857145,238.13095238095238,0.0,899.0,1498.6845238095236,1.0,2296.714285714286,14.801190476190476,8.214285714285714,24.41428571428571,75.89285714285714,44.857142857142854,92.01428571428572,591.8988095238095,427.57142857142856,898.2857142857143,68.0,896800.0
2023_15,2023,2024-03-23,2024-03-22,195,32.0,1400,7.1625,0.39999999999999974,13.72857142857143,228.36309523809524,0.0,897.4285714285714,1477.8988095238094,1.1428571428571428,2303.4285714285716,14.905952380952382,8.428571428571429,24.557142857142853,75.96369047619048,45.15714285714286,91.89999999999999,588.7976190476192,427.42857142857144,880.4285714285714,62.0,858000.0
2023_15,2023,2024-03-25,2024-03-24,197,32.0,1400,8.75,2.8428571428571425,14.9,216.78571428571428,0.0,813.5714285714286,1405.565476190476,1.4285714285714286,2258.285714285714,15.469047619047618,9.528571428571428,24.74285714285714,75.95297619047619,46.357142857142854,91.8142857142857,581.9702380952382,427.42857142857144,882.0,66.0,906000.0
2023_15,2023,2024-03-28,2024-03-27,200,32.0,1400,10.421428571428569,5.185714285714285,16.114285714285717,188.13690476190476,0.0,779.1428571428571,1216.1011904761906,1.2857142857142858,1907.4285714285713,15.604761904761904,9.728571428571428,24.314285714285717,77.7220238095238,50.800000000000004,91.72857142857143,571.4583333333334,436.42857142857144,867.4285714285714,62.0,864000.0
2023_15,2023,2024-03-29,2024-03-28,201,32.0,1400,11.29404761904762,6.885714285714285,16.142857142857142,147.77380952380955,0.0,650.1428571428571,1056.4285714285713,1.0,1835.2857142857142,15.275595238095237,10.285714285714286,23.0,80.09702380952379,57.08571428571429,91.92857142857143,566.7916666666667,446.14285714285717,827.0,138.0,1782000.0
2023_15,2023,2024-03-30,2024-03-29,202,32.0,1400,11.175595238095239,7.542857142857144,15.671428571428573,134.64285714285714,0.0,627.0,906.9821428571429,1.2857142857142858,1619.5714285714287,14.927380952380954,10.014285714285714,22.314285714285717,81.54166666666666,58.457142857142856,92.12857142857142,561.4166666666667,448.57142857142856,801.5714285714286,128.0,1666000.0
2023_15,2023,2024-04-02,2024-04-01,205,32.0,1400,9.85297619047619,4.414285714285714,16.02857142857143,189.2619047619048,0.0,820.1428571428571,1108.3035714285713,4.0,1821.7142857142858,14.515476190476189,8.114285714285714,23.971428571428568,79.44166666666668,53.9,92.21428571428571,574.3630952380952,443.57142857142856,808.7142857142857,102.0,1302000.0
2023_15,2023,2024-04-03,2024-04-02,206,32.0,1400,10.632738095238096,4.542857142857143,17.214285714285715,189.17261904761907,0.0,784.5714285714286,1205.4107142857142,4.857142857142857,1930.7142857142858,14.938095238095238,8.185714285714285,24.485714285714288,79.1309523809524,53.057142857142864,92.24285714285713,578.8928571428571,440.57142857142856,827.8571428571429,58.0,752000.0
2023_15,2023,2024-04-04,2024-04-03,207,32.0,1400,11.220833333333333,5.714285714285714,17.057142857142857,165.04166666666669,0.0,690.2857142857143,1110.0833333333335,5.0,1920.0,15.214285714285712,9.342857142857143,24.11428571428571,80.45178571428572,56.771428571428565,92.15714285714284,569.327380952381,436.7142857142857,815.8571428571429,98.0,1300000.0
2023_15,2023,2024-04-05,2024-04-04,208,32.0,1400,11.713095238095239,6.0,17.914285714285715,169.59523809523807,0.0,720.7142857142857,1068.8095238095239,5.285714285714286,1719.5714285714287,15.700595238095238,9.728571428571428,25.32857142857143,80.16845238095239,54.785714285714285,92.25714285714285,566.2440476190476,429.0,808.5714285714286,118.0,1610400.0
2023_15,2023,2024-04-06,2024-04-05,209,32.0,1400,12.166666666666668,6.457142857142857,18.514285714285712,174.91666666666666,0.0,721.4285714285714,1095.8214285714284,5.0,1788.2857142857142,16.267261904761902,10.171428571428573,25.814285714285713,79.49345238095238,54.857142857142854,92.18571428571428,560.7738095238095,427.85714285714283,798.8571428571429,86.0,1183200.0
2023_15,2023,2024-04-07,2024-04-06,210,32.0,1400,12.549404761904762,7.242857142857142,18.657142857142855,173.65476190476193,0.0,673.7142857142857,1123.4940476190475,5.0,1813.5714285714287,16.476190476190474,10.528571428571428,25.571428571428573,78.95535714285714,54.68571428571429,92.21428571428571,557.327380952381,429.2857142857143,786.1428571428571,76.0,952800.0
2023_15,2023,2024-04-08,2024-04-07,211,32.0,1400,12.954166666666667,7.728571428571429,19.2,174.25595238095235,0.0,665.7142857142857,1141.720238095238,5.142857142857143,1841.0,16.735119047619047,10.77142857142857,25.942857142857147,78.9095238095238,54.971428571428575,92.20000000000002,555.6428571428572,427.85714285714283,776.2857142857143,81.0,1027200.0
2023_15,2023,2024-04-09,2024-04-08,212,32.0,1400,13.295833333333333,8.285714285714286,19.485714285714288,157.5,0.0,627.4285714285714,1087.095238095238,5.857142857142857,1835.0,16.85297619047619,10.857142857142858,25.685714285714287,79.57261904761904,57.142857142857146,92.32857142857142,551.3690476190476,428.14285714285717,756.8571428571429,85.0,1121600.0
2023_15,2023,2024-04-10,2024-04-09,213,32.0,1400,13.192857142857141,8.428571428571429,19.37142857142857,169.91666666666669,0.0,637.7142857142857,1088.0535714285713,6.428571428571429,1829.0,16.895238095238096,10.828571428571427,25.857142857142858,79.60000000000001,57.75714285714286,92.32857142857144,547.8154761904763,428.7142857142857,737.5714285714286,79.0,962000.0
2023_15,2023,2024-04-11,2024-04-10,214,32.0,1400,13.177380952380954,7.885714285714286,20.157142857142855,200.3154761904762,0.0,748.5714285714286,1234.6726190476188,7.428571428571429,1929.7142857142858,17.004166666666666,10.228571428571428,26.442857142857143,77.86904761904762,53.5,92.34285714285714,547.3809523809524,432.14285714285717,720.2857142857143,140.0,1756000.0
2023_15,2023,2024-04-12,2024-04-11,215,32.0,1400,13.485119047619047,7.914285714285714,20.857142857142858,227.67857142857142,0.0,858.2857142857143,1419.309523809524,8.428571428571429,2182.8571428571427,17.375595238095237,10.12857142857143,27.142857142857142,76.23214285714286,50.3,92.21428571428571,542.2440476190476,430.57142857142856,696.5714285714286,112.0,1463200.0
2023_15,2023,2024-04-13,2024-04-12,216,32.0,1400,13.964285714285714,7.957142857142857,21.62857142857143,245.14880952380955,0.0,885.1428571428571,1572.1190476190477,10.714285714285714,2334.0,17.64047619047619,10.114285714285714,27.38571428571429,75.75119047619047,50.228571428571435,92.12857142857142,546.2678571428571,427.57142857142856,714.2857142857143,152.0,1975200.0
2023_15,2023,2024-04-15,2024-04-14,218,32.0,1400,15.441666666666666,8.77142857142857,23.25714285714286,266.4642857142857,0.0,952.7142857142857,1699.0297619047617,8.428571428571429,2502.0,18.547023809523807,10.442857142857141,27.971428571428568,75.78869047619048,51.314285714285724,92.02857142857142,530.4464285714286,422.85714285714283,683.8571428571429,83.0,1058000.0
2023_15,2023,2024-04-16,2024-04-15,219,32.0,1400,15.873214285714283,9.557142857142859,23.042857142857144,247.0952380952381,0.0,877.1428571428571,1601.922619047619,6.571428571428571,2497.1428571428573,18.652380952380952,11.214285714285714,27.385714285714283,76.79940476190475,54.0,91.8142857142857,520.9345238095239,423.85714285714283,656.7142857142857,65.0,817200.0
2023_15,2023,2024-04-17,2024-04-16,220,32.0,1400,15.925595238095239,10.085714285714285,22.599999999999998,233.86904761904765,0.0,892.7142857142857,1489.5416666666667,5.142857142857143,2383.1428571428573,18.69464285714286,11.728571428571428,27.24285714285714,77.41190476190476,54.4,91.92857142857143,512.3154761904763,422.0,638.4285714285714,97.5,1278000.0
2023_15,2023,2024-04-18,2024-04-17,221,32.0,1400,16.036309523809525,10.157142857142857,22.957142857142856,236.98214285714286,0.0,895.4285714285714,1462.4880952380952,3.857142857142857,2383.0,18.934523809523807,12.014285714285714,27.714285714285715,77.35595238095239,53.34285714285714,92.08571428571429,511.13095238095235,421.2857142857143,632.1428571428571,56.0,702400.0
2023_15,2023,2024-04-19,2024-04-18,222,32.0,1400,15.88154761904762,9.485714285714286,23.128571428571426,245.32738095238096,0.0,881.4285714285714,1492.0119047619046,2.5714285714285716,2441.1428571428573,18.9375,11.757142857142856,27.699999999999996,76.99702380952382,53.228571428571435,92.2,514.6428571428571,422.57142857142856,649.1428571428571,130.0,1618400.0
2023_15,2023,2024-04-20,2024-04-19,223,32.0,1400,15.861904761904759,9.114285714285716,23.214285714285715,251.91071428571428,0.0,894.1428571428571,1512.4047619047617,0.0,2479.5714285714284,18.973809523809525,11.700000000000001,28.04285714285714,76.50238095238095,51.51428571428572,92.25714285714285,512.8869047619048,422.14285714285717,643.1428571428571,172.0,2183200.0
2023_15,2023,2024-04-21,2024-04-20,224,32.0,1400,15.479761904761904,9.671428571428573,21.62857142857143,213.10714285714286,0.0,768.7142857142857,1365.5535714285713,0.0,2479.285714285714,18.470833333333335,12.128571428571428,26.6,78.2702380952381,56.25714285714285,92.42857142857143,513.3333333333334,426.14285714285717,635.8571428571429,124.0,1556800.0
2023_15,2023,2024-04-23,2024-04-22,226,32.0,1400,15.306547619047619,10.757142857142856,20.771428571428572,197.92857142857142,0.0,745.5714285714286,1171.1964285714287,0.0,2043.0,18.520238095238092,12.942857142857141,26.88571428571429,79.54285714285713,55.971428571428575,92.88571428571429,512.4880952380952,427.7142857142857,630.8571428571429,48.0,598400.0
2023_15,2023,2024-04-24,2024-04-23,227,32.0,1400,15.524404761904762,10.685714285714285,21.37142857142857,205.66071428571428,0.0,778.0,1248.2559523809523,0.0,2079.0,18.626785714285713,12.814285714285715,27.157142857142855,79.26428571428572,55.31428571428571,93.0142857142857,516.2202380952381,426.85714285714283,637.7142857142857,47.0,592400.0
2023_15,2023,2024-04-25,2024-04-24,228,32.0,1400,15.344642857142857,10.671428571428573,20.314285714285713,192.625,0.0,821.8571428571429,1204.8988095238094,0.0,2001.142857142857,18.417261904761904,12.571428571428571,26.514285714285716,79.94880952380952,57.357142857142854,93.11428571428573,512.8035714285714,425.7142857142857,629.7142857142857,46.0,586400.0
2023_15,2023,2024-04-26,2024-04-25,229,32.0,1400,15.45238095238095,11.257142857142856,20.32857142857143,195.11904761904765,0.0,832.4285714285714,1185.3869047619048,0.0,2025.4285714285713,18.527380952380952,12.842857142857143,26.87142857142857,80.40476190476191,57.699999999999996,93.34285714285714,505.42857142857144,422.42857142857144,605.8571428571429,107.0,1357200.0
2023_15,2023,2024-04-27,2024-04-26,230,32.0,1400,15.372023809523808,11.585714285714285,20.314285714285713,189.7261904761905,0.0,855.0,1168.577380952381,0.0,2045.857142857143,18.498214285714287,12.928571428571429,27.042857142857144,81.00535714285715,59.04285714285714,93.54285714285716,504.73214285714283,421.0,596.2857142857143,96.0,1237600.0
2023_15,2023,2024-04-29,2024-04-28,232,32.0,1400,15.794642857142856,10.014285714285714,23.042857142857144,264.75595238095235,0.0,1080.7142857142858,1552.375,0.2857142857142857,2401.5714285714284,19.333333333333336,11.842857142857142,29.857142857142858,77.82976190476191,51.51428571428572,93.72857142857141,509.1011904761904,412.57142857142856,617.4285714285714,106.0,1332000.0
2023_15,2023,2024-04-30,2024-04-29,233,32.0,1400,15.808333333333332,10.271428571428572,22.82857142857143,255.2619047619048,0.0,1036.0,1570.9880952380954,0.2857142857142857,2576.5714285714284,19.252380952380953,12.042857142857143,29.214285714285715,78.44345238095238,54.07142857142857,93.5,508.98214285714283,407.7142857142857,619.2857142857143,56.0,729600.0
2023_15,2023,2024-05-01,2024-04-30,234,32.0,1400,15.77142857142857,10.528571428571428,22.142857142857142,249.1845238095238,0.0,972.5714285714286,1529.7976190476188,0.2857142857142857,2556.0,19.27559523809524,12.385714285714284,28.871428571428574,78.63809523809525,54.94285714285714,93.27142857142859,503.36309523809524,407.7142857142857,605.0,57.0,718000.0
2023_15,2023,2024-05-02,2024-05-01,235,32.0,1400,15.995833333333332,10.62857142857143,22.814285714285717,246.76785714285714,0.0,880.8571428571429,1503.3214285714287,0.2857142857142857,2535.4285714285716,19.31607142857143,12.414285714285715,29.228571428571428,78.64642857142857,55.185714285714276,93.17142857142856,503.64285714285717,407.14285714285717,606.0,43.0,536000.0
2023_15,2023,2024-05-03,2024-05-02,236,32.0,1400,16.126785714285713,10.742857142857144,22.728571428571428,245.98214285714286,0.0,902.2857142857143,1456.2916666666667,0.42857142857142855,2462.8571428571427,19.280357142857145,12.414285714285713,28.985714285714288,78.90833333333333,55.285714285714285,93.12857142857145,504.7023809523809,408.57142857142856,607.2857142857143,180.0,2420000.0
2023_15,2023,2024-05-04,2024-05-03,237,32.0,1400,16.30178571428571,10.571428571428571,23.085714285714285,255.57738095238093,0.0,881.8571428571429,1480.452380952381,0.5714285714285714,2484.8571428571427,19.374404761904763,12.257142857142856,29.099999999999998,78.32559523809525,53.94285714285714,93.14285714285714,504.5833333333333,410.0,615.1428571428571,169.0,2282000.0
2023_15,2023,2024-05-05,2024-05-04,238,32.0,1400,16.66190476190476,10.742857142857144,23.428571428571427,251.16071428571428,0.0,881.1428571428571,1490.5059523809525,0.5714285714285714,2488.8571428571427,19.651190476190475,12.414285714285713,29.542857142857144,78.23214285714286,53.91428571428571,93.01428571428572,502.9107142857143,406.14285714285717,616.7142857142857,122.0,1620000.0
2023_15,2023,2024-05-06,2024-05-05,239,32.0,1400,16.92202380952381,11.828571428571427,22.257142857142856,212.6488095238095,0.0,749.8571428571429,1329.767857142857,0.42857142857142855,2451.1428571428573,19.713690476190475,13.485714285714286,28.24285714285714,80.05178571428573,58.385714285714286,93.02857142857144,496.50595238095235,405.7142857142857,614.1428571428571,122.0,1636000.0
2023_15,2023,2024-05-07,2024-05-06,240,32.0,1400,16.68095238095238,11.657142857142858,21.87142857142857,214.31547619047618,0.0,779.8571428571429,1253.2559523809523,0.42857142857142855,2197.285714285714,19.51666666666667,13.371428571428572,28.099999999999998,80.07142857142857,57.214285714285715,93.34285714285714,494.76190476190476,410.42857142857144,619.2857142857143,134.0,1784000.0
2023_15,2023,2024-05-08,2024-05-07,241,32.0,1400,16.56547619047619,11.671428571428573,21.557142857142853,190.33928571428572,0.0,695.7142857142857,1156.6845238095239,0.42857142857142855,2055.1428571428573,19.12738095238095,13.314285714285715,27.085714285714285,81.27738095238094,60.728571428571435,93.42857142857143,495.93452380952385,412.42857142857144,617.1428571428571,97.0,1282000.0
2023_15,2023,2024-05-10,2024-05-09,243,32.0,1400,16.413690476190474,11.357142857142858,21.485714285714288,214.35119047619045,0.0,730.5714285714286,1317.5476190476188,0.7142857142857143,2315.1428571428573,19.044642857142858,12.928571428571429,27.157142857142855,79.46845238095239,58.24285714285715,93.35714285714286,494.1607142857143,411.85714285714283,627.0,110.0,1424000.0
2023_15,2023,2024-05-12,2024-05-11,245,32.0,1400,16.27857142857143,11.828571428571431,20.571428571428573,198.4285714285714,0.0,712.7142857142857,1285.3869047619046,1.1428571428571428,2308.285714285714,18.78809523809524,13.12857142857143,26.485714285714288,80.54404761904763,60.82857142857143,93.34285714285714,488.2261904761905,410.85714285714283,614.0,144.0,1872000.0
2023_15,2023,2024-05-13,2024-05-12,246,32.0,1400,15.870833333333334,11.242857142857144,20.62857142857143,239.14285714285714,0.0,833.7142857142857,1414.9583333333333,1.2857142857142858,2320.4285714285716,18.73809523809524,12.257142857142856,27.25714285714286,78.57440476190477,56.42857142857143,93.24285714285715,487.7142857142857,410.0,606.5714285714286,151.0,1906000.0
2023_15,2023,2024-05-14,2024-05-13,247,32.0,1400,16.027380952380952,10.428571428571429,21.61428571428571,276.61309523809524,0.0,916.4285714285714,1658.5654761904764,1.7142857142857142,2642.285714285714,19.001785714285713,11.528571428571427,28.542857142857144,77.13511904761904,54.285714285714285,93.10000000000001,488.0357142857143,406.7142857142857,604.4285714285714,173.0,2254000.0
2023_15,2023,2024-05-15,2024-05-14,248,32.0,1400,16.479761904761904,10.12857142857143,22.97142857142857,321.1488095238095,0.0,1030.4285714285713,1917.3452380952383,2.142857142857143,2964.0,19.627380952380953,11.085714285714287,30.357142857142858,75.16666666666666,49.32857142857143,93.1,490.2202380952381,402.42857142857144,619.7142857142857,111.0,1378000.0
2023_15,2023,2024-05-16,2024-05-15,249,32.0,1400,16.288095238095234,9.957142857142857,23.157142857142855,312.23214285714283,0.0,1025.2857142857142,1972.4940476190477,2.4285714285714284,2973.8571428571427,19.423809523809524,10.9,30.599999999999998,76.29583333333333,50.214285714285715,93.21428571428571,495.922619047619,399.2857142857143,637.0,48.0,628000.0
2023_15,2023,2024-05-17,2024-05-16,250,32.0,1400,16.189285714285713,9.857142857142858,22.928571428571427,312.9583333333333,0.0,1030.142857142857,1940.7380952380954,2.5714285714285716,2970.1428571428573,19.329761904761906,10.857142857142858,30.37142857142857,77.14999999999999,50.47142857142857,93.39999999999999,491.55952380952385,398.7142857142857,629.2857142857143,90.0,1116000.0
2023_15,2023,2024-05-18,2024-05-17,251,32.0,1400,16.473809523809525,10.171428571428573,23.02857142857143,310.5476190476191,0.0,1035.0,1928.0952380952383,2.857142857142857,2969.714285714286,19.514285714285712,11.071428571428571,30.271428571428572,78.51011904761904,53.028571428571425,93.62857142857142,487.3452380952381,399.14285714285717,615.5714285714286,55.0,666000.0
2023_15,2023,2024-05-19,2024-05-18,252,32.0,1400,16.62142857142857,10.171428571428573,23.457142857142856,331.80357142857144,0.0,1046.0,1990.9166666666667,3.0,2978.1428571428573,19.88095238095238,11.114285714285714,30.97142857142857,78.72797619047618,52.699999999999996,93.92857142857143,487.35714285714283,396.0,617.8571428571429,94.0,1160000.0
2023_15,2023,2024-05-20,2024-05-19,253,32.0,1400,17.163095238095234,10.342857142857143,24.471428571428568,336.5892857142857,0.0,1056.5714285714287,2055.136904761905,3.4285714285714284,3021.714285714286,20.28988095238095,11.285714285714286,31.957142857142856,78.91904761904763,52.34285714285714,93.74285714285715,489.0,393.2857142857143,622.8571428571429,117.0,1410000.0
2023_15,2023,2024-05-21,2024-05-20,254,32.0,1400,17.511904761904763,10.842857142857143,24.742857142857144,325.625,0.0,1039.2857142857142,2027.1785714285713,3.7142857142857144,3021.8571428571427,20.61845238095238,11.714285714285714,31.928571428571427,79.8327380952381,54.042857142857144,93.84285714285714,486.7261904761905,391.85714285714283,613.7142857142857,118.0,1456000.0
2023_15,2023,2024-05-22,2024-05-21,255,32.0,1400,17.875,11.700000000000001,25.185714285714283,314.7023809523809,0.0,1040.2857142857142,1953.0059523809525,3.2857142857142856,2945.5714285714284,20.91488095238095,12.542857142857143,32.01428571428571,80.82619047619048,54.871428571428574,94.08571428571429,480.9107142857143,392.85714285714283,597.0,65.0,806000.0
2023_15,2023,2024-05-23,2024-05-22,256,32.0,1400,18.859523809523807,12.599999999999998,25.97142857142857,322.6607142857143,0.0,1037.857142857143,1954.0059523809523,3.142857142857143,2900.1428571428573,21.744642857142853,13.400000000000002,32.25714285714286,80.6934523809524,55.84285714285714,94.02857142857144,472.1011904761905,392.0,572.2857142857143,92.0,1112000.0
2023_16,2023,2023-12-13,2023-12-12,89,35.0,2000,10.829166666666667,6.028571428571429,15.614285714285714,68.375,0.0,336.85714285714283,504.4940476190476,1.5714285714285714,779.2857142857143,14.678571428571429,10.557142857142859,21.62857142857143,89.20357142857142,70.68571428571428,96.28571428571429,519.4583333333333,376.14285714285717,752.1428571428571,36.0,594000.0
2023_16,2023,2023-12-16,2023-12-15,92,35.0,2000,11.59047619047619,8.671428571428573,14.757142857142856,47.43452380952381,0.0,287.57142857142856,363.32142857142856,0.8571428571428571,614.5714285714286,14.652380952380954,11.72857142857143,20.057142857142857,91.675,77.94285714285715,96.68571428571428,555.4464285714286,395.0,807.0,56.0,728000.0
2023_16,2023,2023-12-29,2023-12-28,105,35.0,2000,-0.6851190476190475,-4.6,3.7714285714285714,105.77976190476191,0.0,483.7142857142857,709.8273809523808,0.2857142857142857,941.1428571428571,12.911309523809525,8.17142857142857,24.257142857142856,87.07440476190477,67.3142857142857,95.18571428571428,555.9047619047619,376.14285714285717,802.5714285714286,12.0,300000.0
2023_16,2023,2024-01-01,2023-12-31,108,35.0,2000,2.773214285714286,-0.5285714285714285,7.014285714285713,75.49404761904762,0.0,389.7142857142857,542.6904761904763,0.0,756.7142857142857,12.525,8.085714285714285,21.885714285714283,88.67678571428571,72.44285714285714,95.87142857142858,587.4345238095239,399.57142857142856,850.1428571428571,24.0,608000.0
2023_16,2023,2024-01-02,2024-01-01,109,35.0,2000,3.3815476190476192,-0.08571428571428545,7.5,76.5,0.0,388.14285714285717,518.6904761904763,0.0,753.4285714285714,12.573214285714286,7.942857142857143,21.8,88.53511904761903,73.10000000000001,95.85714285714286,575.5416666666666,390.0,821.4285714285714,42.0,1048000.0
2023_16,2023,2024-01-03,2024-01-02,110,35.0,2000,3.6142857142857143,0.48571428571428593,7.442857142857143,68.05357142857143,0.0,342.42857142857144,493.86309523809524,0.0,747.8571428571429,12.238095238095237,7.828571428571428,20.8,88.8202380952381,73.48571428571428,95.87142857142858,559.9583333333334,391.85714285714283,803.2857142857143,44.0,1040000.0
2023_16,2023,2024-01-04,2024-01-03,111,35.0,2000,3.663095238095238,0.7000000000000003,7.157142857142857,60.125,0.0,335.0,447.23214285714283,0.0,690.2857142857143,11.995238095238095,7.799999999999999,20.357142857142858,89.15833333333333,73.81428571428572,95.77142857142857,549.1130952380952,394.42857142857144,792.7142857142857,18.0,440000.0
2023_16,2023,2024-01-05,2024-01-04,112,35.0,2000,3.7220238095238094,0.5714285714285717,7.442857142857143,61.589285714285715,0.0,341.0,435.2619047619047,0.0,701.7142857142857,11.942857142857141,7.728571428571428,20.24285714285714,88.80297619047619,72.74285714285715,95.74285714285715,536.1011904761905,390.14285714285717,739.7142857142857,78.0,1520000.0
2023_16,2023,2024-01-06,2024-01-05,113,35.0,2000,4.247023809523809,0.7571428571428575,7.828571428571428,57.148809523809526,0.0,311.7142857142857,421.75,0.0,717.1428571428571,12.066666666666666,8.142857142857142,19.91428571428571,88.91845238095236,72.92857142857143,95.85714285714286,540.3928571428571,393.42857142857144,745.8571428571429,46.0,864000.0
2023_16,2023,2024-01-07,2024-01-06,114,35.0,2000,4.357142857142857,0.7142857142857145,7.857142857142857,70.26190476190477,0.0,360.14285714285717,455.577380952381,0.0,771.5714285714286,12.397619047619047,8.128571428571428,20.942857142857143,88.06904761904762,70.18571428571428,95.71428571428571,519.9761904761905,374.2857142857143,735.0,48.0,928000.0
2023_16,2023,2024-01-08,2024-01-07,115,35.0,2000,3.4809523809523806,-0.3571428571428569,6.914285714285713,82.28571428571429,0.0,399.0,534.2559523809524,0.0,876.0,12.635714285714286,7.8428571428571425,22.157142857142862,87.59642857142856,68.42857142857143,95.68571428571428,525.1130952380952,370.85714285714283,741.1428571428571,32.0,608000.0
2023_16,2023,2024-01-09,2024-01-08,116,35.0,2000,2.374404761904762,-1.3714285714285712,6.028571428571428,86.97023809523809,0.0,406.85714285714283,582.1964285714286,0.0,916.2857142857143,12.66547619047619,7.642857142857143,22.285714285714285,86.84523809523809,66.78571428571429,95.25714285714285,526.5892857142857,374.0,736.8571428571429,20.0,400000.0
2023_16,2023,2024-01-10,2024-01-09,117,35.0,2000,1.8958333333333333,-2.314285714285714,5.942857142857143,86.25,0.0,404.57142857142856,592.3511904761906,0.0,956.7142857142857,12.707142857142857,7.685714285714285,22.228571428571428,86.98392857142858,68.25714285714285,95.11428571428571,533.8511904761905,385.7142857142857,733.2857142857143,28.0,592000.0
2023_16,2023,2024-01-11,2024-01-10,118,35.0,2000,1.5244047619047618,-2.7714285714285714,5.499999999999999,93.92857142857143,0.0,416.2857142857143,620.4107142857143,0.0,1023.4285714285714,12.883928571428571,7.8428571428571425,22.38571428571429,86.53690476190476,67.94285714285715,95.17142857142858,530.6607142857143,382.57142857142856,718.5714285714286,18.0,368000.0
2023_16,2023,2024-01-12,2024-01-11,119,35.0,2000,1.500595238095238,-2.685714285714286,5.185714285714285,88.30357142857143,0.0,401.0,622.6369047619048,0.0,1021.1428571428571,12.837500000000002,7.9142857142857155,22.599999999999998,87.14821428571429,68.65714285714286,95.38571428571429,530.8214285714286,385.57142857142856,734.2857142857143,108.0,1860000.0
2023_16,2023,2024-01-13,2024-01-12,120,35.0,2000,1.2755952380952382,-2.714285714285714,5.042857142857143,99.19047619047619,0.0,446.7142857142857,646.3571428571429,0.0,1022.7142857142857,12.910714285714286,7.671428571428572,23.271428571428572,86.64642857142859,66.9,95.48571428571428,516.8869047619047,378.7142857142857,708.4285714285714,118.0,2080000.0
2023_16,2023,2024-01-15,2024-01-14,122,35.0,2000,1.4928571428571427,-3.0428571428571423,6.871428571428571,96.69642857142857,0.0,444.14285714285717,673.2916666666667,0.0,1041.7142857142858,12.888095238095238,7.714285714285714,23.442857142857147,86.6595238095238,66.89999999999999,95.17142857142858,520.4285714285714,370.42857142857144,708.0,52.0,860000.0
2023_16,2023,2024-01-16,2024-01-15,123,35.0,2000,1.9011904761904763,-2.4714285714285715,7.057142857142857,97.54761904761905,0.0,446.2857142857143,667.1904761904761,0.0,1048.2857142857142,12.904761904761907,7.628571428571428,23.528571428571432,86.81190476190477,67.27142857142857,95.27142857142857,516.7619047619048,362.42857142857144,700.0,40.0,650000.0
2023_16,2023,2024-01-17,2024-01-16,124,35.0,2000,1.4636904761904763,-2.8857142857142857,6.6,109.63690476190477,0.0,494.14285714285717,713.8809523809524,0.14285714285714285,1054.7142857142858,13.011904761904763,7.371428571428572,24.17142857142857,85.92142857142858,65.14285714285715,95.0142857142857,505.72023809523813,338.85714285714283,721.5714285714286,10.0,200000.0
2023_16,2023,2024-01-18,2024-01-17,125,35.0,2000,1.5857142857142859,-2.728571428571428,6.742857142857143,97.67857142857143,0.0,442.14285714285717,697.8869047619047,0.2857142857142857,1069.7142857142858,12.90952380952381,7.528571428571429,23.128571428571426,86.55654761904762,68.12857142857142,94.95714285714284,518.7380952380952,354.42857142857144,728.5714285714286,26.0,440000.0
2023_16,2023,2024-01-19,2024-01-18,126,35.0,2000,2.2869047619047618,-1.5714285714285714,7.185714285714285,92.9702380952381,0.0,421.0,641.0595238095239,0.2857142857142857,983.7142857142857,12.889880952380953,7.628571428571429,22.32857142857143,86.8327380952381,69.91428571428573,94.94285714285715,518.4761904761905,362.0,716.2857142857143,106.0,2409600.0
2023_16,2023,2024-01-20,2024-01-19,127,35.0,2000,2.8017857142857143,-0.6285714285714284,7.342857142857142,84.47619047619048,0.0,396.7142857142857,596.6309523809524,0.2857142857142857,919.5714285714286,12.859523809523811,7.8,21.885714285714283,87.2297619047619,70.32857142857144,94.85714285714286,518.125,360.57142857142856,711.7142857142857,28.0,604800.0
2023_16,2023,2024-01-22,2024-01-21,129,35.0,2000,3.7178571428571425,1.2714285714285718,6.314285714285715,65.13095238095238,0.0,316.7142857142857,458.5357142857143,0.42857142857142855,765.2857142857143,12.449404761904763,7.985714285714286,20.58571428571429,88.47678571428571,74.77142857142857,95.38571428571429,517.297619047619,378.2857142857143,732.4285714285714,12.0,276800.0
2023_16,2023,2024-01-27,2024-01-26,134,35.0,2000,-1.2517857142857145,-4.128571428571428,1.7142857142857137,92.80357142857143,0.0,405.0,612.7321428571429,0.7142857142857143,901.4285714285714,11.751785714285713,7.371428571428572,20.97142857142857,86.36369047619048,69.92857142857143,94.5,513.4166666666667,372.57142857142856,800.1428571428571,6.0,168000.0
2023_16,2023,2024-02-02,2024-02-01,140,35.0,2000,2.1672619047619044,-1.3000000000000003,6.871428571428571,124.26785714285714,0.0,570.7142857142857,835.4761904761906,0.8571428571428571,1200.5714285714287,13.869642857142859,7.728571428571429,25.9,85.60535714285713,65.07142857142858,94.9857142857143,530.0297619047619,351.42857142857144,760.8571428571429,6.0,156000.0
2023_16,2023,2024-02-03,2024-02-02,141,35.0,2000,2.6321428571428567,-0.5142857142857143,7.114285714285713,126.35119047619048,0.0,588.5714285714286,809.654761904762,0.8571428571428571,1175.2857142857142,13.954761904761906,7.3,26.314285714285717,85.84821428571426,65.92857142857143,95.1857142857143,536.7142857142857,360.0,777.1428571428571,10.0,260000.0
2023_16,2023,2024-02-06,2024-02-05,144,35.0,2000,4.619642857142857,1.3571428571428572,8.799999999999999,98.7202380952381,0.0,476.57142857142856,691.9404761904761,0.5714285714285714,1113.0,13.710714285714285,8.328571428571427,24.771428571428572,87.60119047619047,68.78571428571429,95.58571428571429,555.3988095238095,379.7142857142857,793.2857142857143,34.0,884000.0
2023_16,2023,2024-02-07,2024-02-06,145,35.0,2000,4.8999999999999995,2.1857142857142855,8.37142857142857,84.91071428571429,0.0,444.7142857142857,596.25,0.42857142857142855,994.7142857142857,13.43392857142857,8.371428571428572,23.642857142857142,88.4392857142857,70.78571428571429,95.72857142857143,573.9583333333334,406.57142857142856,821.8571428571429,28.0,728000.0
2023_16,2023,2024-02-08,2024-02-07,146,35.0,2000,4.244047619047619,1.7285714285714284,7.242857142857142,88.72619047619048,0.0,459.57142857142856,576.0297619047619,0.7142857142857143,991.1428571428571,13.192261904761905,8.085714285714285,23.357142857142858,88.19940476190474,71.34285714285714,95.94285714285716,566.4047619047619,409.42857142857144,791.4285714285714,20.0,480000.0
2023_16,2023,2024-02-09,2024-02-08,147,35.0,2000,3.5880952380952382,0.7428571428571428,6.885714285714285,97.01190476190477,0.0,478.14285714285717,620.029761904762,1.1428571428571428,1023.7142857142857,13.277380952380952,7.985714285714286,23.82857142857143,87.63154761904762,70.17142857142856,95.70000000000002,563.547619047619,404.0,792.0,54.0,1296000.0
2023_16,2023,2024-02-10,2024-02-09,148,35.0,2000,3.355952380952381,0.2857142857142856,6.828571428571428,104.125,0.0,506.42857142857144,670.1845238095239,1.4285714285714286,1077.857142857143,13.210714285714285,8.314285714285713,23.385714285714283,87.13154761904762,68.65714285714286,95.58571428571429,558.4047619047619,395.7142857142857,796.5714285714286,30.0,720000.0
2023_16,2023,2024-02-12,2024-02-11,150,35.0,2000,2.3863095238095235,-0.942857142857143,6.1428571428571415,115.89285714285714,0.0,559.5714285714286,762.7797619047618,2.142857142857143,1145.0,13.043452380952383,7.742857142857142,23.914285714285715,86.1190476190476,66.5,95.3,526.1369047619048,378.7142857142857,743.8571428571429,50.0,1200000.0
2023_16,2023,2024-02-13,2024-02-12,151,35.0,2000,2.1309523809523805,-1.8857142857142857,6.8999999999999995,134.89880952380955,0.0,624.4285714285714,836.9107142857143,2.7142857142857144,1202.5714285714287,13.329166666666667,7.628571428571429,25.442857142857143,84.86845238095238,62.800000000000004,95.2,518.9166666666666,371.57142857142856,739.1428571428571,44.0,1056000.0
2023_16,2023,2024-02-14,2024-02-13,152,35.0,2000,2.8839285714285716,-2.0571428571428574,8.499999999999998,152.19642857142858,0.0,666.4285714285714,957.4166666666667,3.2857142857142856,1353.2857142857142,13.829761904761906,7.8,26.514285714285712,83.6392857142857,58.471428571428575,95.12857142857142,495.2797619047619,356.2857142857143,695.5714285714286,4.0,96000.0
2023_16,2023,2024-02-15,2024-02-14,153,35.0,2000,4.615476190476191,-0.42857142857142855,10.428571428571429,145.07142857142858,0.0,645.8571428571429,970.6130952380952,2.857142857142857,1384.857142857143,14.25297619047619,8.485714285714286,26.842857142857138,83.99880952380953,59.1,95.01428571428572,490.44642857142856,350.7142857142857,687.8571428571429,20.0,480000.0
2023_16,2023,2024-02-16,2024-02-15,154,35.0,2000,5.395238095238095,0.028571428571428713,11.214285714285714,129.14285714285714,0.0,586.5714285714286,883.2083333333333,2.5714285714285716,1314.2857142857142,14.061904761904762,8.242857142857144,25.414285714285715,84.88392857142857,61.55714285714286,95.28571428571429,488.2857142857143,360.85714285714283,678.8571428571429,128.0,2688000.0
2023_16,2023,2024-02-17,2024-02-16,155,35.0,2000,5.564285714285715,0.12857142857142875,11.671428571428569,129.03571428571428,0.0,568.1428571428571,846.5595238095237,2.857142857142857,1333.2857142857142,14.182142857142859,8.1,25.557142857142857,84.60595238095239,60.8,95.15714285714284,481.4345238095238,365.85714285714283,645.2857142857143,364.0,7644000.0
2023_16,2023,2024-02-18,2024-02-17,156,35.0,2000,5.977380952380953,0.342857142857143,12.357142857142858,133.5952380952381,0.0,586.2857142857143,876.9166666666666,3.142857142857143,1352.2857142857142,14.44345238095238,8.314285714285715,26.085714285714285,83.99761904761905,59.08571428571429,95.05714285714286,478.26785714285717,365.42857142857144,639.4285714285714,308.0,6468000.0
2023_16,2023,2024-02-19,2024-02-18,157,35.0,2000,6.896428571428572,0.7571428571428573,13.37142857142857,120.55952380952381,0.0,525.0,848.8690476190477,3.142857142857143,1408.7142857142858,14.544642857142858,8.5,25.0,84.98988095238096,61.07142857142857,95.52857142857144,480.00595238095235,366.85714285714283,651.8571428571429,100.0,2100000.0
2023_16,2023,2024-02-20,2024-02-19,158,35.0,2000,7.878571428571428,1.8285714285714287,13.77142857142857,98.35119047619048,0.0,442.14285714285717,728.2619047619047,2.5714285714285716,1238.2857142857142,14.51845238095238,8.67142857142857,23.442857142857143,87.01964285714287,66.81428571428572,96.0,471.4107142857143,367.14285714285717,623.8571428571429,80.0,1680000.0
2023_16,2023,2024-02-21,2024-02-20,159,35.0,2000,7.471428571428571,2.4142857142857146,12.457142857142857,76.72023809523809,0.0,361.2857142857143,585.5833333333334,2.142857142857143,1052.0,13.958333333333332,8.6,21.614285714285717,88.62440476190477,72.15714285714286,96.41428571428573,468.922619047619,377.57142857142856,602.2857142857143,76.0,1596000.0
2023_16,2023,2024-02-22,2024-02-21,160,35.0,2000,6.408928571428571,1.5857142857142859,10.985714285714284,66.92857142857143,0.0,307.2857142857143,492.59523809523813,2.142857142857143,871.7142857142857,13.258928571428571,8.085714285714285,19.757142857142856,89.07619047619048,74.27142857142857,96.35714285714286,467.6726190476191,381.57142857142856,592.0,60.0,1260000.0
2023_16,2023,2024-02-23,2024-02-22,161,35.0,2000,6.118452380952381,2.0571428571428574,10.200000000000001,68.82738095238095,0.0,299.14285714285717,474.73809523809524,2.142857142857143,811.4285714285714,13.149404761904762,8.414285714285715,19.642857142857142,89.03154761904761,74.34285714285714,96.38571428571429,463.90476190476187,381.7142857142857,589.2857142857143,400.0,6800000.0
2023_16,2023,2024-02-24,2024-02-23,162,35.0,2000,6.368452380952381,2.642857142857143,9.928571428571429,52.88095238095239,0.0,264.0,417.5892857142857,1.4285714285714286,676.4285714285714,13.042857142857143,8.814285714285715,18.728571428571428,90.0827380952381,76.94285714285715,96.52857142857144,469.01190476190476,385.2857142857143,600.8571428571429,440.0,7480000.0
2023_16,2023,2024-02-26,2024-02-25,164,35.0,2000,5.636309523809524,3.528571428571429,7.914285714285713,47.42261904761905,0.0,252.28571428571428,308.875,1.5714285714285714,458.7142857142857,12.709523809523807,8.871428571428572,18.37142857142857,90.43809523809523,77.47142857142856,96.27142857142857,468.6547619047619,382.57142857142856,574.8571428571429,236.0,4012000.0
2023_16,2023,2024-02-27,2024-02-26,165,35.0,2000,4.622023809523809,2.6714285714285713,7.042857142857143,71.61309523809523,0.0,344.57142857142856,411.63690476190476,3.142857142857143,638.7142857142857,12.811904761904762,8.72857142857143,19.75714285714286,88.4922619047619,72.67142857142856,95.65714285714286,470.98214285714283,378.7142857142857,595.5714285714286,110.0,1870000.0
2023_16,2023,2024-02-28,2024-02-27,166,35.0,2000,4.6065476190476184,2.1428571428571432,7.499999999999999,88.76785714285714,0.0,426.0,547.2083333333334,4.285714285714286,834.5714285714286,13.164880952380953,8.614285714285716,21.17142857142857,87.08928571428571,69.42857142857143,95.1,469.7559523809524,365.2857142857143,611.7142857142857,138.0,2346000.0
2023_16,2023,2024-02-29,2024-02-28,167,35.0,2000,4.800595238095238,1.8571428571428572,8.128571428571428,108.13095238095238,0.0,502.85714285714283,685.3214285714286,6.142857142857143,1027.2857142857142,13.667857142857143,8.457142857142857,23.014285714285716,85.69821428571427,64.92857142857143,94.75714285714287,471.86309523809524,363.2857142857143,647.1428571428571,204.0,3456000.0
2023_16,2023,2024-03-01,2024-02-29,168,35.0,2000,5.160119047619047,1.9285714285714288,8.585714285714285,111.16666666666667,0.0,520.8571428571429,760.4880952380952,6.428571428571429,1202.142857142857,13.836309523809522,8.457142857142857,23.685714285714287,85.34345238095239,64.41428571428571,94.45714285714287,481.7916666666667,364.85714285714283,680.2857142857143,350.0,7660000.0
2023_16,2023,2024-03-02,2024-03-01,169,35.0,2000,4.447619047619048,1.1428571428571428,8.114285714285714,130.77380952380952,0.0,567.2857142857143,846.3333333333333,8.428571428571429,1368.142857142857,13.889880952380953,8.128571428571428,24.428571428571427,84.11130952380951,62.357142857142854,94.3,478.1547619047619,362.14285714285717,681.2857142857143,366.0,7868000.0
2023_16,2023,2024-03-03,2024-03-02,170,35.0,2000,3.7470238095238093,-0.057142857142857065,7.814285714285715,144.49404761904762,0.0,592.7142857142857,954.7619047619047,7.714285714285714,1514.0,14.123809523809525,8.0,25.042857142857144,83.03690476190476,61.32857142857142,94.04285714285713,480.30357142857144,369.2857142857143,731.4285714285714,90.0,1876000.0
2023_16,2023,2024-03-04,2024-03-03,171,35.0,2000,4.092261904761904,-0.18571428571428567,8.5,157.21428571428572,0.0,658.4285714285714,1035.0714285714287,7.142857142857143,1660.0,14.421428571428573,8.142857142857142,25.7,82.29107142857143,58.371428571428574,93.97142857142856,482.48214285714283,357.42857142857144,803.2857142857143,48.0,1040000.0
2023_16,2023,2024-03-05,2024-03-04,172,35.0,2000,4.685119047619048,0.11428571428571435,9.042857142857143,151.625,0.0,645.1428571428571,1043.25,5.571428571428571,1623.2857142857142,14.536904761904761,8.428571428571429,25.585714285714285,82.63154761904762,58.199999999999996,94.12857142857142,486.69047619047615,356.7142857142857,811.1428571428571,34.0,732000.0
2023_16,2023,2024-03-06,2024-03-05,173,35.0,2000,4.885714285714286,0.7714285714285715,8.842857142857142,136.49404761904762,0.0,566.8571428571429,955.3095238095239,4.285714285714286,1575.5714285714287,14.158928571428572,8.628571428571428,24.042857142857144,83.58154761904761,61.214285714285715,94.08571428571429,488.9047619047619,367.14285714285717,815.4285714285714,32.5,705000.0
2023_16,2023,2024-03-08,2024-03-07,175,35.0,2000,4.576785714285714,0.5714285714285714,8.72857142857143,159.98214285714286,0.0,652.4285714285714,961.8511904761906,2.0,1605.2857142857142,14.364880952380954,8.457142857142857,24.585714285714285,82.25059523809523,58.25714285714286,94.17142857142858,469.6904761904762,356.0,769.4285714285714,390.0,5980000.0
2023_16,2023,2024-03-09,2024-03-08,176,35.0,2000,5.135714285714286,1.1142857142857143,9.228571428571428,161.78571428571428,0.0,653.0,999.0595238095239,0.0,1622.0,14.486904761904762,8.471428571428572,25.085714285714285,81.94166666666668,56.51428571428572,94.25714285714285,468.67857142857144,355.57142857142856,788.2857142857143,388.0,6043200.0
2023_16,2023,2024-03-11,2024-03-10,178,35.0,2000,5.024404761904762,0.7571428571428572,9.5,176.04761904761904,0.0,663.8571428571429,1060.4285714285713,0.0,1657.142857142857,14.186904761904762,7.928571428571429,24.37142857142857,80.29940476190475,53.314285714285724,94.01428571428572,454.4047619047619,357.85714285714283,669.4285714285714,296.0,4710400.0
2023_16,2023,2024-03-12,2024-03-11,179,35.0,2000,4.758928571428571,0.48571428571428577,9.514285714285714,170.58333333333331,0.0,630.1428571428571,1076.1607142857142,0.0,1752.142857142857,13.973809523809525,7.557142857142858,23.528571428571432,80.1779761904762,53.44285714285714,93.94285714285715,447.9642857142857,350.7142857142857,650.7142857142857,94.0,1405600.0
2023_16,2023,2024-03-13,2024-03-12,180,35.0,2000,4.505952380952381,-0.07142857142857137,9.542857142857143,186.54761904761904,0.0,716.7142857142857,1129.2083333333333,0.0,1765.857142857143,14.260119047619048,7.128571428571429,25.457142857142856,79.18988095238095,49.25714285714286,94.07142857142857,445.297619047619,340.2857142857143,652.7142857142857,122.0,1848800.0
2023_16,2023,2024-03-14,2024-03-13,181,35.0,2000,4.199404761904762,-0.6714285714285714,9.342857142857142,192.3988095238095,0.0,730.2857142857143,1196.2023809523812,0.0,1819.7142857142858,14.1375,6.8999999999999995,25.099999999999998,78.67440476190475,47.214285714285715,94.1857142857143,448.8392857142857,338.0,678.0,160.0,2304000.0
2023_16,2023,2024-03-15,2024-03-14,182,35.0,2000,4.505952380952381,-0.7857142857142857,10.228571428571428,197.05357142857142,0.0,725.2857142857143,1252.595238095238,0.0,1873.5714285714287,14.202380952380953,7.0,25.04285714285714,77.91904761904763,44.728571428571435,93.98571428571428,451.05357142857144,341.2857142857143,671.5714285714286,378.0,5443200.0
2023_16,2023,2024-03-16,2024-03-15,183,35.0,2000,5.08452380952381,-0.7857142857142857,11.357142857142858,199.67261904761907,0.0,732.8571428571429,1288.9880952380952,0.0,1894.857142857143,14.014285714285716,6.5857142857142845,24.24285714285714,77.35119047619048,43.31428571428571,93.6857142857143,458.5595238095238,346.85714285714283,701.4285714285714,338.0,4887200.0
2023_16,2023,2024-03-17,2024-03-16,184,35.0,2000,6.0755952380952385,-0.3571428571428571,13.014285714285714,196.63095238095235,0.0,762.1428571428571,1287.3690476190477,0.0,1910.2857142857142,14.185714285714285,6.742857142857143,24.357142857142858,77.4952380952381,42.214285714285715,93.84285714285714,465.125,347.2857142857143,731.1428571428571,300.0,4320000.0
2023_16,2023,2024-03-18,2024-03-17,185,35.0,2000,6.925595238095238,0.7142857142857143,13.242857142857142,189.16071428571428,0.0,769.8571428571429,1251.1011904761906,0.0,1882.2857142857142,14.254166666666666,6.557142857142857,24.6,78.40833333333333,43.728571428571435,94.25714285714287,467.6726190476191,348.14285714285717,726.1428571428571,158.0,2132800.0
2023_16,2023,2024-03-19,2024-03-18,186,35.0,2000,7.002380952380952,0.7000000000000001,13.428571428571429,207.375,0.0,826.4285714285714,1297.4940476190477,0.14285714285714285,1896.2857142857142,14.377380952380951,6.428571428571428,25.157142857142855,77.56488095238095,41.771428571428565,94.1,468.4880952380953,359.14285714285717,720.7142857142857,150.0,2040000.0
2023_16,2023,2024-03-20,2024-03-19,187,35.0,2000,7.238095238095239,1.1142857142857143,13.799999999999999,203.54166666666669,0.0,806.0,1328.125,0.14285714285714285,2002.7142857142858,14.245833333333334,6.485714285714286,24.300000000000004,77.5202380952381,41.371428571428574,93.89999999999999,468.0297619047619,362.2857142857143,702.8571428571429,150.0,2040000.0
2023_16,2023,2024-03-21,2024-03-20,188,35.0,2000,7.1065476190476184,1.3142857142857145,13.328571428571427,206.7619047619048,0.0,819.1428571428571,1325.125,0.2857142857142857,2022.142857142857,14.19702380952381,6.5,24.428571428571427,77.80595238095238,43.114285714285714,94.0,463.94642857142856,365.57142857142856,678.7142857142857,150.0,2040000.0
2023_16,2023,2024-03-22,2024-03-21,189,35.0,2000,6.764880952380952,1.0000000000000002,12.914285714285715,210.72619047619045,0.0,827.0,1343.4880952380952,0.42857142857142855,2041.5714285714287,14.174999999999999,6.428571428571429,24.371428571428574,78.01369047619048,44.08571428571429,93.95714285714287,463.7440476190476,361.14285714285717,685.4285714285714,382.0,5367200.0
2023_16,2023,2024-03-23,2024-03-22,190,35.0,2000,7.289880952380953,1.3142857142857145,13.314285714285713,201.5297619047619,0.0,828.8571428571429,1327.6785714285713,0.7142857142857143,2053.714285714286,14.45,7.185714285714286,24.25714285714286,78.45297619047619,44.971428571428575,94.25714285714285,459.64285714285717,360.7142857142857,656.2857142857143,282.0,3984000.0
2023_16,2023,2024-03-25,2024-03-24,192,35.0,2000,8.904166666666667,3.828571428571429,14.6,190.70238095238096,0.0,735.2857142857143,1265.904761904762,1.0,2023.0,15.055357142857144,8.87142857142857,23.971428571428568,78.9327380952381,45.714285714285715,94.48571428571428,454.41666666666663,362.14285714285717,625.4285714285714,186.0,2682000.0
2023_16,2023,2024-03-26,2024-03-25,193,35.0,2000,9.660714285714286,5.1571428571428575,14.77142857142857,163.11309523809524,0.0,658.1428571428571,1134.0119047619048,1.0,1851.5714285714287,14.988690476190476,9.471428571428573,23.214285714285715,80.5047619047619,48.871428571428574,94.84285714285716,457.9523809523809,363.57142857142856,627.8571428571429,106.0,1482000.0
2023_16,2023,2024-03-27,2024-03-26,194,35.0,2000,9.825595238095238,5.228571428571429,14.785714285714286,175.13095238095235,0.0,704.1428571428571,1106.4940476190477,1.0,1805.4285714285713,15.205357142857142,9.685714285714285,23.385714285714283,80.3672619047619,48.714285714285715,95.1,452.1845238095238,363.0,611.8571428571429,72.0,1014000.0
2023_16,2023,2024-03-28,2024-03-27,195,35.0,2000,10.548809523809524,5.728571428571429,15.97142857142857,167.41071428571428,0.0,678.0,1112.422619047619,1.0,1745.142857142857,15.35,9.857142857142858,23.071428571428573,81.0529761904762,49.31428571428571,95.12857142857142,454.55357142857144,364.0,610.7142857142857,96.0,1362000.0
2023_16,2023,2024-03-29,2024-03-28,196,35.0,2000,11.423809523809522,7.357142857142857,16.085714285714285,135.4404761904762,0.0,569.4285714285714,969.7857142857143,0.8571428571428571,1681.5714285714287,15.173214285714286,10.442857142857141,22.02857142857143,83.11071428571428,54.699999999999996,95.44285714285716,452.0,369.57142857142856,573.1428571428571,438.0,6060000.0
2023_16,2023,2024-03-30,2024-03-29,197,35.0,2000,11.285119047619048,7.957142857142857,15.585714285714285,124.6309523809524,0.0,535.8571428571429,838.8928571428571,1.1428571428571428,1489.7142857142858,14.883333333333335,10.142857142857142,21.557142857142857,84.3267857142857,57.22857142857142,95.38571428571429,446.10714285714283,366.14285714285717,543.8571428571429,466.0,6464000.0
2023_16,2023,2024-03-31,2024-03-30,198,35.0,2000,10.51547619047619,6.8,15.142857142857142,117.125,0.0,528.7142857142857,783.1785714285714,1.8571428571428572,1431.0,14.436904761904762,9.385714285714286,21.157142857142855,84.54107142857143,59.15714285714286,95.14285714285714,446.7857142857143,364.57142857142856,543.8571428571429,390.0,5370000.0
2023_16,2023,2024-04-01,2024-03-31,199,35.0,2000,9.967857142857142,5.828571428571429,15.0,139.56547619047618,0.0,607.7142857142857,847.9583333333333,2.4285714285714284,1477.142857142857,14.436309523809523,8.657142857142857,21.571428571428573,83.74107142857143,57.07142857142857,95.04285714285713,441.98809523809524,362.57142857142856,551.1428571428571,254.0,3454000.0
2023_16,2023,2024-04-02,2024-04-01,200,35.0,2000,9.973214285714286,5.171428571428572,15.657142857142857,171.54761904761904,0.0,695.5714285714286,1019.8154761904763,3.0,1683.142857142857,14.781547619047618,8.4,22.61428571428571,81.88392857142857,53.17142857142857,94.88571428571427,439.36309523809524,362.0,552.2857142857143,150.0,2010000.0
2023_16,2023,2024-04-03,2024-04-02,201,35.0,2000,10.763690476190476,5.4142857142857155,16.814285714285713,170.20238095238096,0.0,680.1428571428571,1101.672619047619,3.857142857142857,1763.7142857142858,15.048214285714286,8.514285714285714,22.785714285714285,82.66845238095239,56.58571428571429,94.95714285714287,444.2380952380953,365.57142857142856,560.8571428571429,120.0,1620000.0
2023_16,2023,2024-04-04,2024-04-03,202,35.0,2000,11.388690476190476,6.485714285714287,16.657142857142855,148.95238095238096,0.0,601.5714285714286,1013.6249999999999,4.0,1754.5714285714287,15.266071428571427,9.357142857142858,22.52857142857143,84.5672619047619,62.32857142857143,95.35714285714286,447.98809523809524,365.7142857142857,576.0,398.0,5464000.0
2023_16,2023,2024-04-05,2024-04-04,203,35.0,2000,11.873809523809525,6.814285714285716,17.5,153.42857142857142,0.0,638.2857142857143,976.5476190476192,4.285714285714286,1574.5714285714287,15.557142857142855,9.642857142857142,23.057142857142853,84.96071428571429,62.32857142857143,95.64285714285714,443.3511904761905,366.57142857142856,565.5714285714286,320.0,4761600.0
2023_16,2023,2024-04-06,2024-04-05,204,35.0,2000,12.298809523809524,7.342857142857143,17.87142857142857,160.19642857142858,0.0,648.0,1009.2142857142857,4.0,1656.7142857142858,15.988690476190476,10.0,23.728571428571428,85.72440476190476,64.82857142857144,95.97142857142856,438.9345238095238,364.42857142857144,546.7142857142857,292.0,4425600.0
2023_16,2023,2024-04-07,2024-04-06,205,35.0,2000,12.723214285714286,8.171428571428573,18.014285714285712,162.70833333333331,0.0,629.5714285714286,1043.6369047619048,4.142857142857143,1687.857142857143,16.094642857142855,10.328571428571427,23.842857142857138,86.69880952380952,67.5142857142857,96.31428571428572,436.3511904761904,366.2857142857143,534.5714285714286,230.0,3350400.0
2023_16,2023,2024-04-08,2024-04-07,206,35.0,2000,13.09702380952381,8.528571428571428,18.52857142857143,163.7738095238095,0.0,618.2857142857143,1060.4642857142858,4.285714285714286,1708.142857142857,16.177380952380954,10.4,24.400000000000002,88.04107142857141,72.35714285714286,96.61428571428571,437.86904761904765,372.85714285714283,519.2857142857143,228.0,3156000.0
2023_16,2023,2024-04-09,2024-04-08,207,35.0,2000,13.402380952380952,9.071428571428571,18.74285714285714,148.13095238095235,0.0,573.5714285714286,1011.9107142857143,5.142857142857143,1703.5714285714287,16.02857142857143,10.414285714285715,23.900000000000002,89.69404761904762,77.12857142857142,96.8,436.6904761904762,372.57142857142856,513.1428571428571,180.0,2520000.0
2023_16,2023,2024-04-10,2024-04-09,208,35.0,2000,13.30892857142857,9.200000000000001,18.814285714285713,158.07142857142858,0.0,582.4285714285714,1010.1845238095239,5.571428571428571,1700.7142857142858,16.17797619047619,10.428571428571429,24.428571428571427,89.83392857142857,76.94285714285715,96.97142857142856,434.51785714285717,373.85714285714283,507.0,180.0,2520000.0
2023_16,2023,2024-04-11,2024-04-10,209,35.0,2000,13.27202380952381,8.742857142857144,19.471428571428568,186.43452380952382,0.0,691.7142857142857,1142.0238095238096,6.428571428571429,1787.5714285714287,16.305357142857144,10.028571428571428,25.185714285714287,88.73214285714286,74.44285714285715,96.88571428571429,434.69642857142856,377.0,502.42857142857144,162.0,2278800.0
2023_16,2023,2024-04-12,2024-04-11,210,35.0,2000,13.627380952380951,8.714285714285714,20.314285714285713,212.22619047619045,0.0,789.5714285714286,1311.4880952380952,7.285714285714286,2021.0,16.829761904761906,9.928571428571429,26.5,87.8404761904762,72.41428571428571,96.94285714285714,439.7142857142857,375.14285714285717,514.8571428571429,128.0,1664800.0
2023_16,2023,2024-04-13,2024-04-12,211,35.0,2000,14.138690476190476,8.771428571428572,21.199999999999996,225.23214285714286,0.0,809.0,1425.315476190476,7.0,2127.5714285714284,17.214880952380952,10.028571428571428,27.22857142857143,87.39761904761905,72.07142857142857,96.85714285714286,445.05952380952385,377.85714285714283,526.7142857142857,168.0,2172800.0
2023_16,2023,2024-04-15,2024-04-14,213,35.0,2000,15.603571428571428,9.72857142857143,22.928571428571427,240.1130952380952,0.0,849.7142857142857,1514.0595238095236,5.142857142857143,2254.4285714285716,18.36547619047619,10.700000000000001,28.3,87.19583333333334,71.58571428571427,96.91428571428571,451.1845238095238,379.0,547.7142857142857,84.0,1094400.0
2023_16,2023,2024-04-16,2024-04-15,214,35.0,2000,16.09821428571429,10.328571428571427,22.928571428571427,223.04166666666666,0.0,788.5714285714286,1422.0982142857142,3.5714285714285716,2246.0,18.72202380952381,11.571428571428571,27.942857142857143,88.31309523809523,74.17142857142856,97.12857142857142,453.1904761904762,380.7142857142857,554.8571428571429,74.0,958400.0
2023_16,2023,2024-04-17,2024-04-16,215,35.0,2000,16.13511904761905,10.714285714285714,22.37142857142857,211.72023809523807,0.0,795.4285714285714,1319.955357142857,2.2857142857142856,2146.1428571428573,18.755952380952383,12.071428571428571,27.442857142857143,89.50357142857142,76.04285714285713,97.57142857142857,454.7261904761904,379.85714285714283,557.7142857142857,64.0,822400.0
2023_16,2023,2024-04-18,2024-04-17,216,35.0,2000,16.17083333333333,10.671428571428573,22.557142857142853,214.0,0.0,790.4285714285714,1297.8244047619048,1.1428571428571428,2156.0,18.867261904761904,12.228571428571428,27.3,89.20892857142857,72.82857142857142,97.89999999999999,452.70833333333337,379.0,548.8571428571429,54.0,686400.0
2023_16,2023,2024-04-19,2024-04-18,217,35.0,2000,16.02261904761905,10.185714285714285,22.442857142857143,220.42261904761907,0.0,770.2857142857143,1322.419642857143,0.0,2205.714285714286,18.66190476190476,11.857142857142858,26.8,88.12738095238095,70.35714285714286,97.42857142857143,455.7261904761905,381.7142857142857,552.8571428571429,26.0,305600.0
2023_16,2023,2024-04-20,2024-04-19,218,35.0,2000,16.032142857142855,9.8,22.614285714285717,227.36904761904762,0.0,789.5714285714286,1356.4136904761906,0.0,2250.714285714286,18.570833333333333,11.599999999999998,26.800000000000004,86.58154761904761,65.62857142857142,97.35714285714286,458.5357142857143,382.0,562.0,72.0,919200.0
2023_16,2023,2024-04-22,2024-04-21,220,35.0,2000,15.454761904761906,10.871428571428572,20.157142857142855,168.70833333333331,0.0,631.7142857142857,1062.6517857142858,0.0,2022.7142857142858,17.64166666666667,12.514285714285714,24.04285714285714,87.42261904761904,68.21428571428571,96.9,449.1309523809524,378.42857142857144,537.8571428571429,42.0,547200.0
2023_16,2023,2024-04-23,2024-04-22,221,35.0,2000,15.456547619047617,11.22857142857143,20.099999999999998,184.38095238095238,0.0,703.8571428571429,1079.702380952381,0.0,1893.142857142857,17.813095238095237,12.457142857142856,24.757142857142856,85.83095238095238,63.51428571428571,96.72857142857143,446.41666666666663,376.7142857142857,530.8571428571429,16.0,193600.0
2023_16,2023,2024-04-24,2024-04-23,222,35.0,2000,15.697619047619046,11.22857142857143,20.842857142857138,191.15476190476193,0.0,745.1428571428571,1154.4107142857142,0.0,1926.142857142857,17.877976190476193,12.314285714285715,25.27142857142857,83.51369047619048,58.42857142857143,96.05714285714286,448.32142857142856,374.2857142857143,537.1428571428571,18.0,216800.0
2023_16,2023,2024-04-25,2024-04-24,223,35.0,2000,15.58452380952381,11.314285714285715,20.02857142857143,180.63690476190476,0.0,723.7142857142857,1109.8809523809525,0.0,1849.4285714285713,17.673214285714288,12.342857142857143,24.828571428571426,83.36964285714285,60.114285714285714,95.54285714285716,446.0,374.57142857142856,535.0,32.0,391200.0
2023_16,2023,2024-04-26,2024-04-25,224,35.0,2000,15.612499999999999,11.742857142857144,20.114285714285717,184.125,0.0,734.5714285714286,1094.422619047619,0.0,1879.0,17.935714285714287,12.728571428571428,25.442857142857143,83.31607142857142,59.68571428571429,95.78571428571429,439.76785714285717,370.57142857142856,530.4285714285714,18.0,220800.0
2023_16,2023,2024-04-28,2024-04-27,226,35.0,2000,15.773809523809522,11.3,21.442857142857143,223.3154761904762,0.0,864.8571428571429,1238.0595238095236,0.0,1949.7142857142858,18.425595238095237,12.485714285714286,26.742857142857144,82.09285714285714,55.07142857142857,95.61428571428573,439.9047619047619,369.57142857142856,531.4285714285714,10.0,124000.0
2023_16,2023,2024-04-29,2024-04-28,227,35.0,2000,15.923214285714284,10.514285714285716,22.67142857142857,250.625,0.0,930.7142857142857,1434.8392857142858,0.14285714285714285,2234.1428571428573,18.66845238095238,11.900000000000002,27.75714285714286,80.77440476190476,51.699999999999996,95.47142857142856,447.4107142857143,369.14285714285717,551.4285714285714,10.0,124000.0
2023_16,2023,2024-04-30,2024-04-29,228,35.0,2000,15.957142857142857,10.785714285714286,22.585714285714282,241.04761904761907,0.0,873.5714285714286,1448.7857142857142,0.14285714285714285,2390.4285714285716,18.623809523809523,12.128571428571428,27.5,81.49583333333332,53.971428571428575,95.31428571428572,449.17857142857144,364.7142857142857,561.0,14.0,170400.0
2023_16,2023,2024-05-01,2024-04-30,229,35.0,2000,15.933333333333334,11.042857142857143,21.942857142857143,236.25,0.0,812.5714285714286,1415.4464285714287,0.14285714285714285,2380.714285714286,18.58095238095238,12.442857142857141,26.62857142857143,81.82857142857144,55.07142857142857,95.22857142857141,442.88690476190476,367.14285714285717,547.0,14.0,162000.0
2023_16,2023,2024-05-02,2024-05-01,230,35.0,2000,16.178571428571427,11.042857142857144,22.685714285714283,232.5,0.0,814.7142857142857,1405.297619047619,0.14285714285714285,2371.0,18.690476190476186,12.385714285714284,27.071428571428573,81.6297619047619,54.199999999999996,95.10000000000001,444.5238095238095,366.14285714285717,555.7142857142857,32.0,380000.0
2023_16,2023,2024-05-03,2024-05-02,231,35.0,2000,16.327380952380953,11.214285714285714,22.557142857142853,225.49404761904765,0.0,824.8571428571429,1382.0535714285713,0.2857142857142857,2334.4285714285716,18.661309523809525,12.5,26.928571428571427,81.82678571428572,54.48571428571428,94.95714285714284,447.0595238095238,367.7142857142857,556.4285714285714,44.0,564000.0
2023_16,2023,2024-05-04,2024-05-03,232,35.0,2000,16.449404761904763,11.214285714285714,22.857142857142858,232.41666666666666,0.0,822.4285714285714,1412.0416666666665,0.42857142857142855,2360.285714285714,18.652380952380952,12.485714285714284,26.800000000000004,81.44345238095238,54.24285714285715,95.0,448.6011904761905,365.42857142857144,562.2857142857143,66.0,848000.0
2023_16,2023,2024-05-05,2024-05-04,233,35.0,2000,16.922619047619047,11.457142857142857,23.4,231.0297619047619,0.0,827.2857142857143,1431.2916666666665,0.5714285714285714,2374.285714285714,18.83511904761905,12.585714285714287,26.785714285714285,81.56488095238095,55.371428571428574,95.08571428571429,445.73214285714283,366.2857142857143,548.8571428571429,60.0,764000.0
2023_16,2023,2024-05-06,2024-05-05,234,35.0,2000,17.180952380952384,12.485714285714286,22.314285714285713,195.74404761904762,0.0,706.0,1289.1726190476188,0.42857142857142855,2359.285714285714,19.000595238095237,13.77142857142857,25.857142857142858,83.78809523809524,61.08571428571429,95.44285714285715,441.1190476190476,364.14285714285717,547.8571428571429,74.0,960000.0
2023_16,2023,2024-05-07,2024-05-06,235,35.0,2000,16.925,12.257142857142856,21.985714285714284,196.87499999999997,0.0,747.0,1221.732142857143,0.42857142857142855,2136.1428571428573,18.761904761904763,13.62857142857143,25.557142857142857,83.33392857142857,59.542857142857144,95.64285714285714,435.0654761904762,369.42857142857144,533.2857142857143,74.0,960000.0
2023_16,2023,2024-05-08,2024-05-07,236,35.0,2000,16.8,12.314285714285715,21.62857142857143,173.83333333333331,0.0,659.5714285714286,1131.4821428571427,0.42857142857142855,2006.142857142857,18.499404761904763,13.62857142857143,25.271428571428572,84.56130952380953,63.39999999999999,95.72857142857141,434.35714285714283,366.7142857142857,531.5714285714286,68.0,888000.0
2023_16,2023,2024-05-09,2024-05-08,237,35.0,2000,16.776190476190475,12.471428571428573,21.52857142857143,198.00595238095235,0.0,689.5714285714286,1174.642857142857,0.5714285714285714,2158.1428571428573,18.586904761904766,13.642857142857142,25.114285714285717,83.77321428571429,62.285714285714285,95.84285714285714,428.32142857142856,365.14285714285717,517.4285714285714,50.0,648000.0
2023_16,2023,2024-05-10,2024-05-09,238,35.0,2000,16.629761904761903,12.014285714285716,21.485714285714284,207.4285714285714,0.0,678.4285714285714,1254.1547619047617,0.7142857142857143,2218.4285714285716,18.422619047619047,13.271428571428572,24.828571428571426,82.925,60.285714285714285,96.0,427.6666666666667,364.57142857142856,515.1428571428571,50.0,648000.0
2023_16,2023,2024-05-12,2024-05-11,240,35.0,2000,16.526190476190475,12.442857142857145,20.557142857142857,190.85714285714286,0.0,638.4285714285714,1208.5,1.0,2210.714285714286,18.51904761904762,13.571428571428571,25.77142857142857,82.95476190476191,60.8,95.91428571428571,427.2916666666667,362.7142857142857,516.7142857142857,42.0,548000.0
2023_16,2023,2024-05-13,2024-05-12,241,35.0,2000,16.111309523809524,11.914285714285715,20.485714285714284,229.9345238095238,0.0,760.7142857142857,1322.8392857142858,1.1428571428571428,2210.8571428571427,18.45059523809524,12.728571428571428,26.257142857142856,80.79880952380952,55.39999999999999,95.61428571428571,424.82142857142856,363.7142857142857,500.85714285714283,62.0,820000.0
2023_16,2023,2024-05-14,2024-05-13,242,35.0,2000,16.21904761904762,11.22857142857143,21.185714285714287,265.6607142857143,0.0,827.1428571428571,1546.732142857143,1.4285714285714286,2508.714285714286,18.76904761904762,12.114285714285714,27.485714285714288,79.51666666666667,52.54285714285714,95.47142857142856,430.14285714285717,361.0,510.7142857142857,46.0,592000.0
2023_16,2023,2024-05-15,2024-05-14,243,35.0,2000,16.667261904761904,10.928571428571429,22.357142857142858,308.39285714285717,0.0,944.7142857142857,1786.1369047619048,1.8571428571428572,2806.5714285714284,19.373809523809523,11.7,28.928571428571427,77.31488095238095,46.77142857142858,95.47142857142858,430.57142857142856,358.2857142857143,513.1428571428571,38.0,500000.0
2023_17,2023,2023-11-25,2023-11-24,76,36.0,1300,6.70952380952381,0.7714285714285714,12.814285714285715,126.35714285714286,0.0,596.8571428571429,538.2779761904761,0.0,1130.7142857142858,13.017857142857142,7.8428571428571425,23.24285714285714,90.29761904761905,70.85714285714286,96.71428571428571,527.1011904761905,361.7142857142857,674.7142857142857,12.0,192000.0
2023_17,2023,2023-11-26,2023-11-25,77,36.0,1300,6.289285714285714,0.6857142857142857,12.385714285714286,131.74404761904762,0.0,592.0,567.1333333333333,0.0,1192.0571428571427,13.11845238095238,7.828571428571428,23.599999999999998,89.66071428571429,70.14285714285714,96.42857142857143,535.8154761904763,363.7142857142857,696.5714285714286,18.0,324000.0
2023_17,2023,2023-11-30,2023-11-29,81,36.0,1300,5.0130952380952385,1.1,9.028571428571428,96.18452380952382,0.0,520.8571428571429,419.41309523809525,0.0,1051.1714285714286,12.286904761904761,8.214285714285714,21.028571428571432,91.30357142857143,76.85714285714286,96.42857142857143,627.7619047619048,358.0,852.0,10.0,260000.0
2023_17,2023,2023-12-01,2023-11-30,82,36.0,1300,3.2499999999999996,-0.29999999999999993,7.142857142857143,98.66071428571429,0.0,550.2857142857143,427.60297619047617,0.0,1050.3857142857144,11.979166666666668,8.014285714285714,21.099999999999998,91.08928571428571,77.85714285714286,96.0,620.1488095238095,348.0,842.0,10.0,260000.0
2023_17,2023,2023-12-02,2023-12-01,83,36.0,1300,2.8291666666666666,-0.4714285714285714,6.528571428571428,96.64880952380952,0.0,543.0,419.1196428571428,0.0,1070.4142857142858,11.955357142857142,8.242857142857142,20.771428571428572,91.09523809523809,78.42857142857143,95.85714285714286,620.7559523809523,346.85714285714283,844.2857142857143,10.0,260000.0
2023_17,2023,2023-12-03,2023-12-02,84,36.0,1300,3.348809523809524,-0.1142857142857142,7.0,80.55357142857143,0.0,495.42857142857144,354.5714285714285,0.0,994.6428571428571,11.745833333333334,8.314285714285713,19.54285714285714,91.77380952380952,80.71428571428571,96.14285714285714,615.4285714285714,349.85714285714283,824.8571428571429,10.0,260000.0
2023_17,2023,2023-12-04,2023-12-03,85,36.0,1300,3.4238095238095236,0.10000000000000012,6.8999999999999995,91.16071428571429,0.0,507.0,385.11309523809524,0.0,970.9,11.94107142857143,8.37142857142857,20.271428571428572,91.20238095238096,79.28571428571429,96.0,591.2440476190476,346.42857142857144,781.8571428571429,10.0,260000.0
2023_17,2023,2023-12-05,2023-12-04,86,36.0,1300,2.563095238095238,-1.2999999999999996,6.357142857142857,104.97619047619048,0.0,510.57142857142856,446.43690476190477,0.0,1056.957142857143,12.169642857142858,8.428571428571429,21.442857142857143,90.07142857142857,77.14285714285714,95.42857142857143,562.1607142857143,338.14285714285717,744.2857142857143,10.0,260000.0
2023_17,2023,2023-12-06,2023-12-05,87,36.0,1300,2.375,-1.7428571428571427,7.142857142857143,102.86904761904762,0.0,506.14285714285717,444.8488095238095,0.0,1080.0285714285715,12.283928571428572,8.5,21.75714285714286,89.82738095238095,76.42857142857143,95.28571428571429,543.4880952380953,344.42857142857144,708.0,14.0,364000.0
2023_17,2023,2023-12-07,2023-12-06,88,36.0,1300,2.792261904761905,-1.8571428571428572,8.042857142857143,100.11904761904762,0.0,494.85714285714283,432.49821428571425,0.0,1073.0,12.33095238095238,8.628571428571428,21.82857142857143,89.90476190476191,76.14285714285714,95.42857142857143,530.0654761904763,361.7142857142857,675.0,20.0,520000.0
2023_17,2023,2023-12-08,2023-12-07,89,36.0,1300,3.7470238095238098,-1.3571428571428572,9.37142857142857,97.32142857142857,0.0,464.7142857142857,423.7702380952381,0.0,1060.7142857142858,12.307738095238095,8.342857142857143,21.914285714285715,89.77380952380953,75.85714285714286,95.57142857142857,532.4047619047618,366.0,677.8571428571429,78.0,2028000.0
2023_17,2023,2023-12-10,2023-12-09,91,36.0,1300,6.693452380952381,0.44285714285714306,13.428571428571429,111.79166666666666,0.0,488.7142857142857,477.1708333333334,0.0,1084.6285714285714,13.23154761904762,8.457142857142857,23.97142857142857,88.94047619047619,71.28571428571429,96.28571428571429,540.2559523809524,382.57142857142856,684.5714285714286,62.0,1612000.0
2023_17,2023,2023-12-11,2023-12-10,92,36.0,1300,8.18154761904762,2.1142857142857143,15.114285714285714,104.86904761904762,0.0,491.0,446.24345238095236,0.0,1050.3428571428572,13.619642857142855,8.957142857142857,23.699999999999996,89.70238095238095,71.71428571428571,96.85714285714286,548.9702380952381,396.57142857142856,689.4285714285714,16.0,416000.0
2023_17,2023,2023-12-12,2023-12-11,93,36.0,1300,9.636904761904763,4.271428571428571,15.700000000000001,87.18452380952381,0.0,420.42857142857144,372.09642857142853,0.0,973.8,13.669047619047618,9.457142857142856,22.24285714285714,91.23809523809526,75.0,97.57142857142857,566.3571428571429,422.57142857142856,697.4285714285714,30.0,1020000.0
2023_17,2023,2023-12-13,2023-12-12,94,36.0,1300,10.376190476190477,5.542857142857143,15.5,76.76785714285714,0.0,375.2857142857143,324.80654761904765,0.0,850.2857142857143,13.585714285714285,9.742857142857144,21.099999999999998,92.32738095238096,77.71428571428571,98.14285714285714,566.9166666666666,428.14285714285717,690.4285714285714,10.0,260000.0
2023_17,2023,2023-12-14,2023-12-13,95,36.0,1300,10.828571428571431,6.5,15.514285714285716,82.91071428571429,0.0,410.7142857142857,342.0297619047619,0.0,824.7428571428572,13.76547619047619,9.700000000000001,21.400000000000002,92.16666666666666,76.71428571428571,98.28571428571429,560.5297619047618,417.42857142857144,684.8571428571429,70.0,1750000.0
2023_17,2023,2023-12-15,2023-12-14,96,36.0,1300,11.370833333333334,7.785714285714286,15.5,67.83928571428571,0.0,348.42857142857144,281.13511904761907,0.0,779.157142857143,13.6375,10.228571428571428,19.942857142857143,93.40476190476191,80.0,98.57142857142857,569.3809523809524,437.42857142857144,686.0,112.0,3150000.0
2023_17,2023,2023-12-16,2023-12-15,97,36.0,1300,11.289285714285715,8.457142857142857,14.657142857142858,52.38095238095239,0.0,291.0,214.47261904761905,0.0,641.3714285714286,13.298214285714286,10.257142857142858,18.342857142857145,94.77380952380952,84.14285714285714,98.71428571428571,574.3869047619047,446.0,684.2857142857143,78.0,1950000.0
2023_17,2023,2023-12-17,2023-12-16,98,36.0,1300,9.51845238095238,6.928571428571429,12.714285714285714,41.63095238095239,0.0,248.85714285714286,178.48511904761904,0.0,556.7428571428571,12.680357142857144,10.157142857142858,16.7,95.02380952380952,86.28571428571429,98.42857142857143,565.4642857142857,431.7142857142857,670.7142857142857,70.0,1750000.0
2023_17,2023,2023-12-18,2023-12-17,99,36.0,1300,6.707142857142856,4.271428571428571,9.557142857142859,47.910714285714285,0.0,249.0,206.65952380952382,0.0,584.0857142857143,11.876785714285715,9.4,16.085714285714285,94.26785714285714,86.42857142857143,97.42857142857143,551.6130952380953,407.2857142857143,655.8571428571429,77.0,2350000.0
2023_17,2023,2023-12-19,2023-12-18,100,36.0,1300,4.411309523809523,1.7428571428571433,7.514285714285714,60.67857142857142,0.0,318.85714285714283,255.50059523809523,0.0,653.6999999999999,11.428571428571429,8.714285714285714,16.557142857142857,92.77380952380952,83.57142857142857,96.71428571428571,521.6666666666667,361.42857142857144,633.7142857142857,27.0,1250000.0
2023_17,2023,2023-12-21,2023-12-20,102,36.0,1300,0.9833333333333331,-1.8571428571428572,3.9,57.047619047619044,0.0,282.7142857142857,251.09047619047618,0.0,701.0571428571428,10.634523809523811,8.042857142857143,15.357142857142858,91.78571428571429,85.57142857142857,95.14285714285714,513.8333333333333,357.42857142857144,619.7142857142857,137.25,3364500.0
2023_17,2023,2023-12-22,2023-12-21,103,36.0,1300,-1.64702380952381,-4.685714285714285,1.5999999999999999,71.14285714285714,0.0,350.57142857142856,302.2523809523809,0.0,730.4428571428571,10.353571428571428,7.485714285714286,16.071428571428573,90.39880952380952,83.0,94.14285714285714,502.36309523809524,330.0,615.5714285714286,117.5,2883000.0
2023_17,2023,2023-12-23,2023-12-22,104,36.0,1300,-4.320238095238095,-7.542857142857143,-0.9857142857142857,88.6309523809524,0.0,416.14285714285717,375.8494047619048,0.0,881.3142857142857,10.017857142857142,7.128571428571428,17.0,88.77380952380953,80.14285714285714,93.14285714285714,482.64285714285717,297.57142857142856,604.8571428571429,1.5,43000.0
2023_17,2023,2023-12-24,2023-12-23,105,36.0,1300,-5.277380952380953,-8.77142857142857,-1.7285714285714282,103.35714285714286,0.0,466.57142857142856,430.1440476190477,0.0,986.1999999999999,10.207142857142857,6.957142857142857,18.557142857142857,87.7559523809524,78.57142857142857,92.57142857142857,475.91666666666663,294.57142857142856,603.5714285714286,58.0,1568000.0
2023_17,2023,2023-12-25,2023-12-24,106,36.0,1300,-4.672619047619048,-8.442857142857143,-0.9285714285714286,99.30952380952381,0.0,460.0,419.71309523809526,0.0,997.5714285714286,10.452380952380953,7.0857142857142845,18.942857142857143,87.79166666666667,78.57142857142857,93.0,477.4166666666667,304.85714285714283,605.7142857142857,128.0,2648000.0
2023_17,2023,2023-12-26,2023-12-25,107,36.0,1300,-4.070238095238095,-7.928571428571429,-0.20000000000000004,97.79761904761904,0.0,455.57142857142856,418.8220238095238,0.0,965.9428571428572,10.717857142857142,7.242857142857143,19.342857142857145,87.92261904761904,78.28571428571429,93.0,485.09523809523813,314.85714285714283,613.5714285714286,103.0,2220000.0
2023_17,2023,2024-01-01,2023-12-31,113,36.0,1300,2.319642857142857,-1.0000000000000002,6.642857142857143,78.53571428571429,0.0,445.14285714285717,342.797619047619,0.0,798.1285714285714,11.575595238095238,7.5,21.114285714285717,90.19047619047618,78.57142857142857,95.14285714285714,540.1547619047618,387.0,663.8571428571429,46.0,1088000.0
2023_17,2023,2024-01-03,2024-01-02,115,36.0,1300,3.18452380952381,-0.07142857142857174,7.242857142857142,72.09523809523809,0.0,409.85714285714283,312.41488095238094,0.0,792.3142857142858,11.473214285714286,7.414285714285714,20.75714285714286,91.28571428571429,80.71428571428571,96.14285714285714,577.172619047619,441.14285714285717,687.2857142857143,48.0,1328000.0
2023_17,2023,2024-01-04,2024-01-03,116,36.0,1300,3.2422619047619046,-0.05714285714285748,7.042857142857143,66.58333333333334,0.0,412.0,282.91309523809525,0.0,736.0,11.316666666666666,7.657142857142857,20.157142857142855,91.9702380952381,82.14285714285714,96.57142857142857,596.7321428571429,466.2857142857143,700.2857142857143,49.0,1136000.0
2023_17,2023,2024-01-05,2024-01-04,117,36.0,1300,3.2875000000000005,-0.15714285714285747,7.185714285714285,69.66071428571429,0.0,416.0,291.2660714285715,0.0,755.4857142857144,11.379166666666666,7.571428571428571,20.357142857142858,91.80357142857143,81.57142857142857,96.42857142857143,615.9940476190476,495.2857142857143,709.4285714285714,50.0,1184000.0
2023_17,2023,2024-01-06,2024-01-05,118,36.0,1300,3.8190476190476192,0.09999999999999974,7.557142857142856,64.51190476190476,0.0,372.14285714285717,270.34345238095244,0.0,778.1714285714287,11.314285714285715,7.857142857142856,19.571428571428573,92.19047619047618,83.14285714285714,96.57142857142857,632.2738095238095,514.1428571428571,721.4285714285714,98.0,2144000.0
2023_17,2023,2024-01-07,2024-01-06,119,36.0,1300,3.916666666666667,0.07142857142857117,7.757142857142857,77.38690476190477,0.0,384.85714285714283,322.5678571428572,0.0,845.3000000000001,11.79761904761905,7.814285714285715,21.5,91.52380952380953,80.71428571428571,96.28571428571429,639.0238095238094,524.8571428571429,725.1428571428571,62.0,1392000.0
2023_17,2023,2024-01-08,2024-01-07,120,36.0,1300,3.0357142857142856,-1.0142857142857145,6.8,86.54761904761905,0.0,443.85714285714283,378.0791666666667,0.0,968.2142857142859,12.067857142857141,7.828571428571428,22.657142857142855,90.35119047619048,78.71428571428571,95.85714285714286,649.2916666666666,533.5714285714286,738.2857142857143,112.0,2480000.0
2023_17,2023,2024-01-09,2024-01-08,121,36.0,1300,1.9559523809523809,-1.9285714285714286,5.785714285714286,94.01190476190477,0.0,454.7142857142857,406.5452380952382,0.0,1023.5714285714286,12.141666666666666,7.985714285714286,23.285714285714285,89.51785714285714,77.85714285714286,95.42857142857143,657.2797619047618,539.2857142857143,744.0,38.0,848000.0
2023_17,2023,2024-01-10,2024-01-09,122,36.0,1300,1.475595238095238,-2.8142857142857145,5.685714285714285,92.7202380952381,0.0,435.0,403.9095238095238,0.0,1078.9285714285713,12.09047619047619,8.071428571428571,22.728571428571428,89.45238095238095,78.71428571428571,95.28571428571429,661.4166666666667,542.7142857142857,746.7142857142857,36.0,832000.0
2023_17,2023,2024-01-11,2024-01-10,123,36.0,1300,1.1345238095238097,-3.1571428571428575,5.228571428571429,100.29166666666667,0.0,442.7142857142857,433.4684523809524,0.0,1142.4,12.322619047619048,8.042857142857143,23.514285714285712,89.00595238095238,77.71428571428571,95.28571428571429,662.7440476190476,548.7142857142857,744.2857142857143,44.0,1008000.0
2023_17,2023,2024-01-12,2024-01-11,124,36.0,1300,1.1422619047619047,-3.185714285714286,4.928571428571429,92.375,0.0,419.7142857142857,410.11547619047616,0.0,1130.0714285714287,12.142261904761904,8.114285714285714,22.914285714285715,89.60714285714286,79.0,95.42857142857143,667.6666666666667,549.8571428571429,749.8571428571429,123.0,2234000.0
2023_17,2023,2024-01-13,2024-01-12,125,36.0,1300,0.9369047619047619,-3.285714285714286,4.828571428571428,104.25595238095238,0.0,469.0,452.40238095238095,0.0,1130.6857142857145,12.38452380952381,7.871428571428572,24.371428571428574,89.48214285714286,77.14285714285714,95.85714285714286,666.1190476190476,547.1428571428571,749.1428571428571,133.0,2410000.0
2023_17,2023,2024-01-15,2024-01-14,127,36.0,1300,1.1517857142857142,-3.6714285714285717,6.514285714285714,105.7797619047619,0.0,471.0,452.7529761904762,0.0,1149.7571428571428,12.50654761904762,7.9,24.52857142857143,89.64285714285714,76.85714285714286,95.85714285714286,668.1190476190476,545.4285714285714,754.1428571428571,57.0,998000.0
2023_17,2023,2024-01-16,2024-01-15,128,36.0,1300,1.5791666666666668,-3.1142857142857143,6.828571428571429,105.57738095238095,0.0,472.57142857142856,450.0565476190476,0.0,1149.2857142857142,12.576190476190476,7.571428571428571,24.642857142857142,90.01190476190474,77.28571428571429,96.14285714285714,666.7619047619047,545.4285714285714,751.7142857142857,53.0,948000.0
2023_17,2023,2024-01-17,2024-01-16,129,36.0,1300,1.1327380952380952,-3.5,6.385714285714286,120.55952380952381,0.0,537.8571428571429,505.0315476190476,0.0,1148.8142857142857,12.838095238095239,7.428571428571429,25.914285714285715,89.2202380952381,75.0,95.57142857142857,665.8452380952382,545.0,753.0,32.0,580000.0
2023_17,2023,2024-01-18,2024-01-17,130,36.0,1300,1.2273809523809525,-3.3285714285714287,6.471428571428572,106.41666666666666,0.0,481.7142857142857,459.2369047619048,0.0,1178.4428571428573,12.403571428571427,7.442857142857144,24.0,90.14880952380953,77.42857142857143,95.85714285714286,672.0119047619047,553.7142857142857,760.0,36.0,640000.0
2023_17,2023,2024-01-19,2024-01-18,131,36.0,1300,1.9416666666666664,-2.142857142857143,6.957142857142857,101.375,0.0,467.2857142857143,434.0964285714286,0.0,1088.5,12.325595238095238,7.557142857142858,23.285714285714285,90.95833333333334,78.85714285714286,96.42857142857143,667.3988095238095,550.2857142857143,752.8571428571429,262.0,5862400.0
2023_17,2023,2024-01-20,2024-01-19,132,36.0,1300,2.4595238095238092,-1.1142857142857145,7.157142857142857,92.38690476190477,0.0,486.57142857142856,396.06369047619046,0.0,1009.1285714285714,12.158333333333333,7.771428571428572,22.714285714285715,91.58928571428571,78.85714285714286,96.57142857142857,661.6666666666667,543.1428571428571,749.5714285714286,250.0,5361600.0
2023_17,2023,2024-01-21,2024-01-20,133,36.0,1300,3.183928571428571,0.15714285714285683,7.057142857142857,74.80952380952381,0.0,417.14285714285717,324.1375,0.0,910.9142857142857,11.599404761904763,7.8,20.5,92.94047619047619,81.57142857142857,97.14285714285714,652.672619047619,538.0,738.8571428571429,103.0,2142500.0
2023_17,2023,2024-01-22,2024-01-21,134,36.0,1300,3.4136904761904767,0.8857142857142853,6.242857142857143,70.67857142857143,0.0,393.85714285714283,300.2351190476191,0.0,818.1714285714286,11.439880952380955,7.771428571428571,20.12857142857143,93.47023809523809,82.42857142857143,97.28571428571429,640.3273809523808,530.7142857142857,719.0,41.0,756500.0
2023_17,2023,2024-01-23,2024-01-22,135,36.0,1300,2.9916666666666667,0.5142857142857141,5.928571428571429,60.767857142857146,0.0,350.7142857142857,262.60773809523806,0.0,736.5,10.989285714285716,8.0,18.17142857142857,94.0,84.42857142857143,97.14285714285714,628.720238095238,525.8571428571429,703.1428571428571,70.0,1512000.0
2023_17,2023,2024-01-24,2024-01-23,136,36.0,1300,2.2422619047619046,0.24285714285714263,4.585714285714286,53.339285714285715,0.0,352.85714285714283,228.70595238095237,0.0,662.1714285714286,10.41904761904762,7.8,16.442857142857143,94.16666666666666,85.85714285714286,97.28571428571429,605.5297619047618,496.42857142857144,681.2857142857143,73.0,1511500.0
2023_17,2023,2024-01-25,2024-01-24,137,36.0,1300,1.2011904761904764,-0.8428571428571433,3.6142857142857148,71.86904761904762,0.0,419.7142857142857,301.4916666666667,0.0,692.0857142857143,10.633333333333335,7.428571428571429,17.97142857142857,92.75000000000001,83.28571428571429,96.57142857142857,568.6309523809524,442.7142857142857,655.1428571428571,29.0,589900.0
2023_17,2023,2024-01-26,2024-01-25,138,36.0,1300,-0.3982142857142855,-2.9285714285714293,2.3714285714285714,89.36309523809526,0.0,471.85714285714283,374.1636904761905,0.0,841.5571428571429,10.82202380952381,7.114285714285714,19.24285714285714,91.33333333333334,81.57142857142857,95.85714285714286,538.4642857142857,405.0,638.7142857142857,88.0,2016000.0
2023_17,2023,2024-01-27,2024-01-26,139,36.0,1300,-1.5797619047619045,-4.6571428571428575,1.5285714285714287,98.1547619047619,0.0,464.42857142857144,420.0809523809524,0.0,965.2428571428571,10.949404761904761,6.999999999999999,19.75714285714286,90.60714285714286,82.0,95.57142857142857,513.827380952381,369.42857142857144,622.1428571428571,118.0,2648000.0
2023_17,2023,2024-01-29,2024-01-28,141,36.0,1300,-2.783928571428571,-6.228571428571429,1.0142857142857145,121.10714285714288,0.0,567.8571428571429,527.1809523809524,0.0,1185.4285714285713,11.600595238095238,6.942857142857143,22.157142857142862,89.42261904761905,78.85714285714286,95.28571428571429,474.5773809523809,299.42857142857144,614.7142857142857,18.0,440000.0
2023_17,2023,2024-01-30,2024-01-29,142,36.0,1300,-2.288095238095238,-5.742857142857143,1.671428571428572,129.54761904761907,0.0,615.5714285714286,566.3613095238095,0.0,1272.1142857142856,12.163095238095238,7.171428571428572,24.199999999999996,89.05952380952381,76.85714285714286,95.28571428571429,457.5357142857143,267.14285714285717,613.2857142857143,48.0,1072000.0
2023_17,2023,2024-01-31,2024-01-30,143,36.0,1300,-1.1547619047619047,-5.342857142857143,3.728571428571429,138.67857142857142,0.0,604.8571428571429,609.6958333333333,0.0,1361.0857142857144,12.901785714285714,7.5,26.37142857142857,88.91071428571429,75.0,95.42857142857143,456.52976190476187,273.14285714285717,614.7142857142857,58.0,1400000.0
2023_17,2023,2024-02-01,2024-01-31,144,36.0,1300,0.4601190476190475,-3.7714285714285722,5.8,134.89880952380952,0.0,610.1428571428571,585.2571428571429,0.0,1355.6000000000001,13.236904761904762,8.014285714285714,26.642857142857142,89.64285714285714,74.14285714285714,96.0,471.0416666666667,290.7142857142857,629.0,52.0,1232000.0
2023_17,2023,2024-02-02,2024-02-01,145,36.0,1300,1.8029761904761905,-1.9000000000000001,6.8428571428571425,122.01785714285714,0.0,572.8571428571429,536.3083333333333,0.0,1299.814285714286,13.132142857142858,8.271428571428572,25.67142857142857,90.72619047619047,74.71428571428571,96.57142857142857,482.5476190476191,302.7142857142857,637.0,68.0,1516000.0
2023_17,2023,2024-02-03,2024-02-02,146,36.0,1300,2.267261904761905,-1.085714285714286,7.028571428571429,123.05952380952381,0.0,582.5714285714286,525.1970238095238,0.0,1253.5142857142857,13.049404761904762,8.22857142857143,25.057142857142853,91.23214285714286,74.57142857142857,97.0,488.9761904761905,308.42857142857144,642.7142857142857,58.0,1376000.0
2023_17,2023,2024-02-05,2024-02-04,148,36.0,1300,3.5220238095238097,-0.20000000000000037,8.557142857142857,114.89285714285714,0.0,532.2857142857143,477.1154761904762,0.0,1190.7714285714285,12.877380952380955,8.22857142857143,23.77142857142857,92.00595238095238,76.57142857142857,97.42857142857143,501.82142857142856,333.42857142857144,644.4285714285714,30.0,768000.0
2023_17,2023,2024-02-06,2024-02-05,149,36.0,1300,4.265476190476191,0.7428571428571425,8.657142857142858,100.22619047619047,0.0,471.57142857142856,416.0714285714285,0.0,1165.4857142857143,12.282142857142858,8.200000000000001,21.72857142857143,93.00595238095238,79.0,98.0,509.25595238095235,346.57142857142856,645.7142857142857,50.0,1288000.0
2023_17,2023,2024-02-07,2024-02-06,150,36.0,1300,4.598809523809523,1.7428571428571424,8.185714285714285,84.35714285714286,0.0,420.0,349.78452380952376,0.0,1029.8857142857144,11.6625,7.942857142857143,20.2,94.09523809523809,81.28571428571429,98.42857142857143,507.93452380952385,340.85714285714283,643.4285714285714,49.0,1244000.0
2023_17,2023,2024-02-08,2024-02-07,151,36.0,1300,3.9464285714285716,1.1999999999999995,7.1000000000000005,91.20833333333334,0.0,425.0,374.05833333333334,0.0,1040.2142857142858,11.572619047619048,7.685714285714286,20.285714285714285,93.66071428571429,82.0,98.14285714285714,499.0,334.57142857142856,632.4285714285714,134.0,3192000.0
2023_17,2023,2024-02-09,2024-02-08,152,36.0,1300,3.2916666666666665,0.19999999999999968,6.757142857142858,105.82142857142857,0.0,477.42857142857144,423.75892857142856,0.0,1100.8428571428572,11.695833333333331,7.485714285714287,21.028571428571432,92.90476190476191,81.0,97.85714285714286,495.44642857142856,332.85714285714283,629.5714285714286,204.0,4847000.0
2023_17,2023,2024-02-10,2024-02-09,153,36.0,1300,3.066071428571429,-0.20000000000000032,6.714285714285714,111.26190476190477,0.0,502.14285714285717,452.94404761904764,0.0,1150.8999999999999,11.779761904761907,7.357142857142857,21.385714285714283,92.18452380952382,80.14285714285714,97.28571428571429,493.75595238095235,334.57142857142856,625.2857142857143,54.0,1296000.0
2023_17,2023,2024-02-12,2024-02-11,155,36.0,1300,2.049404761904762,-1.2000000000000004,5.985714285714287,126.9047619047619,0.0,569.4285714285714,511.0339285714286,0.0,1224.0142857142857,11.870238095238093,7.171428571428571,22.17142857142857,90.98809523809526,78.42857142857143,96.57142857142857,487.7857142857143,320.7142857142857,624.8571428571429,40.0,960000.0
2023_17,2023,2024-02-13,2024-02-12,156,36.0,1300,1.7315476190476191,-2.257142857142857,6.6571428571428575,148.0297619047619,0.0,642.1428571428571,590.052380952381,0.0,1287.042857142857,12.344047619047618,6.985714285714286,23.75714285714286,89.81547619047619,75.14285714285714,96.14285714285714,489.45833333333337,321.85714285714283,628.2857142857143,40.0,960000.0
2023_17,2023,2024-02-14,2024-02-13,157,36.0,1300,2.374404761904762,-2.585714285714286,8.214285714285714,164.4761904761905,0.0,707.7142857142857,668.7053571428571,0.0,1450.7571428571428,13.025,7.171428571428572,25.028571428571432,88.78571428571429,72.28571428571429,96.0,497.3333333333333,332.85714285714283,638.2857142857143,58.0,1384000.0
2023_17,2023,2024-02-15,2024-02-14,158,36.0,1300,4.125595238095238,-0.9285714285714288,10.12857142857143,152.01785714285714,0.0,668.2857142857143,626.3821428571429,0.0,1466.642857142857,13.286904761904761,7.628571428571428,24.842857142857145,89.42857142857143,73.28571428571429,96.42857142857143,507.30357142857144,345.14285714285717,651.4285714285714,41.0,967500.0
2023_17,2023,2024-02-16,2024-02-15,159,36.0,1300,4.913095238095238,-0.45714285714285746,10.885714285714284,132.99404761904762,0.0,627.7142857142857,541.0910714285714,0.0,1294.5,13.023809523809524,7.585714285714286,23.357142857142858,90.41071428571429,75.57142857142857,96.85714285714286,516.7440476190476,358.7142857142857,654.2857142857143,194.0,4068000.0
2023_17,2023,2024-02-17,2024-02-16,160,36.0,1300,5.079761904761904,-0.4714285714285718,11.314285714285715,136.71428571428572,0.0,611.5714285714286,549.9970238095239,0.0,1331.3428571428572,13.110714285714284,7.700000000000001,23.442857142857147,90.17857142857143,75.42857142857143,96.71428571428571,519.3690476190476,366.2857142857143,654.7142857142857,243.0,5083500.0
2023_17,2023,2024-02-18,2024-02-17,161,36.0,1300,5.489880952380952,-0.3285714285714289,12.171428571428573,142.89285714285714,0.0,627.7142857142857,575.2958333333333,0.0,1368.7571428571428,13.266666666666666,7.685714285714286,23.8,89.98809523809523,74.57142857142857,96.85714285714286,525.3333333333334,378.14285714285717,660.1428571428571,209.0,4369500.0
2023_17,2023,2024-02-19,2024-02-18,162,36.0,1300,6.392261904761905,-0.12857142857142892,13.085714285714285,128.38690476190476,0.0,564.0,528.8505952380953,0.0,1425.042857142857,13.182738095238095,7.642857142857143,23.014285714285716,90.85714285714286,76.57142857142857,97.28571428571429,532.5297619047618,393.85714285714283,665.8571428571429,65.0,1318500.0
2023_17,2023,2024-02-20,2024-02-19,163,36.0,1300,7.457738095238095,1.014285714285714,13.771428571428572,105.01785714285714,0.0,477.57142857142856,436.72440476190474,0.0,1244.5571428571427,13.108333333333333,7.914285714285714,21.61428571428571,92.27380952380952,80.28571428571429,97.85714285714286,535.6071428571429,398.14285714285717,666.4285714285714,68.0,1383000.0
2023_17,2023,2024-02-21,2024-02-20,164,36.0,1300,7.15595238095238,1.6714285714285713,12.485714285714286,84.32738095238096,0.0,390.0,342.4636904761905,0.0,1045.2,12.458333333333334,7.9142857142857155,19.52857142857143,93.36904761904762,84.0,97.85714285714286,535.5595238095237,405.42857142857144,659.4285714285714,64.0,1332000.0
2023_17,2023,2024-02-22,2024-02-21,165,36.0,1300,6.097619047619048,0.9428571428571427,11.0,75.29761904761905,0.0,346.7142857142857,304.8678571428572,0.0,850.1714285714286,11.733333333333334,7.528571428571429,17.914285714285715,93.72023809523809,85.42857142857143,97.71428571428571,533.75,408.85714285714283,647.0,64.0,1332000.0
2023_17,2023,2024-02-23,2024-02-22,166,36.0,1300,5.80952380952381,1.4428571428571428,10.200000000000001,74.36309523809523,0.0,301.2857142857143,313.297619047619,0.0,859.6428571428571,11.601190476190476,7.728571428571428,17.714285714285715,93.43452380952381,85.28571428571429,97.42857142857143,528.2916666666667,407.7142857142857,639.2857142857143,296.0,4986000.0
2023_17,2023,2024-02-24,2024-02-23,167,36.0,1300,6.104166666666667,2.1285714285714286,10.014285714285714,56.46428571428572,0.0,255.28571428571428,244.3196428571429,0.0,704.0571428571428,11.297023809523811,7.814285714285714,16.67142857142857,94.33333333333334,87.14285714285714,97.71428571428571,529.1785714285714,411.57142857142856,635.4285714285714,215.0,3632000.0
2023_17,2023,2024-02-26,2024-02-25,169,36.0,1300,5.463690476190477,3.1999999999999997,7.985714285714286,49.458333333333336,0.0,263.42857142857144,196.9488095238095,0.0,453.1714285714285,10.936309523809525,8.157142857142857,16.142857142857142,94.59523809523809,86.71428571428571,97.42857142857143,523.3869047619048,410.7142857142857,615.8571428571429,134.0,2260000.0
2023_17,2023,2024-02-27,2024-02-26,170,36.0,1300,4.3863095238095235,2.3285714285714287,6.942857142857143,75.1190476190476,0.0,367.42857142857144,291.2785714285714,0.0,645.1714285714286,11.03452380952381,8.042857142857143,17.599999999999998,93.03571428571429,83.71428571428571,96.71428571428571,518.9404761904763,402.2857142857143,613.5714285714286,106.0,1784000.0
2023_17,2023,2024-02-28,2024-02-27,171,36.0,1300,4.357738095238095,1.7714285714285711,7.442857142857143,91.55952380952381,0.0,438.0,369.260119047619,0.0,856.0428571428572,11.522619047619049,8.028571428571428,19.485714285714288,91.97023809523809,80.85714285714286,96.42857142857143,514.6428571428571,389.85714285714283,618.1428571428571,88.0,1430000.0
2023_17,2023,2024-02-29,2024-02-28,172,36.0,1300,4.529761904761904,1.457142857142857,8.085714285714285,113.66666666666667,0.0,548.1428571428571,463.1779761904762,0.0,1056.2285714285713,12.13988095238095,7.8999999999999995,21.214285714285715,91.0,77.57142857142857,96.28571428571429,511.26190476190476,377.2857142857143,624.7142857142857,98.0,1606000.0
2023_17,2023,2024-03-01,2024-02-29,173,36.0,1300,4.899404761904762,1.5857142857142854,8.542857142857143,116.7202380952381,0.0,564.5714285714286,480.10297619047617,0.0,1239.9428571428573,12.301190476190476,7.814285714285715,21.971428571428568,91.16071428571429,77.14285714285714,96.28571428571429,510.19642857142856,369.42857142857144,631.1428571428571,226.0,4850000.0
2023_17,2023,2024-03-02,2024-03-01,174,36.0,1300,4.1779761904761905,0.7857142857142855,8.014285714285714,138.55357142857142,0.0,623.8571428571429,567.0845238095237,0.0,1433.1142857142856,12.438690476190475,7.571428571428571,22.75714285714286,90.23809523809523,75.57142857142857,96.28571428571429,506.36309523809524,361.85714285714283,630.8571428571429,256.0,5568000.0
2023_17,2023,2024-03-03,2024-03-02,175,36.0,1300,3.430357142857143,-0.4142857142857146,7.571428571428571,156.5952380952381,0.0,664.0,643.2214285714284,0.0,1595.5714285714287,12.659523809523808,7.5,23.3,89.45238095238096,75.28571428571429,96.0,504.2738095238095,352.42857142857144,638.5714285714286,304.0,6528000.0
2023_17,2023,2024-03-04,2024-03-03,176,36.0,1300,3.7559523809523805,-0.6142857142857145,8.285714285714286,166.73214285714286,0.0,711.8571428571429,690.0357142857143,0.0,1752.4285714285713,12.936904761904762,7.542857142857143,23.814285714285713,88.94047619047619,73.14285714285714,96.0,500.1726190476191,339.7142857142857,637.8571428571429,90.0,1956000.0
2023_17,2023,2024-03-05,2024-03-04,177,36.0,1300,4.368452380952381,-0.2428571428571431,8.857142857142858,158.78571428571428,0.0,688.1428571428571,674.1005952380953,0.0,1700.6,13.019047619047617,7.585714285714286,23.58571428571429,89.52976190476191,73.14285714285714,96.42857142857143,500.7797619047619,342.14285714285717,643.0,34.0,732000.0
2023_17,2023,2024-03-06,2024-03-05,178,36.0,1300,4.582738095238095,0.4999999999999997,8.642857142857142,143.41071428571428,0.0,616.8571428571429,606.3339285714285,0.0,1643.5285714285715,12.65,7.714285714285714,21.9,90.7202380952381,76.0,97.0,506.95833333333337,354.2857142857143,641.5714285714286,35.0,739500.0
2023_17,2023,2024-03-08,2024-03-07,180,36.0,1300,4.238095238095238,0.14285714285714263,8.485714285714286,157.85119047619045,0.0,641.8571428571429,662.3910714285713,0.0,1667.2714285714285,12.988690476190476,7.742857142857142,22.95714285714286,89.99404761904762,74.28571428571429,97.0,502.5,352.85714285714283,637.1428571428571,340.0,5280000.0
2023_17,2023,2024-03-09,2024-03-08,181,36.0,1300,4.7630952380952385,0.614285714285714,8.928571428571429,160.08333333333334,0.0,644.2857142857143,674.4738095238096,0.0,1682.957142857143,13.230357142857143,7.871428571428572,23.2,89.97619047619047,74.0,96.85714285714286,503.74404761904765,354.42857142857144,640.7142857142857,374.0,5893600.0
2023_17,2023,2024-03-11,2024-03-10,183,36.0,1300,4.598809523809523,0.35714285714285693,9.142857142857142,174.55357142857142,0.0,646.5714285714286,737.8392857142857,0.0,1729.2571428571428,13.480357142857144,7.871428571428571,23.757142857142856,89.39285714285714,72.85714285714286,96.71428571428571,511.66666666666663,369.85714285714283,652.1428571428571,270.0,4308000.0
2023_17,2023,2024-03-12,2024-03-11,184,36.0,1300,4.281547619047619,-0.14285714285714307,9.12857142857143,170.8095238095238,0.0,619.2857142857143,725.8470238095239,0.0,1839.6000000000001,13.35714285714286,7.614285714285714,23.314285714285717,89.56547619047618,73.57142857142857,96.71428571428571,513.0595238095237,364.7142857142857,659.8571428571429,116.0,1782400.0
2023_17,2023,2024-03-13,2024-03-12,185,36.0,1300,3.9898809523809526,-0.8285714285714288,9.12857142857143,185.9702380952381,0.0,721.4285714285714,782.0654761904761,0.0,1841.7999999999997,13.669642857142858,7.257142857142857,24.771428571428572,88.80952380952381,70.85714285714286,96.57142857142857,507.11309523809524,356.14285714285717,656.5714285714286,208.0,3147200.0
2023_17,2023,2024-03-14,2024-03-13,186,36.0,1300,3.6363095238095235,-1.5000000000000004,8.914285714285715,193.98809523809524,0.0,738.7142857142857,816.4761904761906,0.0,1906.6285714285714,13.60297619047619,7.2,24.5,88.41666666666667,70.71428571428571,96.42857142857143,510.952380952381,363.85714285714283,666.4285714285714,130.0,2012000.0
2023_17,2023,2024-03-15,2024-03-14,187,36.0,1300,3.9071428571428575,-1.6857142857142862,9.842857142857143,208.38690476190476,0.0,775.2857142857143,864.0291666666666,0.0,1971.457142857143,13.70952380952381,7.114285714285715,24.47142857142857,87.88690476190474,69.14285714285714,96.42857142857143,518.9880952380953,374.57142857142856,675.0,373.0,5590800.0
2023_17,2023,2024-03-16,2024-03-15,188,36.0,1300,4.445238095238095,-1.7428571428571433,11.1,210.27380952380955,0.0,778.1428571428571,876.1130952380952,0.0,1988.6142857142856,13.786309523809525,7.071428571428571,24.385714285714283,87.70833333333334,67.85714285714286,96.42857142857143,527.6845238095239,385.0,689.5714285714286,300.0,4440000.0
2023_17,2023,2024-03-17,2024-03-16,189,36.0,1300,5.497619047619048,-1.3285714285714287,12.9,205.48214285714286,0.0,782.1428571428571,865.489880952381,0.0,2001.1142857142856,13.869047619047619,7.185714285714285,24.442857142857143,87.41071428571429,66.71428571428571,96.71428571428571,534.25,395.57142857142856,696.0,390.0,5778000.0
2023_17,2023,2024-03-18,2024-03-17,190,36.0,1300,6.370833333333333,-0.17142857142857185,13.171428571428573,198.17261904761904,0.0,792.1428571428571,824.685119047619,0.0,1964.4142857142856,13.764285714285714,6.971428571428571,23.771428571428572,87.98214285714286,67.57142857142857,97.28571428571429,533.0535714285714,396.7142857142857,691.8571428571429,157.0,2157200.0
2023_17,2023,2024-03-19,2024-03-18,191,36.0,1300,6.4678571428571425,-0.15714285714285747,13.385714285714286,217.05357142857142,0.0,847.0,889.4827380952381,0.0,1974.5285714285715,13.804761904761904,7.085714285714286,24.142857142857142,87.0,65.14285714285714,97.14285714285714,538.5416666666666,411.85714285714283,687.7142857142857,180.0,2448000.0
2023_17,2023,2024-03-20,2024-03-19,192,36.0,1300,6.748809523809525,0.37142857142857105,13.771428571428572,216.10119047619045,0.0,811.1428571428571,889.2875,0.0,2098.0285714285715,13.711904761904762,7.228571428571429,23.62857142857143,87.01190476190474,64.85714285714286,97.28571428571429,545.2202380952381,413.2857142857143,703.4285714285714,185.0,2498000.0
2023_17,2023,2024-03-21,2024-03-20,193,36.0,1300,6.692857142857143,0.5571428571428567,13.342857142857142,219.70238095238093,0.0,827.0,895.6190476190476,0.0,2115.585714285714,13.560714285714287,7.071428571428571,23.428571428571427,87.13690476190477,65.28571428571429,97.28571428571429,543.3035714285714,411.7142857142857,697.4285714285714,179.0,2428400.0
2023_17,2023,2024-03-22,2024-03-21,194,36.0,1300,6.379166666666667,0.3571428571428567,12.9,222.33928571428572,0.0,829.4285714285714,908.0738095238095,0.0,2133.1428571428573,13.486904761904762,7.1,23.185714285714283,87.13690476190474,65.57142857142857,97.28571428571429,541.6369047619048,411.14285714285717,694.7142857142857,514.0,7278400.0
2023_17,2023,2024-03-23,2024-03-22,195,36.0,1300,6.932738095238095,0.7428571428571425,13.328571428571427,216.00595238095238,0.0,835.2857142857143,882.1386904761904,0.0,2138.4714285714285,13.526785714285714,7.271428571428571,22.900000000000002,87.3452380952381,65.71428571428571,97.42857142857143,540.1249999999999,411.42857142857144,691.4285714285714,424.0,5868000.0
2023_17,2023,2024-03-25,2024-03-24,197,36.0,1300,8.541666666666666,3.142857142857143,14.5,203.61904761904765,0.0,751.2857142857143,837.0440476190477,0.0,2099.7285714285713,14.085119047619047,8.37142857142857,22.74285714285714,87.63095238095238,65.85714285714286,97.71428571428571,530.3154761904761,413.57142857142856,666.8571428571429,216.0,3132000.0
2023_17,2023,2024-03-26,2024-03-25,198,36.0,1300,9.338690476190477,4.685714285714285,14.62857142857143,175.73214285714286,0.0,678.2857142857143,726.1625,0.0,1910.3428571428572,14.122619047619049,8.814285714285715,21.957142857142856,88.8452380952381,68.28571428571429,97.85714285714286,522.9166666666667,413.57142857142856,648.7142857142857,292.0,4224000.0
2023_17,2023,2024-03-27,2024-03-26,199,36.0,1300,9.50952380952381,4.799999999999999,14.599999999999998,189.75595238095238,0.0,735.7142857142857,756.3005952380952,0.0,1860.6000000000001,14.319642857142856,8.885714285714286,22.471428571428568,88.65476190476191,68.28571428571429,97.71428571428571,518.0297619047619,418.14285714285717,631.7142857142857,124.0,1728000.0
2023_17,2023,2024-03-28,2024-03-27,200,36.0,1300,10.213095238095237,5.371428571428571,15.771428571428572,180.05952380952382,0.0,708.2857142857143,731.5083333333332,0.0,1793.4857142857143,14.557738095238093,9.085714285714285,22.742857142857144,89.07142857142857,68.85714285714286,98.0,523.1666666666667,423.57142857142856,640.4285714285714,150.0,2160000.0
2023_17,2023,2024-03-29,2024-03-28,201,36.0,1300,11.130952380952381,7.071428571428571,15.9,146.48214285714286,0.0,599.8571428571429,601.3369047619047,0.0,1715.8428571428572,14.325000000000001,9.471428571428572,21.5,90.70238095238096,73.0,98.42857142857143,527.4583333333333,425.7142857142857,640.4285714285714,442.0,5972000.0
2023_17,2023,2024-03-30,2024-03-29,202,36.0,1300,11.033333333333333,7.8,15.314285714285715,131.63690476190476,0.0,578.8571428571429,536.0535714285714,0.0,1513.3857142857144,13.979166666666666,9.342857142857142,21.0,91.625,74.85714285714286,98.71428571428571,523.2559523809524,421.57142857142856,632.4285714285714,370.0,4886000.0
2023_17,2023,2024-03-31,2024-03-30,203,36.0,1300,10.26845238095238,6.571428571428571,14.928571428571429,126.28571428571429,0.0,589.4285714285714,506.9773809523809,0.0,1451.5857142857142,13.544642857142858,8.642857142857142,20.914285714285715,91.9940476190476,76.14285714285714,98.42857142857143,530.9880952380952,419.42857142857144,647.1428571428571,148.0,1982000.0
2023_17,2023,2024-04-01,2024-03-31,204,36.0,1300,9.707142857142857,5.514285714285714,14.757142857142856,149.7619047619048,0.0,668.7142857142857,591.2720238095238,0.0,1495.7142857142858,13.259523809523811,7.8999999999999995,21.214285714285715,91.44047619047619,74.85714285714286,98.28571428571429,533.1904761904761,418.14285714285717,656.1428571428571,108.0,1440000.0
2023_17,2023,2024-04-02,2024-04-01,205,36.0,1300,9.701785714285716,4.685714285714285,15.471428571428572,181.49404761904762,0.0,748.7142857142857,722.3869047619048,0.0,1720.1714285714286,13.335714285714287,7.371428571428571,22.142857142857142,90.26785714285714,72.42857142857143,98.28571428571429,540.672619047619,418.14285714285717,678.0,83.0,1118000.0
2023_17,2023,2024-04-03,2024-04-02,206,36.0,1300,10.467261904761903,4.828571428571428,16.757142857142856,177.0654761904762,0.0,718.8571428571429,735.7089285714286,0.0,1804.9857142857145,13.502380952380955,7.171428571428571,22.3,89.96428571428571,71.57142857142857,98.28571428571429,546.4047619047618,418.57142857142856,697.0,104.0,1414000.0
2023_17,2023,2024-04-04,2024-04-03,207,36.0,1300,11.1125,5.942857142857143,16.599999999999998,155.25595238095235,0.0,643.2857142857143,651.2357142857144,0.0,1788.5857142857144,13.66607142857143,8.071428571428571,21.7,90.96428571428571,74.42857142857143,98.42857142857143,540.3928571428571,417.42857142857144,686.5714285714286,456.0,6336000.0
2023_17,2023,2024-04-05,2024-04-04,208,36.0,1300,11.605952380952383,6.271428571428572,17.5,159.75595238095238,0.0,678.0,657.0886904761904,0.0,1608.9142857142858,14.011904761904763,8.357142857142858,22.4,90.72023809523809,73.42857142857143,98.57142857142857,531.3511904761905,420.7142857142857,664.2857142857143,277.0,4124400.0
2023_17,2023,2024-04-06,2024-04-05,209,36.0,1300,12.033928571428572,6.742857142857142,17.82857142857143,165.5654761904762,0.0,695.5714285714286,677.5619047619049,0.0,1684.2714285714285,14.354166666666668,8.72857142857143,22.900000000000002,90.46428571428571,73.14285714285714,98.57142857142857,528.6428571428571,426.2857142857143,653.4285714285714,284.0,4231200.0
2023_17,2023,2024-04-07,2024-04-06,210,36.0,1300,12.439285714285715,7.585714285714286,17.9,163.17261904761907,0.0,652.0,685.9726190476191,0.0,1705.8,14.473214285714286,9.028571428571428,22.67142857142857,90.41666666666667,73.0,98.57142857142857,529.6964285714286,427.14285714285717,660.8571428571429,256.0,3830400.0
2023_17,2023,2024-04-08,2024-04-07,211,36.0,1300,12.839880952380954,8.071428571428571,18.557142857142857,164.50595238095238,0.0,651.2857142857143,694.7845238095239,0.0,1726.642857142857,14.652380952380952,9.114285714285716,23.071428571428573,90.30952380952381,73.0,98.42857142857143,531.6428571428571,430.0,666.5714285714286,155.0,2139200.0
2023_17,2023,2024-04-09,2024-04-08,212,36.0,1300,13.142857142857142,8.67142857142857,18.728571428571428,147.5297619047619,0.0,619.8571428571429,635.8827380952381,0.0,1718.6000000000001,14.780952380952382,9.314285714285715,22.885714285714283,90.55357142857143,73.71428571428571,98.28571428571429,530.7380952380953,431.7142857142857,669.1428571428571,100.0,1388000.0
2023_17,2023,2024-04-10,2024-04-09,213,36.0,1300,13.06309523809524,8.77142857142857,18.75714285714286,158.77380952380955,0.0,637.0,669.5148809523808,0.0,1712.7857142857142,14.836309523809522,9.514285714285716,23.042857142857144,90.55357142857143,74.14285714285714,98.28571428571429,527.4583333333333,434.14285714285717,659.8571428571429,106.0,1444000.0
2023_17,2023,2024-04-11,2024-04-10,214,36.0,1300,13.010119047619046,8.242857142857144,19.428571428571427,185.05357142857142,0.0,717.2857142857143,778.3696428571428,0.0,1808.1714285714286,14.909523809523808,9.0,23.62857142857143,89.31547619047619,71.14285714285714,98.14285714285714,530.4761904761905,436.0,667.8571428571429,98.0,1356000.0
2023_17,2023,2024-04-12,2024-04-11,215,36.0,1300,13.338690476190475,8.214285714285714,20.114285714285717,213.30357142857142,0.0,810.7142857142857,889.2369047619047,0.0,2043.1714285714286,15.230357142857144,8.942857142857141,24.5,88.08928571428571,68.14285714285714,98.0,532.297619047619,434.42857142857144,675.5714285714286,217.0,2853200.0
2023_17,2023,2024-04-13,2024-04-12,216,36.0,1300,13.823214285714286,8.242857142857144,21.0,228.07738095238093,0.0,807.5714285714286,966.3083333333333,0.0,2170.442857142857,15.554166666666665,8.928571428571429,25.0,87.46428571428571,67.71428571428571,98.0,538.7261904761905,433.85714285714283,702.4285714285714,317.0,4181200.0
2023_17,2023,2024-04-15,2024-04-14,218,36.0,1300,15.314880952380951,9.2,22.814285714285717,245.64880952380955,0.0,870.2857142857143,1038.642857142857,0.0,2323.514285714286,16.560714285714287,9.557142857142859,26.0,86.72023809523809,67.28571428571429,98.57142857142857,530.3095238095237,433.14285714285717,692.7142857142857,137.0,1780400.0
2023_17,2023,2024-04-16,2024-04-15,219,36.0,1300,15.8,9.885714285714286,22.75714285714286,228.8452380952381,0.0,795.4285714285714,967.897619047619,0.0,2317.671428571429,16.76904761904762,10.314285714285715,25.357142857142858,87.58928571428571,69.85714285714286,98.71428571428571,521.1845238095237,434.85714285714283,663.5714285714286,118.0,1557600.0
2023_17,2023,2024-04-17,2024-04-16,220,36.0,1300,15.836904761904762,10.342857142857143,22.185714285714283,217.54166666666669,0.0,803.4285714285714,908.6875,0.0,2222.3714285714286,16.816666666666666,10.785714285714286,25.0,88.19047619047619,71.0,98.85714285714286,513.8333333333333,433.0,643.7142857142857,97.0,1279600.0
2023_17,2023,2024-04-18,2024-04-17,221,36.0,1300,15.867261904761905,10.37142857142857,22.357142857142858,223.48809523809524,0.0,831.5714285714286,921.1863095238095,0.0,2225.714285714286,16.928571428571427,10.971428571428572,25.24285714285714,88.10119047619048,70.57142857142857,98.85714285714286,509.5595238095238,433.42857142857144,627.0,134.0,1786400.0
2023_17,2023,2024-04-19,2024-04-18,222,36.0,1300,15.686309523809525,9.8,22.314285714285717,228.5,0.0,820.7142857142857,954.3720238095237,0.0,2281.3571428571427,16.91785714285714,10.5,25.457142857142856,87.92261904761905,70.85714285714286,98.71428571428571,512.2380952380953,434.0,640.2857142857143,285.0,3797200.0
2023_17,2023,2024-04-20,2024-04-19,223,36.0,1300,15.703571428571427,9.457142857142857,22.657142857142855,234.3869047619048,0.0,835.1428571428571,972.6619047619048,0.0,2320.557142857143,17.017261904761906,10.285714285714286,25.885714285714283,87.57738095238095,70.14285714285714,98.57142857142857,510.0,431.57142857142856,630.4285714285714,259.0,3427600.0
2023_17,2023,2024-04-22,2024-04-21,225,36.0,1300,15.123214285714283,10.628571428571428,20.04285714285714,170.98214285714286,0.0,624.0,717.2976190476192,0.0,2054.7285714285713,16.33690476190476,11.314285714285715,23.3,90.57738095238096,77.28571428571429,98.57142857142857,503.63095238095235,433.14285714285717,594.7142857142857,88.0,1145600.0
2023_17,2023,2024-04-23,2024-04-22,226,36.0,1300,15.157738095238093,11.0,20.157142857142855,186.86904761904762,0.0,705.2857142857143,770.3577380952381,0.0,1908.6285714285716,16.573809523809523,11.428571428571429,24.171428571428574,90.35119047619048,76.28571428571429,98.85714285714286,506.125,429.0,606.2857142857143,51.0,662000.0
2023_17,2023,2024-04-24,2024-04-23,227,36.0,1300,15.433333333333334,10.971428571428572,20.942857142857143,189.0297619047619,0.0,700.0,808.6797619047619,0.0,1925.9142857142856,16.782142857142855,11.357142857142858,24.785714285714285,90.01190476190477,75.28571428571429,99.0,510.48214285714283,425.42857142857144,615.8571428571429,78.0,965600.0
2023_17,2023,2024-04-25,2024-04-24,228,36.0,1300,15.344642857142857,11.028571428571428,20.214285714285715,174.96428571428572,0.0,741.2857142857143,764.0220238095238,0.0,1844.5571428571432,16.659523809523808,11.271428571428572,24.228571428571428,90.71428571428571,76.85714285714286,99.14285714285714,508.9345238095238,422.7142857142857,614.1428571428571,70.0,952000.0
2023_17,2023,2024-04-26,2024-04-25,229,36.0,1300,15.419642857142858,11.5,20.414285714285715,177.00595238095235,0.0,750.2857142857143,768.6910714285714,0.0,1868.4857142857145,16.814285714285713,11.742857142857144,24.457142857142856,91.07738095238095,77.28571428571429,99.14285714285714,501.84523809523813,417.57142857142856,595.5714285714286,157.0,1880400.0
2023_17,2023,2024-04-29,2024-04-28,232,36.0,1300,15.729166666666668,10.171428571428573,23.114285714285717,243.48214285714286,0.0,972.0,1033.7738095238094,0.0,2238.5857142857144,17.64404761904762,11.157142857142857,27.928571428571427,92.3690476190476,76.85714285714286,99.71428571428571,509.9642857142857,408.0,632.4285714285714,112.0,1456800.0
2023_17,2023,2024-04-30,2024-04-29,233,36.0,1300,15.742857142857144,10.37142857142857,22.871428571428574,232.45833333333331,0.0,909.8571428571429,999.8755952380952,0.0,2398.6142857142854,17.550595238095237,11.328571428571427,27.557142857142857,93.4047619047619,79.0,99.71428571428571,511.38095238095235,402.2857142857143,637.0,94.0,1204800.0
2023_17,2023,2024-05-01,2024-04-30,234,36.0,1300,15.683928571428572,10.657142857142857,22.142857142857142,231.98214285714286,0.0,895.4285714285714,984.5744047619047,0.0,2386.7000000000003,17.571428571428573,11.542857142857143,26.971428571428568,94.63095238095238,81.71428571428571,99.71428571428571,506.01190476190476,404.85714285714283,625.0,91.0,1100000.0
2023_17,2023,2024-05-02,2024-05-01,235,36.0,1300,15.914880952380953,10.742857142857142,22.857142857142858,230.1011904761905,0.0,801.5714285714286,967.7636904761904,0.0,2374.785714285714,17.64166666666667,11.585714285714285,27.542857142857144,95.56547619047618,83.71428571428571,99.71428571428571,507.23214285714283,405.85714285714283,631.4285714285714,71.0,880000.0
2023_17,2023,2024-05-03,2024-05-02,236,36.0,1300,16.089285714285715,10.885714285714286,22.714285714285715,226.4345238095238,0.0,795.0,944.0791666666667,0.0,2334.157142857143,17.696428571428573,11.614285714285714,27.642857142857142,97.04761904761905,86.28571428571429,100.0,509.5773809523809,406.7142857142857,635.7142857142857,115.0,1542000.0
2023_17,2023,2024-05-04,2024-05-03,237,36.0,1300,16.20595238095238,10.771428571428572,22.742857142857144,235.14285714285714,0.0,794.4285714285714,984.5380952380953,0.0,2359.2714285714287,17.777380952380952,11.442857142857141,27.714285714285715,98.33928571428571,89.42857142857143,100.0,508.0595238095238,407.85714285714283,637.7142857142857,264.0,3396000.0
2023_17,2023,2024-05-05,2024-05-04,238,36.0,1300,16.63452380952381,10.985714285714284,23.12857142857143,229.58333333333334,0.0,795.1428571428571,977.1880952380952,0.0,2367.914285714286,18.053571428571427,11.485714285714286,27.857142857142858,98.95833333333333,91.71428571428571,100.0,504.7440476190476,404.85714285714283,631.7142857142857,174.0,2204000.0
2023_17,2023,2024-05-06,2024-05-05,239,36.0,1300,16.929761904761907,12.114285714285716,21.942857142857143,195.91666666666669,0.0,681.0,840.7279761904762,0.0,2326.3142857142857,18.100595238095238,12.557142857142859,26.2,99.11309523809526,92.42857142857143,100.0,499.2857142857143,407.7142857142857,617.2857142857143,115.0,1442000.0
2023_17,2023,2024-05-07,2024-05-06,240,36.0,1300,16.686309523809523,11.914285714285715,21.628571428571433,197.9404761904762,0.0,694.4285714285714,833.8785714285715,0.0,2098.7714285714287,17.973809523809525,12.457142857142857,25.942857142857143,98.95238095238096,91.85714285714286,100.0,493.9226190476191,414.7142857142857,603.1428571428571,88.0,1120000.0
2023_17,2023,2024-05-08,2024-05-07,241,36.0,1300,16.577380952380953,11.957142857142857,21.25714285714286,173.73214285714286,0.0,605.8571428571429,741.5035714285715,0.0,1967.0285714285712,17.7125,12.657142857142858,25.185714285714287,99.08928571428571,92.71428571428571,100.0,492.3214285714285,407.85714285714283,603.7142857142857,71.0,914000.0
2023_17,2023,2024-05-09,2024-05-08,242,36.0,1300,16.561309523809523,12.071428571428571,21.114285714285717,193.05952380952382,0.0,660.4285714285714,826.9779761904763,0.0,2128.1142857142854,17.792261904761908,12.685714285714285,24.957142857142856,99.04166666666667,92.14285714285714,100.0,492.04166666666663,402.7142857142857,604.2857142857143,74.0,944000.0
2023_17,2023,2024-05-10,2024-05-09,243,36.0,1300,16.39702380952381,11.728571428571428,20.942857142857143,199.91071428571428,0.0,668.0,870.5708333333332,0.0,2194.514285714286,17.597619047619048,12.385714285714284,24.514285714285712,99.06547619047618,92.42857142857143,100.0,494.1845238095238,404.42857142857144,618.2857142857143,117.0,1494000.0
2023_17,2023,2024-05-12,2024-05-11,245,36.0,1300,16.351785714285715,12.242857142857144,20.400000000000002,185.35714285714286,0.0,676.8571428571429,822.8744047619047,0.0,2186.557142857143,17.31607142857143,12.6,23.685714285714287,99.01785714285714,92.14285714285714,100.0,493.0059523809524,407.7142857142857,617.0,128.0,1588000.0
2023_17,2023,2024-05-13,2024-05-12,246,36.0,1300,15.92202380952381,11.514285714285716,20.371428571428574,225.71428571428572,0.0,794.0,966.1464285714285,0.0,2208.7,17.198809523809523,11.685714285714285,24.442857142857143,98.89880952380952,91.57142857142857,100.0,496.01785714285717,407.57142857142856,628.8571428571429,204.0,2620000.0
2023_17,2023,2024-05-14,2024-05-13,247,36.0,1300,16.026785714285715,10.785714285714286,21.157142857142855,261.8095238095238,0.0,884.0,1122.8035714285713,0.0,2515.2714285714283,17.39464285714286,11.0,25.61428571428571,99.07738095238095,92.14285714285714,100.0,499.8452380952381,403.85714285714283,644.7142857142857,111.0,1434000.0
2023_17,2023,2024-05-15,2024-05-14,248,36.0,1300,16.476190476190474,10.5,22.442857142857143,304.6607142857143,0.0,1000.4285714285714,1297.4386904761905,0.0,2821.828571428571,17.810119047619047,10.514285714285714,27.057142857142857,99.0,91.71428571428571,100.0,505.1309523809524,408.57142857142856,667.0,110.0,1328000.0
2023_17,2023,2024-05-16,2024-05-15,249,36.0,1300,16.321428571428573,10.342857142857143,22.657142857142862,292.51785714285717,0.0,992.5714285714286,1272.4494047619046,0.0,2830.1428571428573,17.639285714285716,10.257142857142856,27.400000000000002,99.07738095238095,92.28571428571429,100.0,510.26190476190476,410.85714285714283,684.7142857142857,64.0,856000.0
2023_17,2023,2024-05-17,2024-05-16,250,36.0,1300,16.20119047619048,10.328571428571427,22.4,292.5892857142857,0.0,996.8571428571429,1269.6178571428572,0.0,2834.1857142857143,17.580357142857142,10.214285714285714,27.142857142857142,99.02380952380953,92.0,100.0,505.95833333333337,411.57142857142856,669.5714285714286,52.0,656000.0
2023_17,2023,2024-05-18,2024-05-17,251,36.0,1300,16.47857142857143,10.714285714285714,22.5,285.76785714285717,0.0,1003.4285714285714,1260.2958333333333,0.0,2841.4714285714285,17.696428571428573,10.342857142857142,27.042857142857144,98.98214285714286,91.28571428571429,100.0,501.2023809523809,411.2857142857143,650.4285714285714,169.0,2130000.0
2023_17,2023,2024-05-19,2024-05-18,252,36.0,1300,16.61190476190476,10.62857142857143,22.95714285714286,306.0952380952381,0.0,991.1428571428571,1323.1291666666668,0.0,2848.0142857142855,17.964880952380952,10.285714285714286,27.82857142857143,99.02976190476191,91.28571428571429,100.0,500.01785714285717,407.14285714285717,646.4285714285714,100.0,1252000.0
2023_17,2023,2024-05-20,2024-05-19,253,36.0,1300,17.176785714285714,11.0,24.17142857142857,308.36309523809524,0.0,988.5714285714286,1330.935119047619,0.0,2887.3857142857146,18.349999999999998,10.485714285714286,28.72857142857143,99.04166666666666,91.28571428571429,100.0,498.40476190476187,402.85714285714283,635.1428571428571,157.0,1998000.0
2023_17,2023,2024-05-21,2024-05-20,254,36.0,1300,17.5625,11.485714285714284,24.514285714285716,300.41666666666663,0.0,979.8571428571429,1296.897023809524,0.0,2884.2714285714287,18.622023809523807,10.842857142857142,28.771428571428572,98.99404761904762,91.28571428571429,100.0,496.7857142857143,402.2857142857143,626.1428571428571,101.0,1278000.0
2023_17,2023,2024-05-22,2024-05-21,255,36.0,1300,17.89047619047619,12.271428571428572,25.157142857142855,291.64285714285717,0.0,981.5714285714286,1248.042857142857,0.0,2810.585714285714,19.010119047619046,11.585714285714285,29.285714285714285,98.95833333333334,90.85714285714286,100.0,492.76785714285717,399.2857142857143,606.1428571428571,62.0,756000.0
2023_17,2023,2024-05-23,2024-05-22,256,36.0,1300,18.785119047619048,13.042857142857144,26.0,303.80357142857144,0.0,984.5714285714286,1267.5660714285714,0.0,2763.2,19.867261904761904,12.528571428571428,30.071428571428573,98.97619047619048,90.85714285714286,100.0,484.5238095238095,397.42857142857144,580.5714285714286,124.0,1584000.0
2023_18,2023,2023-12-04,2023-12-03,77,28.89,1800,3.4083333333333328,-0.014285714285714393,6.671428571428571,87.0059523809524,0.0,440.57142857142856,570.1839285714286,12.114285714285716,892.7142857142857,12.470833333333335,8.742857142857144,20.75714285714286,85.85238095238095,70.22857142857143,92.25714285714285,441.7023809523809,374.2857142857143,513.4285714285714,8.0,109000.0
2023_18,2023,2023-12-06,2023-12-05,79,28.89,1800,2.6077380952380955,-1.5714285714285714,7.299999999999999,94.4702380952381,0.0,459.57142857142856,667.4511904761904,13.142857142857142,984.2857142857143,12.288095238095238,8.642857142857142,21.185714285714287,84.39107142857142,67.61428571428571,91.25714285714285,447.8988095238095,371.2857142857143,526.2857142857143,48.0,742000.0
2023_18,2023,2023-12-07,2023-12-06,80,28.89,1800,3.0708333333333333,-1.4285714285714288,8.128571428571428,90.30952380952382,0.0,434.42857142857144,643.4196428571429,12.742857142857142,962.2857142857143,12.2875,8.785714285714286,20.97142857142857,84.73690476190475,68.21428571428571,91.54285714285713,450.0833333333333,375.0,530.4285714285714,15.0,229000.0
2023_18,2023,2023-12-09,2023-12-08,82,28.89,1800,5.639880952380953,-0.342857142857143,11.942857142857141,95.73809523809526,0.0,436.57142857142856,654.5,11.557142857142859,972.7142857142857,12.652380952380952,8.485714285714286,22.028571428571432,84.41428571428571,64.35714285714286,92.37142857142858,445.7142857142857,374.42857142857144,523.5714285714286,35.0,615000.0
2023_18,2023,2023-12-11,2023-12-10,84,28.89,1800,8.360714285714286,2.8857142857142857,15.028571428571428,92.61309523809523,0.0,411.2857142857143,688.0928571428573,10.057142857142859,985.8571428571429,13.64345238095238,9.4,22.82857142857143,85.26428571428572,63.9,93.51428571428572,444.6607142857143,374.2857142857143,529.0,141.0,1808000.0
2023_18,2023,2023-12-12,2023-12-11,85,28.89,1800,9.598809523809525,4.799999999999999,15.2,76.98214285714286,0.0,344.85714285714283,590.6053571428572,7.128571428571428,900.2857142857143,13.767857142857142,9.971428571428572,21.54285714285714,87.36488095238096,68.3,94.8,444.54166666666663,377.14285714285717,524.7142857142857,48.0,519000.0
2023_18,2023,2023-12-13,2023-12-12,86,28.89,1800,10.144642857142857,5.871428571428571,14.87142857142857,68.68452380952381,0.0,315.0,504.3720238095238,7.0,787.2857142857143,13.84702380952381,10.328571428571427,20.785714285714285,89.01785714285714,72.94285714285715,95.55714285714286,439.93452380952385,379.57142857142856,512.0,63.0,746000.0
2023_18,2023,2023-12-14,2023-12-13,87,28.89,1800,10.501785714285715,6.557142857142857,14.885714285714284,72.93452380952381,0.0,341.7142857142857,492.18809523809523,6.857142857142857,754.8571428571429,14.090476190476192,10.457142857142857,21.157142857142855,89.10416666666666,71.87142857142858,95.84285714285716,436.7916666666667,378.57142857142856,506.14285714285717,27.0,336000.0
2023_18,2023,2023-12-16,2023-12-15,89,28.89,1800,10.817857142857141,8.299999999999999,14.057142857142859,43.76785714285715,0.0,232.28571428571428,338.80000000000007,3.785714285714285,572.4285714285714,13.842261904761907,11.428571428571429,18.428571428571427,92.61845238095238,81.91428571428571,97.14285714285714,438.05357142857144,382.14285714285717,504.0,163.0,1928000.0
2023_18,2023,2023-12-18,2023-12-17,91,28.89,1800,6.135281385281384,3.5714285714285707,9.171428571428569,44.76461038961039,0.0,244.42857142857142,278.7659090909091,3.4714285714285715,506.14285714285717,12.598268398268399,10.528571428571428,16.52857142857143,91.79204545454546,83.57142857142857,95.85714285714286,434.9707792207792,384.57142857142856,484.85714285714283,78.0,981000.0
2023_18,2023,2023-12-20,2023-12-19,93,28.89,1800,2.338257575757576,-0.5857142857142862,5.542857142857143,53.728896103896105,0.0,275.85714285714283,379.1450757575758,4.757142857142857,632.0,12.020887445887448,9.785714285714286,16.414285714285715,89.78609307359307,81.14285714285714,94.55714285714286,439.8041125541126,373.85714285714283,496.42857142857144,99.0,1633000.0
2023_18,2023,2023-12-21,2023-12-20,94,28.89,1800,0.426948051948052,-2.5428571428571436,3.585714285714286,51.41341991341991,0.0,280.7142857142857,372.22364718614716,3.985714285714286,613.7142857142857,11.502435064935066,9.528571428571428,15.142857142857142,89.9456168831169,82.55714285714285,94.41428571428573,442.5779220779221,371.7142857142857,496.14285714285717,112.0,2121000.0
2023_18,2023,2023-12-22,2023-12-21,95,28.89,1800,-2.1361471861471863,-5.4142857142857155,1.9,61.49675324675325,0.0,337.7142857142857,402.8843614718615,4.257142857142857,621.2857142857143,11.22624458874459,9.1,15.314285714285715,89.0878787878788,80.38571428571429,93.87142857142855,445.7445887445887,370.14285714285717,499.42857142857144,132.0,2364000.0
2023_18,2023,2023-12-23,2023-12-22,96,28.89,1800,-4.778409090909092,-8.142857142857144,-0.42857142857142855,72.65746753246752,0.0,399.42857142857144,475.5165043290043,4.542857142857143,719.4285714285714,10.990530303030301,8.642857142857142,16.114285714285717,87.93133116883116,77.95714285714287,93.15714285714284,449.3933982683983,365.42857142857144,507.14285714285717,300.0,5894000.0
2023_18,2023,2023-12-25,2023-12-24,98,28.89,1800,-4.948214285714285,-8.714285714285714,-0.2714285714285714,83.47023809523809,0.0,437.7142857142857,585.5095238095238,4.528571428571429,841.5714285714286,11.460714285714285,8.7,17.957142857142856,87.98988095238096,76.01428571428572,93.87142857142855,452.2976190476191,358.14285714285717,524.2857142857143,227.0,5203000.0
2023_18,2023,2023-12-26,2023-12-25,99,28.89,1800,-4.282738095238096,-8.071428571428573,0.7428571428571428,84.36904761904762,0.0,456.57142857142856,581.3630952380952,4.242857142857143,835.4285714285714,11.664880952380953,8.771428571428572,18.400000000000002,88.65833333333333,75.02857142857144,94.72857142857141,453.6904761904762,359.2857142857143,526.8571428571429,283.0,5567000.0
2023_18,2023,2023-12-27,2023-12-26,100,28.89,1800,-3.5964285714285715,-7.3571428571428585,1.8714285714285714,91.08928571428571,0.0,499.57142857142856,605.4744047619048,3.5285714285714285,841.1428571428571,11.976190476190476,8.914285714285715,19.62857142857143,88.84880952380954,73.55714285714285,95.0142857142857,452.73809523809524,359.57142857142856,525.0,167.0,3001000.0
2023_18,2023,2023-12-28,2023-12-27,101,28.89,1800,-2.6196428571428574,-6.342857142857143,3.2714285714285714,98.18452380952381,0.0,504.85714285714283,652.6589285714286,4.071428571428571,898.7142857142857,12.476190476190476,9.200000000000001,21.12857142857143,88.58869047619048,71.87142857142858,95.29999999999998,452.7261904761904,362.57142857142856,531.2857142857143,354.0,7650000.0
2023_18,2023,2023-12-29,2023-12-28,102,28.89,1800,-1.261904761904762,-5.114285714285714,4.4714285714285715,100.28571428571429,0.0,496.2857142857143,684.9160714285715,4.214285714285714,930.2857142857143,12.872619047619049,9.228571428571428,22.371428571428574,88.5452380952381,71.2,95.57142857142857,453.2142857142857,360.42857142857144,539.7142857142857,152.0,3316000.0
2023_19,2023,2023-12-06,2023-12-05,82,23.33,1500,2.479761904761905,-1.8714285714285714,7.214285714285714,112.20238095238096,1.2857142857142858,510.0,464.0815476190477,0.0,1111.4285714285713,11.469047619047618,7.757142857142857,19.8,88.92857142857143,66.2,98.28571428571429,526.3630952380952,416.14285714285717,748.4285714285714,30.0,1194000.0
2023_19,2023,2023-12-07,2023-12-06,83,23.33,1500,2.9398809523809524,-1.7571428571428573,8.114285714285716,110.23809523809526,1.1428571428571428,503.42857142857144,457.62678571428575,0.0,1092.4285714285713,11.452976190476189,7.642857142857143,19.385714285714283,89.06071428571428,66.08571428571429,98.57142857142857,533.0297619047619,424.0,751.5714285714286,35.0,1393000.0
2023_19,2023,2023-12-08,2023-12-07,84,23.33,1500,3.870238095238095,-1.2857142857142858,9.314285714285715,108.85714285714288,1.1428571428571428,493.7142857142857,449.6458333333334,0.0,1080.4285714285713,11.685714285714287,7.671428571428572,19.928571428571427,88.9654761904762,64.55714285714285,99.0,535.9464285714286,428.57142857142856,771.8571428571429,40.0,1592000.0
2023_19,2023,2023-12-10,2023-12-09,86,23.33,1500,7.125595238095238,1.285714285714286,13.3,124.64880952380953,1.2857142857142858,521.7142857142857,511.98690476190484,0.11428571428571435,1172.7142857142858,13.132142857142856,8.542857142857143,21.757142857142856,87.8125,61.21428571428572,99.0,536.1011904761905,434.42857142857144,762.8571428571429,60.0,2388000.0
2023_19,2023,2023-12-11,2023-12-10,87,23.33,1500,8.461904761904762,2.8714285714285714,14.814285714285715,112.16666666666667,1.4285714285714286,474.42857142857144,465.39761904761906,0.11428571428571435,1071.0,13.798809523809524,9.471428571428572,21.685714285714283,89.04404761904763,63.785714285714285,99.14285714285714,538.3690476190476,437.57142857142856,754.8571428571429,35.0,1393000.0
2023_19,2023,2023-12-12,2023-12-11,88,23.33,1500,9.788095238095238,4.942857142857143,15.028571428571428,92.3809523809524,1.5714285714285714,397.57142857142856,386.3142857142857,0.11428571428571435,902.5714285714286,14.289285714285713,10.657142857142858,20.857142857142858,91.41071428571429,69.92857142857143,99.57142857142857,524.4285714285714,440.2857142857143,677.5714285714286,30.0,1194000.0
2023_19,2023,2023-12-13,2023-12-12,89,23.33,1500,10.35059523809524,6.1571428571428575,14.742857142857146,78.41071428571429,1.7142857142857142,332.14285714285717,330.5267857142857,0.25714285714285723,780.2857142857143,14.464880952380952,11.385714285714286,19.9,93.23154761904763,75.05714285714285,99.85714285714286,512.3869047619048,442.42857142857144,618.0,71.0,2825800.0
2023_19,2023,2023-12-14,2023-12-13,90,23.33,1500,10.733928571428573,7.0,14.842857142857143,80.96428571428571,1.8571428571428572,343.14285714285717,331.2738095238096,0.3857142857142858,722.8571428571429,14.848214285714286,11.828571428571427,20.400000000000002,92.9720238095238,73.18571428571428,99.85714285714286,510.42857142857144,443.0,630.5714285714286,50.0,1990000.0
2023_19,2023,2023-12-15,2023-12-14,91,23.33,1500,11.375,8.385714285714284,14.985714285714286,63.541666666666664,1.8571428571428572,274.42857142857144,262.78809523809525,0.3857142857142858,573.7142857142857,14.956547619047617,12.542857142857144,19.414285714285715,94.58928571428571,78.84285714285714,100.0,512.3511904761905,444.57142857142856,611.8571428571429,50.0,1990000.0
2023_19,2023,2023-12-16,2023-12-15,92,23.33,1500,11.132738095238096,8.671428571428573,14.299999999999999,46.958333333333336,1.8571428571428572,206.71428571428572,194.39285714285714,0.27142857142857146,429.2857142857143,14.799404761904762,12.871428571428572,18.342857142857145,96.26785714285714,84.12857142857142,100.0,508.16666666666663,445.14285714285717,590.4285714285714,25.0,995000.0
2023_19,2023,2023-12-17,2023-12-16,93,23.33,1500,9.167857142857143,6.785714285714286,12.385714285714286,38.779761904761905,2.0,183.0,157.18154761904762,0.4142857142857143,337.0,13.745833333333334,11.92857142857143,16.685714285714287,95.97857142857143,85.3,99.42857142857143,516.6011904761905,444.2857142857143,618.2857142857143,25.0,995000.0
2023_19,2023,2023-12-18,2023-12-17,94,23.33,1500,6.4624999999999995,4.128571428571428,9.471428571428572,49.60119047619048,2.0,236.14285714285714,197.63750000000002,0.4142857142857143,427.2857142857143,12.823809523809524,10.9,16.057142857142857,94.42857142857142,84.12857142857142,99.11428571428573,522.5238095238095,434.0,668.5714285714286,10.0,398000.0
2023_19,2023,2023-12-19,2023-12-18,95,23.33,1500,4.195833333333334,1.6714285714285713,7.514285714285714,61.261904761904766,2.0,290.2857142857143,249.71904761904761,0.4142857142857143,578.7142857142857,12.195238095238096,10.1,16.2,91.82857142857142,80.25714285714285,97.94285714285715,517.6904761904763,421.57142857142856,673.8571428571429,15.0,597000.0
2023_19,2023,2023-12-20,2023-12-19,96,23.33,1500,2.7773809523809523,0.09999999999999977,6.014285714285714,64.01785714285714,2.0,301.7142857142857,262.24940476190477,0.27142857142857146,603.7142857142857,11.718452380952382,9.557142857142859,15.7,89.86785714285713,77.95714285714287,96.8,521.8511904761905,421.2857142857143,690.4285714285714,20.0,796000.0
2023_19,2023,2023-12-21,2023-12-20,97,23.33,1500,0.941666666666667,-1.9571428571428573,4.085714285714286,61.66666666666667,2.0,288.14285714285717,252.58571428571426,0.14285714285714293,584.2571428571429,10.941071428571428,9.028571428571428,14.057142857142859,88.65476190476191,79.35714285714286,95.24285714285715,519.3333333333334,419.0,674.1428571428571,20.0,796000.0
2023_19,2023,2023-12-22,2023-12-21,98,23.33,1500,-1.7726190476190473,-4.857142857142857,1.742857142857143,74.60714285714286,1.8571428571428572,357.42857142857144,299.7845238095238,0.14285714285714293,696.2571428571429,10.421428571428573,8.157142857142857,14.700000000000001,86.27559523809524,75.24285714285715,93.24285714285715,521.3630952380953,407.7142857142857,690.8571428571429,25.0,995000.0
2023_19,2023,2023-12-24,2023-12-23,100,23.33,1500,-5.218452380952381,-8.614285714285714,-1.385714285714286,105.88690476190477,1.4285714285714286,488.42857142857144,422.8047619047619,0.0,967.2571428571429,10.512500000000001,7.585714285714286,17.4,82.1202380952381,70.08571428571429,89.97142857142856,520.7797619047619,384.42857142857144,729.1428571428571,15.0,597000.0
2023_19,2023,2023-12-25,2023-12-24,101,23.33,1500,-4.516666666666667,-8.071428571428571,-0.27142857142857146,102.4940476190476,1.4285714285714286,476.0,406.8767857142857,0.11428571428571435,935.0857142857143,10.91904761904762,7.914285714285714,18.12857142857143,82.37142857142858,70.22857142857143,89.39999999999999,510.0654761904762,385.0,677.4285714285714,17.0,676600.0
2023_24,2023,2023-12-02,2023-12-01,85,25.8,1200,3.8815476190476192,-0.6857142857142857,8.728571428571428,115.39285714285714,0.0,549.1428571428571,740.4821428571429,4.428571428571429,1195.142857142857,12.86904761904762,6.757142857142858,24.771428571428572,85.46428571428571,69.92857142857143,92.44285714285714,517.3392857142857,418.2857142857143,598.8571428571429,16.0,301776.0
2023_24,2023,2023-12-05,2023-12-04,88,25.8,1200,3.2446428571428574,-1.6285714285714286,8.157142857142857,115.88690476190477,0.0,538.8571428571429,721.3630952380953,3.142857142857143,1135.5714285714287,12.597023809523808,6.471428571428571,24.5,85.05952380952382,70.04285714285713,92.57142857142857,526.2142857142858,424.2857142857143,607.1428571428571,6.0,109026.0
2023_24,2023,2023-12-06,2023-12-05,89,25.8,1200,3.255952380952382,-1.7,8.914285714285715,114.19047619047619,0.0,531.4285714285714,769.4166666666667,3.2857142857142856,1152.7142857142858,12.686904761904762,6.3999999999999995,24.91428571428571,84.88988095238095,69.37142857142858,92.78571428571429,528.2083333333334,425.7142857142857,606.4285714285714,11.0,179883.0
2023_24,2023,2023-12-08,2023-12-07,91,25.8,1200,4.560714285714286,-0.9999999999999999,11.12857142857143,112.99404761904762,0.0,520.0,779.9583333333333,3.142857142857143,1174.5714285714287,13.016071428571431,6.642857142857143,25.414285714285715,84.70119047619048,67.67142857142858,92.81428571428572,521.6845238095239,414.14285714285717,608.5714285714286,21.0,382998.0
2023_24,2023,2023-12-09,2023-12-08,92,25.8,1200,5.755952380952381,-0.6142857142857142,13.242857142857144,115.07738095238096,0.0,502.7142857142857,773.9702380952382,3.5714285714285716,1179.2857142857142,13.360119047619047,6.799999999999999,25.485714285714288,84.32619047619048,66.0,93.42857142857143,513.8511904761905,408.2857142857143,601.7142857142857,6.0,143520.0
2023_24,2023,2023-12-10,2023-12-09,93,25.8,1200,7.193452380952381,0.6857142857142858,15.085714285714285,122.69642857142857,0.0,525.4285714285714,799.2738095238094,3.7142857142857144,1182.0,14.001190476190477,7.214285714285714,26.714285714285715,84.2375,63.728571428571435,93.72857142857143,509.5238095238096,399.7142857142857,598.0,7.0,158669.0
2023_24,2023,2023-12-11,2023-12-10,94,25.8,1200,8.592261904761905,2.1142857142857143,16.485714285714284,111.85714285714286,0.0,499.7142857142857,778.9523809523808,3.2857142857142856,1131.142857142857,14.344642857142857,7.8428571428571425,26.157142857142855,85.29642857142856,64.65714285714286,94.34285714285714,505.3809523809524,396.42857142857144,602.2857142857143,40.0,604065.0
2023_24,2023,2023-12-12,2023-12-11,95,25.8,1200,10.289285714285715,4.628571428571428,17.2,94.92857142857143,0.0,419.57142857142856,673.4940476190476,2.857142857142857,1038.142857142857,14.617857142857144,8.928571428571429,24.82857142857143,87.39464285714284,69.14285714285714,95.2,498.0357142857143,403.0,585.1428571428571,33.0,474969.0
2023_24,2023,2023-12-13,2023-12-12,96,25.8,1200,10.950595238095238,5.985714285714287,17.02857142857143,81.0,0.0,362.85714285714283,555.797619047619,2.142857142857143,901.8571428571429,14.663690476190476,9.685714285714285,23.814285714285717,89.1,72.97142857142856,95.8142857142857,491.11904761904765,403.2857142857143,577.0,17.0,294333.0
2023_24,2023,2023-12-14,2023-12-13,97,25.8,1200,11.319047619047618,6.7,16.942857142857143,88.8690476190476,0.0,412.85714285714283,528.7440476190476,2.2857142857142856,861.1428571428571,14.91904761904762,10.042857142857143,24.085714285714285,89.07619047619048,72.07142857142857,96.0,490.4345238095238,400.14285714285717,579.4285714285714,28.0,438893.0
2023_24,2023,2023-12-15,2023-12-14,98,25.8,1200,11.945833333333335,7.942857142857144,16.900000000000002,71.00595238095238,0.0,346.14285714285717,470.8392857142857,1.8571428571428572,821.2857142857143,14.868452380952379,10.557142857142855,22.571428571428573,90.75892857142857,76.2,96.52857142857144,504.73214285714283,415.7142857142857,589.8571428571429,45.0,739355.0
2023_24,2023,2023-12-16,2023-12-15,99,25.8,1200,12.241666666666665,8.82857142857143,16.257142857142856,52.75,0.0,280.7142857142857,375.50595238095235,1.2857142857142858,666.4285714285714,14.800595238095237,10.971428571428572,21.04285714285714,92.64821428571429,81.12857142857142,96.97142857142858,503.4761904761905,418.0,595.5714285714286,64.0,1131444.0
2023_24,2023,2023-12-17,2023-12-16,100,25.8,1200,10.738690476190476,7.6000000000000005,14.314285714285715,46.0,0.0,270.2857142857143,318.7142857142857,0.8571428571428571,612.4285714285714,14.111309523809524,10.757142857142856,19.442857142857143,93.00357142857142,83.54285714285713,97.10000000000001,498.3154761904762,424.42857142857144,582.8571428571429,48.0,979824.0
2023_24,2023,2023-12-18,2023-12-17,101,25.8,1200,8.220833333333333,5.5,11.242857142857144,50.791666666666664,0.0,305.85714285714283,322.5119047619047,0.8571428571428571,616.4285714285714,13.383333333333335,10.214285714285714,19.314285714285713,92.20178571428572,83.91428571428571,96.34285714285714,496.91666666666663,432.7142857142857,568.4285714285714,48.0,849352.0
2023_24,2023,2023-12-19,2023-12-18,102,25.8,1200,5.895238095238095,2.6714285714285717,9.385714285714286,65.13095238095238,0.0,377.85714285714283,391.2976190476191,1.2857142857142858,662.5714285714286,12.973809523809523,9.200000000000001,20.25714285714286,90.46726190476191,81.15714285714284,95.52857142857142,501.4166666666667,428.2857142857143,575.4285714285714,52.0,847726.0
2023_24,2023,2023-12-20,2023-12-19,103,25.8,1200,4.600595238095238,1.0999999999999999,8.157142857142857,70.36309523809523,0.0,418.14285714285717,458.5654761904762,1.4285714285714286,751.0,12.673809523809524,8.528571428571428,20.37142857142857,89.45416666666667,79.25714285714285,94.87142857142858,510.8809523809524,426.7142857142857,582.7142857142857,70.0,1114475.0
2023_24,2023,2023-12-21,2023-12-20,104,25.8,1200,3.021428571428572,-0.47142857142857153,6.328571428571429,61.55952380952381,0.0,378.7142857142857,457.61309523809524,1.0,715.4285714285714,11.911904761904761,8.157142857142857,19.17142857142857,89.36011904761905,80.89999999999999,94.34285714285714,515.2202380952382,433.57142857142856,578.4285714285714,53.0,1108290.0
2023_24,2023,2023-12-22,2023-12-21,105,25.8,1200,0.5339285714285715,-2.985714285714286,4.042857142857143,74.10714285714286,0.0,448.57142857142856,486.49404761904765,0.8571428571428571,701.4285714285714,11.621428571428572,7.471428571428572,20.17142857142857,87.72380952380954,77.62857142857142,93.54285714285713,512.0357142857143,428.14285714285717,576.0,106.0,2192120.0
2023_24,2023,2023-12-23,2023-12-22,106,25.8,1200,-2.020833333333333,-5.6000000000000005,1.657142857142857,93.55952380952381,0.0,535.1428571428571,599.0773809523808,1.0,865.4285714285714,11.395833333333334,6.942857142857142,21.585714285714285,85.75059523809524,74.05714285714285,92.58571428571427,524.7559523809524,428.57142857142856,580.5714285714286,128.0,2907297.0
2023_24,2023,2023-12-24,2023-12-23,107,25.8,1200,-2.913095238095238,-6.642857142857143,0.9428571428571428,101.54761904761904,0.0,563.7142857142857,690.4880952380952,1.1428571428571428,975.7142857142857,11.579166666666666,6.8,22.87142857142857,84.7154761904762,72.82857142857142,91.91428571428571,536.202380952381,430.42857142857144,598.5714285714286,81.0,1861918.0
2023_24,2023,2023-12-25,2023-12-24,108,25.8,1200,-2.4166666666666665,-6.071428571428571,1.6714285714285713,97.83928571428571,0.0,538.7142857142857,694.1130952380953,0.8571428571428571,992.7142857142857,11.623809523809523,6.799999999999999,22.585714285714285,84.9702380952381,73.08571428571427,91.95714285714287,541.3392857142857,422.7142857142857,607.7142857142857,102.0,2286381.0
2023_24,2023,2023-12-26,2023-12-25,109,25.8,1200,-2.0476190476190474,-5.457142857142857,1.9857142857142855,93.08928571428571,0.0,508.14285714285717,669.8095238095237,0.5714285714285714,966.0,11.561904761904762,6.8428571428571425,22.414285714285715,85.22380952380954,73.61428571428571,92.05714285714286,543.7321428571428,425.0,611.2857142857143,72.0,1280089.0
2023_24,2023,2023-12-27,2023-12-26,110,25.8,1200,-2.025595238095238,-5.757142857142857,2.4285714285714284,97.72023809523809,0.0,522.5714285714286,681.0714285714286,0.5714285714285714,980.7142857142857,11.642857142857142,6.8,22.914285714285715,84.81011904761905,73.12857142857142,91.94285714285715,541.797619047619,425.0,612.5714285714286,128.0,2273424.0
2023_24,2023,2023-12-28,2023-12-27,111,25.8,1200,-1.4380952380952379,-5.257142857142858,3.5428571428571423,107.74404761904762,0.0,548.7142857142857,729.0119047619048,0.7142857142857143,1043.4285714285713,12.132738095238096,6.785714285714286,24.400000000000002,84.29166666666667,71.45714285714286,91.98571428571428,544.8630952380952,422.7142857142857,623.5714285714286,115.0,2201772.0
2023_24,2023,2023-12-29,2023-12-28,112,25.8,1200,-0.4214285714285713,-4.514285714285714,5.242857142857142,103.44642857142857,0.0,507.57142857142856,740.125,0.7142857142857143,1084.7142857142858,12.163095238095238,6.799999999999999,24.199999999999996,84.75238095238095,73.07142857142857,92.31428571428572,559.0892857142857,421.7142857142857,659.7142857142857,158.0,3425092.0
2023_24,2023,2023-12-30,2023-12-29,113,25.8,1200,0.5898809523809525,-3.4857142857142853,6.628571428571428,98.54166666666667,0.0,483.57142857142856,711.4880952380953,0.5714285714285714,1045.5714285714287,12.235714285714286,6.785714285714286,24.25714285714286,85.05119047619048,73.14285714285714,92.4857142857143,564.6190476190476,424.85714285714283,670.5714285714286,142.0,2908836.0
2023_24,2023,2023-12-31,2023-12-30,114,25.8,1200,1.644642857142857,-2.4857142857142853,7.628571428571428,91.45238095238096,0.0,459.7142857142857,671.7440476190476,0.42857142857142855,1006.4285714285714,12.286904761904763,6.8428571428571425,24.014285714285712,85.92380952380952,73.74285714285715,93.05714285714285,564.7261904761905,422.2857142857143,676.8571428571429,321.0,6475719.0
2023_24,2023,2024-01-01,2023-12-31,115,25.8,1200,2.580357142857143,-1.4285714285714286,8.314285714285715,82.98214285714286,0.0,403.2857142857143,622.8928571428571,0.42857142857142855,947.7142857142857,12.200000000000001,7.071428571428571,22.88571428571429,86.8767857142857,75.45714285714287,93.54285714285713,560.5059523809524,428.2857142857143,671.2857142857143,153.0,3134358.0
2023_24,2023,2024-01-02,2024-01-01,116,25.8,1200,3.2172619047619047,-1.2,9.185714285714285,86.23809523809523,0.0,436.85714285714283,607.7619047619047,0.42857142857142855,963.1428571428571,12.43095238095238,7.1000000000000005,23.37142857142857,87.00595238095238,74.24285714285713,93.8142857142857,553.922619047619,425.85714285714283,663.4285714285714,41.0,726516.0
2023_24,2023,2024-01-03,2024-01-02,117,25.8,1200,3.7589285714285716,-0.3428571428571428,9.257142857142856,80.82738095238095,0.0,397.85714285714283,582.5714285714286,0.2857142857142857,942.5714285714286,12.451190476190476,7.371428571428572,23.12857142857143,87.71428571428571,75.98571428571428,94.04285714285713,555.8392857142857,431.42857142857144,662.4285714285714,22.0,408144.0
2023_24,2023,2024-01-04,2024-01-03,118,25.8,1200,3.861309523809524,0.17142857142857149,8.757142857142856,69.57738095238095,0.0,359.85714285714283,526.2916666666666,0.14285714285714285,872.1428571428571,12.257142857142856,7.385714285714286,22.24285714285714,88.42797619047619,77.58571428571427,94.11428571428571,555.3630952380952,437.85714285714283,657.7142857142857,19.0,333564.0
2023_24,2023,2024-01-05,2024-01-04,119,25.8,1200,3.876190476190476,-0.07142857142857142,8.72857142857143,79.52380952380952,0.0,402.42857142857144,542.3869047619047,0.2857142857142857,884.8571428571429,12.442857142857141,7.357142857142857,22.871428571428574,87.66428571428571,75.75714285714285,93.8,546.4880952380952,435.14285714285717,629.7142857142857,172.0,2798990.0
2023_24,2023,2024-01-06,2024-01-05,120,25.8,1200,4.316071428571428,0.15714285714285717,9.214285714285714,79.47619047619048,0.0,419.2857142857143,560.3392857142857,0.42857142857142855,915.0,12.477380952380953,7.357142857142857,22.85714285714286,87.95,75.52857142857142,94.14285714285714,546.8511904761905,434.14285714285717,626.8571428571429,129.0,2189173.0
2023_24,2023,2024-01-07,2024-01-06,121,25.8,1200,4.351785714285714,0.32857142857142857,9.085714285714285,91.64285714285714,0.0,460.2857142857143,588.9583333333333,0.5714285714285714,939.5714285714286,12.557738095238095,7.342857142857143,23.214285714285715,87.11011904761905,73.54285714285713,93.57142857142857,546.6071428571429,433.14285714285717,632.0,30.0,624390.0
2023_24,2023,2024-01-08,2024-01-07,122,25.8,1200,3.5375,-0.6285714285714287,8.385714285714284,106.71428571428571,0.0,543.5714285714286,670.7321428571429,0.7142857142857143,1019.1428571428571,12.766666666666667,7.114285714285714,25.071428571428573,85.73511904761905,70.8,92.91428571428571,549.0892857142857,430.2857142857143,633.4285714285714,168.0,2089710.0
2023_24,2023,2024-01-09,2024-01-08,123,25.8,1200,2.5702380952380954,-1.542857142857143,7.571428571428571,114.6190476190476,0.0,551.4285714285714,743.8630952380952,0.7142857142857143,1090.5714285714287,12.726785714285715,7.0857142857142845,25.285714285714285,84.66190476190476,70.12857142857143,92.21428571428571,556.6666666666666,433.7142857142857,641.2857142857143,132.0,1521471.0
2023_24,2023,2024-01-10,2024-01-09,124,25.8,1200,2.0029761904761902,-2.5142857142857147,7.371428571428571,111.91666666666666,0.0,543.0,756.2440476190476,0.7142857142857143,1162.142857142857,12.510119047619046,6.814285714285715,24.657142857142855,84.55654761904762,70.35714285714285,92.35714285714286,558.1964285714286,431.42857142857144,643.8571428571429,81.0,927161.0
2023_24,2023,2024-01-11,2024-01-10,125,25.8,1200,1.869642857142857,-3.257142857142857,7.371428571428572,124.94047619047618,0.0,585.7142857142857,788.4940476190476,0.8571428571428571,1247.5714285714287,12.767261904761906,6.785714285714286,25.542857142857144,83.80357142857143,68.5,92.35714285714286,555.172619047619,425.2857142857143,638.1428571428571,81.0,1120974.0
2023_24,2023,2024-01-12,2024-01-11,126,25.8,1200,1.6011904761904763,-3.685714285714286,7.157142857142857,124.16071428571429,0.0,595.0,804.8869047619047,0.8571428571428571,1249.857142857143,12.729761904761904,6.771428571428571,25.428571428571427,83.82797619047619,68.48571428571428,92.54285714285713,551.5119047619048,422.14285714285717,638.4285714285714,45.0,665145.0
2023_24,2023,2024-01-13,2024-01-12,127,25.8,1200,1.611904761904762,-3.7714285714285714,6.928571428571429,127.4940476190476,0.0,582.4285714285714,817.4464285714286,0.8571428571428571,1243.142857142857,12.83452380952381,6.785714285714286,25.61428571428571,83.39285714285714,67.45714285714284,92.35714285714286,545.8869047619048,422.0,637.0,83.0,1257782.0
2023_24,2023,2024-01-14,2024-01-13,128,25.8,1200,1.2160714285714285,-4.371428571428571,6.985714285714286,128.9345238095238,0.0,576.7142857142857,841.0714285714286,0.8571428571428571,1264.142857142857,12.882142857142856,6.757142857142857,25.814285714285717,83.04702380952381,67.52857142857142,92.48571428571428,546.8809523809524,425.57142857142856,627.7142857142857,69.0,1025133.0
2023_24,2023,2024-01-15,2024-01-14,129,25.8,1200,1.7547619047619047,-4.671428571428571,8.557142857142859,128.29761904761907,0.0,569.7142857142857,856.8988095238094,0.8571428571428571,1285.142857142857,13.10952380952381,6.728571428571428,25.82857142857143,82.97083333333333,66.24285714285715,93.17142857142858,546.4047619047619,422.2857142857143,626.2857142857143,44.0,684958.0
2023_24,2023,2024-01-16,2024-01-15,130,25.8,1200,2.2220238095238094,-4.128571428571428,8.628571428571428,129.16071428571428,0.0,573.1428571428571,864.2202380952382,0.8571428571428571,1294.0,13.232142857142858,6.742857142857143,25.857142857142858,83.18928571428572,65.95714285714286,93.60000000000001,547.7559523809524,418.7142857142857,633.4285714285714,49.0,707434.0
2023_24,2023,2024-01-17,2024-01-16,131,25.8,1200,2.0125,-4.414285714285714,8.771428571428572,141.43452380952382,0.0,637.5714285714286,924.7797619047618,1.0,1302.857142857143,13.533928571428573,6.771428571428571,27.0,81.88333333333333,63.228571428571435,92.97142857142858,549.8333333333334,422.7142857142857,638.7142857142857,69.0,933873.0
2023_24,2023,2024-01-18,2024-01-17,132,25.8,1200,2.3785714285714286,-3.957142857142857,9.257142857142856,126.29166666666667,0.0,589.0,903.1845238095237,0.8571428571428571,1301.142857142857,13.210119047619047,6.914285714285714,25.342857142857145,83.06904761904762,66.27142857142857,93.34285714285716,556.5178571428571,430.42857142857144,649.5714285714286,68.0,897668.0
2023_24,2023,2024-01-19,2024-01-18,133,25.8,1200,3.6178571428571433,-2.042857142857143,9.671428571428573,109.39880952380952,0.0,507.14285714285717,802.0654761904763,0.7142857142857143,1163.0,13.097619047619048,7.428571428571429,23.82857142857143,84.85892857142858,69.58571428571429,93.82857142857142,558.3154761904763,440.7142857142857,650.2857142857143,29.0,458432.0
2023_24,2023,2024-01-20,2024-01-19,134,25.8,1200,4.142857142857143,-0.7142857142857144,9.542857142857143,94.69047619047619,0.0,447.14285714285717,705.8869047619047,0.5714285714285714,1039.857142857143,12.888095238095238,7.857142857142857,22.557142857142857,86.33095238095237,73.67142857142858,94.25714285714287,561.6130952380952,452.42857142857144,650.8571428571429,26.0,400296.0
2023_24,2023,2024-01-21,2024-01-20,135,25.8,1200,5.166071428571429,0.9142857142857144,9.571428571428571,75.82738095238096,0.0,372.14285714285717,591.5297619047618,0.42857142857142855,894.4285714285714,12.597023809523808,8.185714285714285,20.74285714285714,88.24345238095238,77.45714285714287,94.77142857142857,559.8511904761905,454.2857142857143,643.4285714285714,13.0,196157.0
2023_24,2023,2024-01-22,2024-01-21,136,25.8,1200,5.288690476190475,1.8714285714285717,8.685714285714287,65.52380952380953,0.0,314.7142857142857,487.3869047619047,0.2857142857142857,758.1428571428571,12.345238095238093,8.5,19.728571428571428,89.58630952380952,81.27142857142859,94.77142857142857,565.7321428571429,467.57142857142856,652.0,13.0,204633.0
2023_24,2023,2024-01-24,2024-01-23,138,25.8,1200,4.354761904761904,1.9857142857142858,6.6571428571428575,53.79761904761905,0.0,291.14285714285717,365.8154761904762,0.0,620.5714285714286,11.501785714285715,8.514285714285714,17.4,91.125,84.74285714285715,95.05714285714285,551.5238095238095,471.57142857142856,623.0,13.0,217126.0
2023_24,2023,2024-01-25,2024-01-24,139,25.8,1200,3.0571428571428574,1.0,5.042857142857143,65.16666666666667,0.0,357.7142857142857,391.75,0.14285714285714285,589.7142857142857,11.522619047619047,8.414285714285715,18.457142857142856,89.96845238095237,82.7,94.17142857142856,546.0297619047619,466.14285714285717,614.7142857142857,9.0,168327.0
2023_24,2023,2024-01-26,2024-01-25,140,25.8,1200,1.586309523809524,-0.7714285714285714,3.9571428571428577,86.06547619047619,0.0,438.42857142857144,505.8095238095238,0.2857142857142857,755.0,11.702380952380953,7.957142857142857,20.071428571428573,88.59761904761903,80.1,93.85714285714286,548.7916666666666,457.57142857142856,644.8571428571429,38.0,663528.0
2023_24,2023,2024-01-27,2024-01-26,141,25.8,1200,0.39404761904761915,-2.557142857142857,3.4714285714285715,102.8809523809524,0.0,511.85714285714283,632.8988095238095,0.5714285714285714,914.2857142857143,11.84702380952381,7.542857142857143,21.185714285714283,87.85178571428573,78.87142857142858,93.71428571428571,550.1964285714286,448.57142857142856,653.2857142857143,40.0,717720.0
2023_24,2023,2024-01-28,2024-01-27,142,25.8,1200,-0.5720238095238095,-3.9285714285714284,3.2142857142857144,123.82142857142857,0.0,592.0,755.6785714285714,0.8571428571428571,1065.5714285714287,12.185714285714287,7.214285714285714,23.04285714285714,87.47023809523809,77.62857142857142,93.61428571428573,551.3392857142857,445.7142857142857,660.5714285714286,39.0,731601.0
2023_24,2023,2024-01-29,2024-01-28,143,25.8,1200,-1.2059523809523809,-4.828571428571428,2.957142857142857,137.0654761904762,0.0,671.0,863.1130952380953,1.2857142857142858,1202.7142857142858,12.379166666666666,6.9142857142857155,24.214285714285715,87.12380952380953,77.04285714285713,93.51428571428572,551.2202380952382,436.14285714285717,662.4285714285714,13.0,251706.0
2023_24,2023,2024-01-30,2024-01-29,144,25.8,1200,-1.0898809523809523,-5.0,3.5,144.08333333333334,0.0,670.4285714285714,941.4880952380953,1.5714285714285714,1287.5714285714287,12.741071428571429,6.842857142857143,24.95714285714286,87.50714285714285,78.04285714285716,93.71428571428571,557.5297619047619,433.85714285714283,673.7142857142857,35.0,653824.0
2023_24,2023,2024-01-31,2024-01-30,145,25.8,1200,-0.05833333333333325,-4.957142857142857,5.7,153.9761904761905,0.0,703.0,1004.8690476190477,1.8571428571428572,1372.5714285714287,13.266666666666667,6.785714285714286,26.599999999999998,88.1952380952381,78.08571428571429,94.39999999999999,557.422619047619,428.7142857142857,684.8571428571429,260.0,4327384.0
2023_24,2023,2024-02-01,2024-01-31,146,25.8,1200,1.601190476190476,-3.442857142857143,7.942857142857142,157.5952380952381,0.0,697.2857142857143,1039.75,1.7142857142857142,1408.0,13.85654761904762,7.200000000000001,27.414285714285715,89.37142857142858,79.11428571428571,95.47142857142856,560.0892857142857,425.0,695.0,48.0,957160.0
2023_24,2023,2024-02-02,2024-02-01,147,25.8,1200,2.7392857142857143,-1.9857142857142858,8.828571428571427,140.23809523809524,0.0,643.0,982.625,1.5714285714285714,1381.4285714285713,13.801785714285714,7.514285714285714,26.442857142857143,90.82380952380952,81.94285714285715,95.85714285714286,570.7857142857143,435.42857142857144,681.2857142857143,66.0,1236891.0
2023_24,2023,2024-02-03,2024-02-02,148,25.8,1200,3.569642857142857,-1.042857142857143,9.414285714285715,136.89285714285714,0.0,650.8571428571429,905.3690476190476,1.2857142857142858,1317.142857142857,13.877380952380955,7.642857142857143,26.714285714285715,91.49821428571428,81.92857142857143,96.21428571428571,572.6369047619048,433.42857142857144,679.5714285714286,81.0,1349988.0
2023_24,2023,2024-02-04,2024-02-03,149,25.8,1200,4.219047619047619,-0.32857142857142857,9.971428571428572,120.25,0.0,608.0,832.3154761904763,1.1428571428571428,1260.857142857143,13.724999999999998,7.814285714285715,26.014285714285716,92.17261904761905,83.5,96.54285714285713,579.0833333333334,438.14285714285717,689.2857142857143,32.0,698976.0
2023_24,2023,2024-02-05,2024-02-04,150,25.8,1200,5.163690476190475,0.7571428571428571,10.814285714285715,112.61904761904762,0.0,552.2857142857143,760.1011904761906,0.8571428571428571,1170.857142857143,13.841666666666667,8.242857142857142,25.5,93.34642857142856,85.08571428571429,97.27142857142857,581.422619047619,438.7142857142857,698.5714285714286,12.0,284004.0
2023_24,2023,2024-02-06,2024-02-05,151,25.8,1200,6.232738095238095,2.3714285714285714,11.014285714285714,91.91666666666666,0.0,479.0,655.9285714285714,0.5714285714285714,1055.2857142857142,13.591666666666667,8.614285714285714,23.857142857142858,94.79107142857143,87.25714285714285,97.95714285714287,583.8511904761905,450.2857142857143,695.1428571428571,52.0,1024234.0
2023_24,2023,2024-02-07,2024-02-06,152,25.8,1200,6.561904761904763,3.657142857142857,10.242857142857144,77.63690476190477,0.0,431.42857142857144,539.7916666666666,0.2857142857142857,900.7142857142857,13.316071428571428,8.842857142857143,22.557142857142857,95.98511904761905,90.04285714285713,98.45714285714287,595.779761904762,472.14285714285717,695.1428571428571,15.0,351570.0
2023_24,2023,2024-02-08,2024-02-07,153,25.8,1200,5.704166666666667,2.7857142857142856,8.942857142857143,81.95833333333333,0.0,440.0,521.6071428571429,0.8571428571428571,936.4285714285714,13.044642857142858,8.4,22.357142857142858,96.87261904761905,92.34285714285714,98.82857142857142,593.4761904761906,473.2857142857143,695.0,121.0,3537016.0
2023_24,2023,2024-02-09,2024-02-08,154,25.8,1200,4.835119047619048,1.4,8.757142857142856,99.08333333333334,0.0,490.0,602.125,1.4285714285714286,974.4285714285714,13.178571428571429,8.042857142857143,23.400000000000002,97.35892857142858,92.82857142857142,99.25714285714285,575.8214285714287,462.85714285714283,672.7142857142857,126.0,2911230.0
2023_24,2023,2024-02-10,2024-02-09,155,25.8,1200,4.142857142857143,0.5428571428571428,8.342857142857143,103.60714285714286,0.0,499.14285714285717,682.4345238095239,2.0,1039.2857142857142,13.107142857142858,7.914285714285714,23.042857142857144,98.09761904761903,94.84285714285714,99.57142857142857,571.4821428571429,464.57142857142856,666.4285714285714,87.0,1856928.0
2023_24,2023,2024-02-11,2024-02-10,156,25.8,1200,3.578571428571429,-0.3000000000000001,8.028571428571428,117.86904761904762,0.0,544.1428571428571,761.3333333333334,2.5714285714285716,1102.857142857143,13.11547619047619,7.7,23.67142857142857,98.5077380952381,95.44285714285715,99.94285714285715,567.3988095238095,460.0,658.5714285714286,29.0,666304.0
2023_24,2023,2024-02-12,2024-02-11,157,25.8,1200,2.7327380952380955,-1.4142857142857144,7.585714285714286,129.16666666666666,0.0,581.1428571428571,831.9642857142857,2.7142857142857144,1194.2857142857142,12.781547619047618,6.828571428571428,24.08571428571429,98.6327380952381,95.62857142857142,99.94285714285715,553.8035714285714,438.0,649.8571428571429,31.0,703576.0
2023_24,2023,2024-02-13,2024-02-12,158,25.8,1200,2.261309523809524,-2.685714285714286,8.314285714285713,153.3452380952381,0.0,667.2857142857143,952.779761904762,3.4285714285714284,1343.5714285714287,13.057738095238095,6.5,25.842857142857138,98.67261904761905,95.57142857142857,100.0,543.7678571428571,421.57142857142856,655.4285714285714,12.0,268752.0
2023_24,2023,2024-02-14,2024-02-13,159,25.8,1200,2.702380952380953,-3.1285714285714286,9.942857142857141,168.4047619047619,0.0,718.0,1095.642857142857,4.285714285714286,1531.857142857143,13.542857142857143,6.357142857142857,27.17142857142857,98.75119047619047,95.72857142857143,100.0,534.7321428571429,400.42857142857144,652.5714285714286,11.0,208769.0
2023_24,2023,2024-02-15,2024-02-14,160,25.8,1200,4.133333333333334,-1.7285714285714289,11.814285714285713,153.5654761904762,0.0,675.8571428571429,1088.1666666666667,3.7142857142857144,1543.2857142857142,13.689880952380951,6.642857142857143,26.671428571428574,98.76130952380952,95.64285714285714,100.0,539.1904761904763,399.14285714285717,650.2857142857143,113.0,1481655.0
2023_24,2023,2024-02-16,2024-02-15,161,25.8,1200,5.0357142857142865,-0.8571428571428571,12.3,135.42857142857142,0.0,609.8571428571429,973.3095238095239,3.4285714285714284,1416.4285714285713,13.388690476190476,6.7,25.0,98.73333333333333,95.65714285714286,99.91428571428571,556.8035714285714,416.42857142857144,671.7142857142857,153.0,2122080.0
2023_24,2023,2024-02-17,2024-02-16,162,25.8,1200,5.363095238095239,-0.6857142857142857,12.799999999999999,142.1845238095238,0.0,609.8571428571429,945.0178571428571,4.0,1472.5714285714287,13.56845238095238,6.714285714285714,25.37142857142857,98.78333333333333,95.70000000000002,99.91428571428571,555.0000000000001,414.0,670.8571428571429,74.0,1105676.0
2023_24,2023,2024-02-18,2024-02-17,163,25.8,1200,6.002380952380953,-0.2571428571428572,13.714285714285714,151.35714285714286,0.0,625.8571428571429,996.5416666666666,4.571428571428571,1538.857142857143,13.954166666666666,6.828571428571428,25.47142857142857,98.83809523809522,95.68571428571428,99.91428571428571,551.0357142857143,409.7142857142857,672.0,19.0,344489.0
2023_24,2023,2024-02-19,2024-02-18,164,25.8,1200,7.126785714285716,0.5428571428571428,14.542857142857143,131.92261904761907,0.0,550.0,960.7857142857143,4.571428571428571,1616.142857142857,14.147619047619047,7.428571428571429,24.257142857142856,98.825,96.07142857142857,99.91428571428571,568.702380952381,441.85714285714283,675.4285714285714,68.0,669991.0
2023_24,2023,2024-02-20,2024-02-19,165,25.8,1200,8.415476190476191,1.942857142857143,15.099999999999998,104.66666666666667,0.0,447.2857142857143,806.9821428571429,3.857142857142857,1398.0,14.25,7.942857142857142,22.58571428571429,98.80773809523808,96.32857142857144,99.84285714285714,572.3869047619048,442.85714285714283,681.4285714285714,100.0,1076880.0
2023_24,2023,2024-02-21,2024-02-20,166,25.8,1200,8.249404761904762,2.6000000000000005,13.828571428571427,84.9702380952381,0.0,358.42857142857144,640.1488095238095,3.4285714285714284,1169.857142857143,13.771428571428572,8.357142857142858,20.7,98.71071428571427,96.2,99.75714285714285,579.4940476190476,462.0,681.4285714285714,98.0,1157976.0
2023_24,2023,2024-02-22,2024-02-21,167,25.8,1200,7.673809523809525,2.442857142857143,12.52857142857143,79.05357142857143,0.0,311.57142857142856,551.8809523809524,3.4285714285714284,976.1428571428571,13.355357142857143,8.485714285714286,19.514285714285712,98.68690476190476,96.48571428571428,99.68571428571428,579.5595238095239,473.14285714285717,676.5714285714286,51.0,693608.0
2023_24,2023,2024-02-23,2024-02-22,168,25.8,1200,7.568452380952381,3.0142857142857147,11.957142857142857,77.18452380952381,0.0,305.42857142857144,530.077380952381,3.2857142857142856,923.0,13.298214285714286,8.714285714285714,19.542857142857144,98.66547619047618,96.5,99.7,571.6309523809524,470.57142857142856,663.2857142857143,22.0,440924.0
2023_24,2023,2024-02-24,2024-02-23,169,25.8,1200,7.90357142857143,4.214285714285714,11.299999999999999,52.99404761904763,0.0,228.14285714285714,432.73214285714283,2.2857142857142856,711.2857142857143,12.820833333333335,8.971428571428572,18.042857142857144,98.62678571428572,96.57142857142857,99.7,579.952380952381,480.57142857142856,664.5714285714286,45.0,832050.0
2023_24,2023,2024-02-25,2024-02-24,170,25.8,1200,7.78154761904762,4.857142857142857,10.342857142857143,34.214285714285715,0.0,185.0,293.98214285714283,2.0,552.7142857142857,12.460119047619049,9.171428571428573,17.32857142857143,98.61785714285715,96.72857142857143,99.7,582.1190476190476,479.57142857142856,661.4285714285714,32.0,605440.0
2023_24,2023,2024-02-26,2024-02-25,171,25.8,1200,7.075595238095239,4.8999999999999995,9.314285714285715,39.81547619047619,0.0,219.28571428571428,266.5952380952381,1.8571428571428572,393.85714285714283,12.41309523809524,9.271428571428572,17.8,98.6297619047619,96.78571428571429,99.7,574.8452380952382,471.2857142857143,659.7142857142857,35.0,594607.0
2023_24,2023,2024-02-27,2024-02-26,172,25.8,1200,5.913690476190476,3.842857142857143,8.5,69.08333333333333,0.0,332.42857142857144,399.1011904761905,4.142857142857143,630.8571428571429,12.424999999999999,8.757142857142856,19.285714285714285,98.6672619047619,96.54285714285713,99.77142857142857,571.5119047619048,470.14285714285717,647.8571428571429,68.0,957737.0
2023_24,2023,2024-02-28,2024-02-27,173,25.8,1200,5.755952380952381,3.257142857142857,8.842857142857143,90.34523809523809,0.0,432.42857142857144,563.9285714285714,5.428571428571429,877.8571428571429,12.773809523809524,8.428571428571429,20.87142857142857,98.67142857142858,96.38571428571429,99.85714285714286,560.9166666666667,447.57142857142856,650.2857142857143,68.0,950106.0
2023_24,2023,2024-02-29,2024-02-28,174,25.8,1200,5.6571428571428575,2.5,9.557142857142859,118.66666666666667,0.0,537.0,730.1904761904763,7.571428571428571,1118.4285714285713,13.283333333333333,8.128571428571428,22.542857142857144,98.73214285714286,96.37142857142858,99.92857142857143,552.0714285714286,434.14285714285717,654.4285714285714,239.0,6641287.0
2023_24,2023,2024-03-01,2024-02-29,175,25.8,1200,5.704166666666667,2.414285714285714,9.642857142857142,121.34523809523809,0.0,543.0,817.0238095238095,7.857142857142857,1356.7142857142858,13.356547619047618,8.0,22.714285714285715,98.76369047619048,96.52857142857142,100.0,550.6904761904761,426.57142857142856,657.5714285714286,112.0,1623561.0
2023_24,2023,2024-03-02,2024-03-01,176,25.8,1200,5.023214285714286,1.2857142857142858,9.471428571428572,150.47023809523807,0.0,635.2857142857143,930.654761904762,10.571428571428571,1595.7142857142858,13.766666666666667,7.7,24.67142857142857,98.79761904761904,96.64285714285714,100.0,526.2142857142857,400.7142857142857,644.0,77.0,1130485.0
2023_24,2023,2024-03-03,2024-03-02,177,25.8,1200,4.22797619047619,-0.05714285714285694,9.057142857142857,175.06547619047618,0.0,692.8571428571429,1094.8690476190477,13.0,1785.5714285714287,13.983333333333333,7.414285714285714,25.485714285714288,98.81130952380953,96.45714285714287,100.0,514.0892857142857,400.7142857142857,637.8571428571429,24.0,405720.0
2023_24,2023,2024-03-04,2024-03-03,178,25.8,1200,4.156547619047619,-0.7142857142857142,9.5,185.5952380952381,0.0,718.5714285714286,1187.8035714285713,12.857142857142858,1975.5714285714287,14.118452380952382,7.1571428571428575,26.12857142857143,98.79404761904763,96.21428571428571,100.0,504.13690476190476,391.2857142857143,624.8571428571429,44.0,621320.0
2023_24,2023,2024-03-05,2024-03-04,179,25.8,1200,4.490476190476191,-0.6428571428571427,9.914285714285715,172.4761904761905,0.0,707.7142857142857,1171.5892857142858,10.571428571428571,1882.857142857143,14.095238095238097,7.185714285714285,25.857142857142858,98.75416666666668,96.07142857142857,100.0,510.61904761904765,393.57142857142856,630.5714285714286,46.0,648606.0
2023_24,2023,2024-03-06,2024-03-05,180,25.8,1200,4.8065476190476195,0.17142857142857146,9.728571428571428,151.9880952380952,0.0,604.2857142857143,1053.6130952380952,8.857142857142858,1787.142857142857,13.806547619047619,7.471428571428572,24.45714285714286,98.77202380952382,96.14285714285714,99.91428571428573,523.4702380952382,413.2857142857143,634.5714285714286,102.0,1345611.0
2023_24,2023,2024-03-07,2024-03-06,181,25.8,1200,4.968452380952381,0.5285714285714286,9.685714285714287,146.24404761904762,0.0,600.0,989.0892857142857,6.714285714285714,1771.7142857142858,13.8125,7.5,24.428571428571427,98.7404761904762,95.9,99.91428571428573,528.0714285714287,413.85714285714283,643.1428571428571,72.0,1024138.0
2023_24,2023,2024-03-08,2024-03-07,182,25.8,1200,4.672619047619048,-0.12857142857142853,9.857142857142858,168.77380952380955,0.0,669.7142857142857,1063.422619047619,6.285714285714286,1756.2857142857142,14.19702380952381,7.428571428571429,25.72857142857143,98.73988095238096,95.82857142857144,99.91428571428573,518.2202380952382,405.14285714285717,637.2857142857143,72.0,1142741.0
2023_24,2023,2024-03-09,2024-03-08,183,25.8,1200,5.108928571428572,0.14285714285714288,10.342857142857143,170.3869047619048,0.0,668.4285714285714,1124.1011904761906,3.4285714285714284,1772.5714285714287,14.320238095238096,7.5,25.400000000000002,98.74583333333335,95.88571428571429,99.91428571428573,528.077380952381,415.57142857142856,655.1428571428571,111.0,1448553.0
2023_24,2023,2024-03-10,2024-03-09,184,25.8,1200,5.582142857142858,0.5571428571428572,10.842857142857143,170.34523809523807,0.0,667.0,1123.845238095238,0.0,1791.0,14.44107142857143,7.528571428571428,25.37142857142857,98.73035714285716,95.92857142857143,99.91428571428573,535.4107142857143,417.42857142857144,671.4285714285714,22.0,364254.0
2023_24,2023,2024-03-11,2024-03-10,185,25.8,1200,5.487500000000002,0.08571428571428566,11.214285714285714,187.54761904761907,0.0,717.5714285714286,1192.75,0.0,1813.0,14.633333333333331,7.5,25.599999999999998,98.71904761904761,96.0142857142857,99.91428571428573,542.077380952381,419.2857142857143,685.4285714285714,5.0,80000.0
2023_24,2023,2024-03-12,2024-03-11,186,25.8,1200,5.283333333333333,-0.12857142857142861,11.071428571428571,185.54761904761904,0.0,690.1428571428571,1221.5535714285713,0.0,1959.5714285714287,14.452380952380953,7.528571428571429,25.357142857142858,98.67440476190475,96.08571428571429,99.91428571428573,542.7261904761905,417.0,683.7142857142857,49.0,573901.0
2023_24,2023,2024-03-13,2024-03-12,187,25.8,1200,4.827380952380953,-0.7571428571428572,10.942857142857141,191.41071428571428,0.0,717.5714285714286,1237.0535714285713,0.0,1920.857142857143,14.55952380952381,7.128571428571428,26.657142857142855,98.65416666666667,96.04285714285713,100.0,537.8988095238095,408.0,683.1428571428571,59.0,771686.0
2023_24,2023,2024-03-14,2024-03-13,188,25.8,1200,4.236309523809524,-1.5142857142857145,10.785714285714286,201.8511904761905,0.0,732.2857142857143,1279.732142857143,0.0,1978.7142857142858,14.488095238095239,6.985714285714286,26.728571428571428,98.67619047619048,96.02857142857142,100.0,532.7559523809524,405.57142857142856,674.7142857142857,37.0,484641.0
2023_24,2023,2024-03-15,2024-03-14,189,25.8,1200,4.482142857142858,-1.8857142857142857,11.842857142857143,209.85714285714286,0.0,766.8571428571429,1319.0416666666667,0.0,2036.5714285714287,14.537499999999998,6.885714285714286,26.885714285714283,98.72083333333333,96.02857142857142,100.0,531.1130952380952,401.0,669.2857142857143,34.0,403352.0
2023_24,2023,2024-03-16,2024-03-15,190,25.8,1200,4.988095238095239,-2.0714285714285716,13.314285714285715,212.2797619047619,0.0,772.0,1350.017857142857,0.14285714285714285,2068.1428571428573,14.608333333333333,6.828571428571428,26.785714285714285,98.70119047619048,95.85714285714286,100.0,531.9047619047618,402.0,666.2857142857143,43.0,541028.0
2023_24,2023,2024-03-17,2024-03-16,191,25.8,1200,5.938095238095238,-1.7857142857142858,14.985714285714286,206.71428571428575,0.0,778.7142857142857,1352.7857142857142,0.2857142857142857,2084.8571428571427,14.810714285714285,6.857142857142857,27.071428571428573,98.72857142857143,95.78571428571429,100.0,529.7797619047618,397.14285714285717,653.7142857142857,9.0,142056.0
2023_24,2023,2024-03-18,2024-03-17,192,25.8,1200,6.873809523809525,-0.6142857142857144,15.2,198.80952380952382,0.0,775.7142857142857,1305.0119047619048,0.42857142857142855,2053.4285714285716,15.126190476190477,7.257142857142858,27.614285714285717,98.75535714285715,95.61428571428573,100.0,529.5416666666667,395.85714285714283,657.0,112.0,1289352.0
2023_24,2023,2024-03-19,2024-03-18,193,25.8,1200,7.1851190476190485,-0.6285714285714287,15.814285714285713,220.83928571428572,0.0,822.4285714285714,1363.607142857143,0.7142857142857143,2059.1428571428573,15.52142857142857,7.271428571428571,28.157142857142855,98.81190476190477,95.61428571428571,100.0,522.4285714285714,389.85714285714283,661.4285714285714,110.0,957815.0
2023_24,2023,2024-03-20,2024-03-19,194,25.8,1200,7.680357142857145,-0.22857142857142865,16.7,232.67857142857142,0.0,904.1428571428571,1476.7380952380952,0.7142857142857143,2253.1428571428573,15.94702380952381,7.700000000000001,28.9,98.83214285714287,95.45714285714287,100.0,511.0357142857143,379.0,659.7142857142857,73.0,569350.0
2023_24,2023,2024-03-21,2024-03-20,195,25.8,1200,7.826190476190477,0.04285714285714278,16.085714285714285,238.18452380952382,0.0,919.2857142857143,1512.0238095238094,1.0,2253.714285714286,16.120833333333334,7.871428571428572,29.557142857142857,98.83154761904761,95.52857142857144,100.0,502.97023809523813,378.14285714285717,642.5714285714286,99.0,792700.0
2023_24,2023,2024-03-22,2024-03-21,196,25.8,1200,7.569642857142859,-0.15714285714285722,15.6,241.92261904761904,0.0,923.4285714285714,1536.470238095238,1.2857142857142858,2286.8571428571427,16.220238095238095,7.9,29.614285714285717,98.82440476190477,95.4857142857143,100.0,503.67857142857144,377.57142857142856,645.4285714285714,75.0,679359.0
2023_24,2023,2024-03-23,2024-03-22,197,25.8,1200,7.939285714285715,0.21428571428571422,15.285714285714286,231.76785714285714,0.0,934.2857142857143,1527.7619047619048,1.4285714285714286,2300.285714285714,16.467261904761905,8.014285714285714,31.442857142857143,98.86666666666666,95.47142857142858,100.0,504.9107142857143,376.0,642.1428571428571,58.0,476746.0
2023_24,2023,2024-03-24,2024-03-23,198,25.8,1200,8.8,2.1857142857142855,15.585714285714285,231.19705513784461,0.0,936.2857142857143,1442.6340852130327,1.5714285714285714,2229.0,16.6828320802005,8.985714285714286,31.114285714285717,98.85372807017542,95.41428571428571,100.0,492.10714285714283,375.42857142857144,631.7142857142857,18.0,228600.0
2023_24,2023,2024-03-25,2024-03-24,199,25.8,1200,9.28452380952381,3.5285714285714285,15.557142857142859,208.08395989974935,0.0,833.2857142857143,1306.7888471177944,1.4285714285714286,2044.857142857143,16.56378446115288,9.728571428571428,29.657142857142862,98.84122807017545,95.39999999999999,99.92857142857143,489.7440476190476,381.0,623.7142857142857,120.0,927824.0
2023_24,2023,2024-03-26,2024-03-25,200,25.8,1200,9.90952380952381,5.271428571428571,15.171428571428569,175.72086466165413,0.0,735.8571428571429,1127.2471804511279,1.2857142857142858,1773.0,16.434617794486215,10.5,28.514285714285712,98.82277568922305,95.21428571428571,99.92857142857143,491.1547619047619,386.14285714285717,615.0,81.0,602282.0
2023_24,2023,2024-03-27,2024-03-26,201,25.8,1200,10.050595238095239,5.428571428571429,14.628571428571428,168.72086466165413,0.0,698.5714285714286,1001.3840852130327,1.2857142857142858,1555.5714285714287,16.352474937343356,10.400000000000002,27.75714285714286,98.82694235588971,95.15714285714286,99.92857142857143,497.1011904761904,383.7142857142857,616.1428571428571,92.0,713273.0
2023_24,2023,2024-03-28,2024-03-27,202,25.8,1200,10.749404761904762,6.271428571428571,15.642857142857142,155.1732456140351,0.0,689.0,942.6102756892232,1.1428571428571428,1477.5714285714287,16.44771303258145,10.77142857142857,26.842857142857145,98.83646616541353,95.24285714285715,99.92857142857143,507.6190476190476,384.2857142857143,633.5714285714286,73.0,643253.0
2023_24,2023,2024-03-29,2024-03-28,203,25.8,1200,11.784523809523808,8.242857142857142,15.685714285714285,118.0482456140351,0.0,565.8571428571429,774.1221804511279,0.8571428571428571,1366.857142857143,16.22687969924812,11.542857142857143,25.3,98.82456140350875,95.5,99.84285714285714,519.1071428571429,405.2857142857143,636.4285714285714,59.0,536592.0
2023_24,2023,2024-03-30,2024-03-29,204,25.8,1200,12.048214285714284,9.214285714285714,15.757142857142858,110.14348370927318,0.0,567.2857142857143,622.062656641604,1.2857142857142858,1155.857142857143,15.9578320802005,11.771428571428572,22.985714285714288,98.78706140350876,95.45714285714284,99.84285714285714,518.6130952380952,406.85714285714283,633.2857142857143,136.0,1403024.0
2023_24,2023,2024-03-31,2024-03-30,205,25.8,1200,11.666071428571428,8.071428571428571,15.671428571428569,115.73214285714286,0.0,555.2857142857143,651.1428571428571,1.8571428571428572,1198.2857142857142,16.007142857142856,10.985714285714284,23.157142857142855,98.7845238095238,95.35714285714286,99.84285714285714,530.8988095238095,408.57142857142856,647.5714285714286,299.0,3583109.0
2023_24,2023,2024-04-01,2024-03-31,206,25.8,1200,11.557738095238095,7.014285714285714,16.67142857142857,140.67261904761904,0.0,651.4285714285714,808.3154761904763,2.7142857142857144,1398.142857142857,16.136309523809523,10.285714285714286,24.185714285714283,98.79642857142856,95.52857142857144,99.91428571428571,527.327380952381,403.57142857142856,646.4285714285714,57.0,556477.0
2023_24,2023,2024-04-02,2024-04-01,207,25.8,1200,11.676785714285716,6.0,17.942857142857143,177.84523809523807,0.0,758.0,1012.0833333333334,3.4285714285714284,1711.0,16.51309523809524,9.714285714285714,25.657142857142862,98.86369047619048,95.72857142857143,99.91428571428571,525.1369047619047,402.85714285714283,653.5714285714286,121.0,1070817.0
2023_24,2023,2024-04-03,2024-04-02,208,25.8,1200,12.301785714285714,6.071428571428571,19.37142857142857,185.52976190476193,0.0,759.7142857142857,1153.9404761904764,4.0,1969.4285714285713,16.78154761904762,9.785714285714286,26.0,98.89940476190475,96.02857142857142,99.91428571428571,521.3988095238095,404.7142857142857,653.1428571428571,135.0,1077282.0
2023_24,2023,2024-04-04,2024-04-03,209,25.8,1200,12.917261904761904,7.171428571428572,19.314285714285713,161.52380952380955,0.0,644.5714285714286,1087.1369047619048,3.857142857142857,1937.7142857142858,16.818452380952383,10.37142857142857,25.37142857142857,98.8827380952381,96.15714285714284,99.87142857142855,516.6309523809524,404.42857142857144,656.7142857142857,152.0,1075576.0
2023_24,2023,2024-04-05,2024-04-04,210,25.8,1200,13.357738095238094,7.557142857142857,19.857142857142858,164.8511904761905,0.0,659.0,1046.0535714285713,4.0,1761.0,17.241666666666667,10.671428571428573,25.97142857142857,98.8952380952381,95.7,99.95714285714287,499.452380952381,386.14285714285717,653.7142857142857,132.0,1067334.0
2023_24,2023,2024-04-06,2024-04-05,211,25.8,1200,13.805357142857144,7.971428571428571,20.37142857142857,176.41071428571428,0.0,668.4285714285714,1120.547619047619,3.857142857142857,1924.142857142857,17.679166666666667,10.971428571428572,26.357142857142858,98.90476190476191,95.58571428571429,99.95714285714287,490.0357142857143,385.42857142857144,643.4285714285714,54.0,556685.0
2023_24,2023,2024-04-07,2024-04-06,212,25.8,1200,13.698214285714286,8.37142857142857,19.942857142857143,162.19642857142858,0.0,616.2857142857143,1111.9464285714287,3.857142857142857,1918.5714285714287,17.476190476190478,11.185714285714285,26.12857142857143,98.91369047619047,95.98571428571428,99.95714285714287,489.33333333333337,383.2857142857143,644.1428571428571,55.0,547580.0
2023_24,2023,2024-04-08,2024-04-07,213,25.8,1200,13.973214285714286,8.571428571428571,20.47142857142857,168.49404761904762,0.0,635.2857142857143,1099.4880952380952,3.7142857142857144,1932.857142857143,17.617261904761904,11.271428571428572,26.24285714285714,98.91607142857143,96.12857142857142,99.95714285714287,493.66666666666663,383.7142857142857,652.2857142857143,47.0,416110.0
2023_24,2023,2024-04-09,2024-04-08,214,25.8,1200,14.361904761904762,9.342857142857143,20.385714285714283,145.99404761904762,0.0,583.4285714285714,1034.017857142857,4.285714285714286,1884.5714285714287,17.69404761904762,11.471428571428573,25.942857142857147,98.89226190476191,95.82857142857144,99.95714285714287,504.0833333333333,384.2857142857143,661.7142857142857,103.0,680240.0
2023_24,2023,2024-04-10,2024-04-09,215,25.8,1200,14.44047619047619,9.314285714285713,20.442857142857143,161.60119047619045,0.0,640.2857142857143,1032.4880952380952,5.428571428571429,1838.857142857143,17.857738095238094,11.542857142857144,26.114285714285717,98.8827380952381,95.70000000000002,99.95714285714287,506.98809523809524,386.57142857142856,674.1428571428571,147.0,1049690.0
2023_24,2023,2024-04-11,2024-04-10,216,25.8,1200,14.43452380952381,8.67142857142857,21.24285714285714,198.95238095238096,0.0,756.0,1216.5357142857142,7.285714285714286,1994.4285714285713,17.96845238095238,10.814285714285713,26.928571428571427,98.88035714285714,95.29999999999998,100.0,499.44642857142856,390.2857142857143,651.1428571428571,75.0,455985.0
2023_24,2023,2024-04-12,2024-04-11,217,25.8,1200,14.438095238095238,8.385714285714286,21.542857142857144,213.58928571428572,0.0,806.8571428571429,1359.9464285714287,7.857142857142857,2295.1428571428573,18.011904761904763,10.528571428571428,27.557142857142857,98.86785714285715,95.41428571428571,100.0,499.86309523809524,387.14285714285717,646.8571428571429,93.0,700378.0
2023_24,2023,2024-04-13,2024-04-12,218,25.8,1200,14.649404761904762,8.185714285714287,22.257142857142856,219.76190476190476,0.0,806.8571428571429,1409.5059523809523,9.0,2318.4285714285716,17.95952380952381,10.485714285714286,27.571428571428573,98.86666666666666,95.58571428571429,100.0,506.3392857142857,387.0,664.4285714285714,95.0,743866.0
2023_24,2023,2024-04-14,2024-04-13,219,25.8,1200,15.247534013605442,8.442857142857141,23.314285714285717,230.91241496598636,0.0,880.5714285714286,1497.4608843537412,8.142857142857142,2408.8571428571427,18.091921768707483,10.585714285714285,28.47142857142857,98.87925170068027,95.55714285714285,100.0,506.1437074829932,389.0,663.1428571428571,42.0,401772.0
2023_24,2023,2024-04-15,2024-04-14,220,25.8,1200,15.786224489795918,9.014285714285714,23.285714285714285,232.73979591836732,0.0,866.7142857142857,1552.984693877551,7.428571428571429,2479.4285714285716,18.285969387755102,10.714285714285714,28.585714285714285,98.92210884353742,95.54285714285716,100.0,500.46513605442175,388.2857142857143,657.2857142857143,49.0,382450.0
2023_24,2023,2024-04-16,2024-04-15,221,25.8,1200,16.10229591836735,9.742857142857144,22.914285714285715,222.40051020408166,0.0,830.2857142857143,1497.9073129251701,6.0,2494.1428571428573,18.4984693877551,11.442857142857145,28.057142857142853,98.89948979591837,95.54285714285713,100.0,478.22704081632656,385.57142857142856,623.5714285714286,36.0,266688.0
2023_24,2023,2024-04-17,2024-04-16,222,25.8,1200,16.26062925170068,10.271428571428572,22.82857142857143,212.5433673469388,0.0,820.5714285714286,1418.6215986394557,4.285714285714286,2419.1428571428573,18.54906462585034,11.599999999999998,28.328571428571426,98.93341836734693,95.6857142857143,100.0,460.9829931972789,384.14285714285717,588.1428571428571,62.0,393818.0
2023_24,2023,2024-04-18,2024-04-17,223,25.8,1200,16.25170068027211,10.157142857142857,23.042857142857144,206.7278911564626,0.0,832.0,1359.4192176870747,2.4285714285714284,2359.285714285714,18.552040816326528,11.685714285714287,28.37142857142857,98.9548469387755,95.98571428571428,100.0,466.2210884353741,379.0,603.7142857142857,57.0,378485.0
2023_24,2023,2024-04-19,2024-04-18,224,25.8,1200,16.481462585034016,9.728571428571428,23.971428571428568,230.40051020408166,0.0,901.2857142857143,1425.925170068027,1.7142857142857142,2383.1428571428573,18.666326530612245,11.414285714285713,28.828571428571426,99.01079931972788,96.24285714285715,100.0,466.0365646258503,379.0,609.4285714285714,54.0,388735.0
2023_24,2023,2024-04-20,2024-04-19,225,25.8,1200,16.582057823129254,9.557142857142859,24.2,239.1386054421769,0.0,898.1428571428571,1500.139455782313,0.0,2447.1428571428573,18.759183673469387,11.27142857142857,29.12857142857143,99.01972789115646,96.3142857142857,100.0,460.17942176870747,376.7142857142857,597.0,24.0,242376.0
2023_24,2023,2024-04-21,2024-04-20,226,25.8,1200,16.526190476190475,10.085714285714287,22.942857142857143,212.4404761904762,0.0,793.0,1358.4285714285713,0.0,2444.0,18.54940476190476,11.757142857142856,27.25714285714286,98.9904761904762,96.41428571428573,100.0,446.05357142857144,373.57142857142856,570.7142857142857,28.0,270452.0
2023_24,2023,2024-04-22,2024-04-21,227,25.8,1200,16.180952380952384,10.642857142857142,21.900000000000002,177.96428571428572,0.0,691.8571428571429,1135.0357142857142,0.0,2102.0,18.217857142857145,12.414285714285715,25.814285714285713,98.96130952380952,96.47142857142856,100.0,437.9761904761905,374.2857142857143,547.0,35.0,268430.0
2023_24,2023,2024-04-23,2024-04-22,228,25.8,1200,16.066071428571426,10.87142857142857,21.885714285714283,180.04166666666669,0.0,687.2857142857143,1075.8035714285713,0.0,1879.857142857143,18.02857142857143,12.528571428571428,25.671428571428574,98.9779761904762,96.61428571428571,100.0,440.73809523809524,371.42857142857144,548.8571428571429,22.0,198924.0
2023_24,2023,2024-04-24,2024-04-23,229,25.8,1200,16.035119047619048,10.842857142857143,21.7,184.66666666666669,0.0,694.7142857142857,1102.6785714285713,0.0,1872.0,17.872619047619047,12.428571428571429,25.114285714285717,98.96130952380953,96.61428571428571,100.0,440.38690476190476,369.85714285714283,544.5714285714286,37.0,281654.0
2023_24,2023,2024-04-25,2024-04-24,230,25.8,1200,15.95297619047619,10.957142857142857,20.971428571428568,170.64285714285714,0.0,674.8571428571429,1062.232142857143,0.0,1811.857142857143,17.667857142857144,12.428571428571429,24.485714285714288,98.95059523809525,96.44285714285715,100.0,429.2142857142857,370.2857142857143,519.0,26.0,244036.0
2023_24,2023,2024-04-26,2024-04-25,231,25.8,1200,15.757013457556937,10.942857142857141,20.957142857142856,169.18969979296065,0.0,680.1428571428571,1058.40450310559,0.0,1837.0,17.531392339544514,12.157142857142858,24.771428571428572,98.94006211180124,96.3142857142857,100.0,419.1591614906833,369.2857142857143,487.42857142857144,47.0,370315.0
2023_24,2023,2024-04-27,2024-04-26,232,25.8,1200,15.697489648033127,11.385714285714284,20.514285714285716,152.65398550724635,0.0,656.2857142857143,1002.4937888198757,0.0,1859.7142857142858,17.43972567287785,12.342857142857143,24.4,98.92577639751552,96.1857142857143,100.0,412.22463768115944,367.2857142857143,469.7142857142857,37.0,366369.0
2023_24,2023,2024-04-28,2024-04-27,233,25.8,1200,15.961180124223603,11.014285714285714,22.02857142857143,193.898033126294,0.0,768.0,1137.089026915114,0.0,1882.0,17.82127329192547,11.885714285714286,26.185714285714287,98.95315734989647,95.87142857142855,100.0,415.28416149068323,367.14285714285717,474.7142857142857,27.0,246456.0
2023_24,2023,2024-04-29,2024-04-28,234,25.8,1200,16.328442028985506,10.357142857142858,23.5,231.07065217391306,0.0,891.1428571428571,1375.3449792960662,0.14285714285714285,2243.0,18.199844720496895,11.085714285714285,27.928571428571427,98.94660973084886,95.67142857142858,100.0,414.546066252588,363.85714285714283,472.57142857142856,19.0,173679.0
2023_24,2023,2024-04-30,2024-04-29,235,25.8,1200,16.382013457556933,10.342857142857143,23.271428571428572,225.79485852311942,0.0,876.2857142857143,1422.1862491373363,12.0,2495.8571428571427,18.235757418909593,11.157142857142857,27.685714285714283,98.97478433402345,96.15714285714286,100.0,412.00439958592136,368.0,472.14285714285717,255.0,2055179.0
2023_24,2023,2024-05-01,2024-04-30,236,25.8,1200,16.671894409937888,10.757142857142856,23.54285714285714,225.288906142167,0.0,889.2857142857143,1416.7814872325741,12.0,2545.5714285714284,18.53099551414769,11.642857142857142,27.857142857142858,98.95395100069014,95.57142857142857,100.0,409.3853519668737,366.14285714285717,464.2857142857143,28.0,273462.0
2023_24,2023,2024-05-02,2024-05-01,237,25.8,1200,16.74272774327122,11.200000000000001,23.6,215.2591442374051,0.0,816.4285714285714,1370.5552967563835,12.0,2595.4285714285716,18.505400276052452,12.042857142857143,27.52857142857143,98.94204623878535,95.85714285714286,99.95714285714284,408.33178053830227,365.14285714285717,458.2857142857143,17.0,164407.0
2023_24,2023,2024-05-03,2024-05-02,238,25.8,1200,16.957142857142856,11.557142857142859,23.428571428571427,212.9623015873016,0.0,829.5714285714286,1301.1626984126983,12.0,2515.1428571428573,18.662103174603175,12.357142857142858,27.357142857142858,98.91626984126984,95.32857142857144,99.95714285714287,407.94642857142856,364.57142857142856,460.14285714285717,31.0,196090.0
2023_24,2023,2024-05-04,2024-05-03,239,25.8,1200,17.05,11.471428571428572,23.942857142857143,229.64087301587304,0.0,858.5714285714286,1348.8234126984128,12.0,2517.1428571428573,18.751984126984127,12.242857142857142,28.185714285714287,98.97757936507936,95.37142857142858,99.95714285714287,408.89285714285717,365.2857142857143,459.7142857142857,14.0,127218.0
2023_24,2023,2024-05-05,2024-05-04,240,25.8,1200,17.133333333333333,11.457142857142857,23.514285714285716,220.69444444444449,0.0,854.4285714285714,1370.638888888889,12.285714285714286,2519.5714285714284,18.859126984126984,12.185714285714285,28.2,98.97460317460317,95.12857142857145,99.95714285714287,406.5476190476191,364.14285714285717,453.57142857142856,23.0,211255.0
2023_24,2023,2024-05-06,2024-05-05,241,25.8,1200,17.239880952380954,12.514285714285714,22.5,185.2063492063492,0.0,746.1428571428571,1210.4781746031747,12.142857142857142,2457.714285714286,18.836507936507935,13.285714285714286,26.714285714285715,98.99960317460318,95.3142857142857,99.95714285714287,404.9523809523809,366.0,466.0,39.0,287169.0
2023_24,2023,2024-05-07,2024-05-06,242,25.8,1200,17.07797619047619,12.457142857142857,22.47142857142857,189.10119047619045,0.0,787.2857142857143,1149.0,0.2857142857142857,2175.1428571428573,18.70297619047619,13.12857142857143,26.685714285714287,98.8702380952381,94.75714285714287,99.95714285714287,402.422619047619,364.85714285714283,460.42857142857144,18.0,146340.0
2023_24,2023,2024-05-08,2024-05-07,243,25.8,1200,16.811309523809523,12.585714285714287,21.75714285714286,169.05952380952382,0.0,686.2857142857143,1059.3988095238096,0.2857142857142857,1970.142857142857,18.294642857142858,13.214285714285714,25.971428571428568,98.84107142857142,95.12857142857142,99.94285714285715,402.6488095238095,366.42857142857144,466.7142857142857,34.0,237290.0
2023_24,2023,2024-05-09,2024-05-08,244,25.8,1200,16.920238095238094,12.5,22.099999999999998,192.73809523809524,0.0,814.1428571428571,1108.279761904762,0.2857142857142857,1996.2857142857142,18.557738095238097,13.085714285714285,27.17142857142857,98.85059523809524,94.71428571428571,99.98571428571428,401.5892857142857,366.7142857142857,464.2857142857143,32.0,238190.0
2023_24,2023,2024-05-10,2024-05-09,245,25.8,1200,16.729166666666668,12.357142857142858,22.0,197.125,0.0,799.7142857142857,1185.970238095238,0.2857142857142857,2060.4285714285716,18.38452380952381,12.957142857142857,27.085714285714285,98.89880952380952,95.48571428571428,99.98571428571428,401.6845238095238,368.0,461.85714285714283,16.0,139823.0
2023_24,2023,2024-05-11,2024-05-10,246,25.8,1200,16.685119047619047,12.071428571428571,21.8,200.69642857142858,0.0,796.0,1218.2619047619048,0.5714285714285714,2085.4285714285716,18.354761904761908,12.814285714285713,26.885714285714283,98.90238095238094,95.5,99.98571428571428,398.9107142857143,369.0,456.2857142857143,42.0,314832.0
2023_24,2023,2024-05-12,2024-05-11,247,25.8,1200,16.69821428571429,12.5,21.7,192.2619047619048,0.0,830.2857142857143,1181.0714285714287,0.7142857142857143,2110.4285714285716,18.342857142857145,13.185714285714285,26.72857142857143,98.91488095238095,95.41428571428571,99.98571428571428,396.67857142857144,369.2857142857143,451.42857142857144,24.0,213312.0
2023_24,2023,2024-05-13,2024-05-12,248,25.8,1200,16.520833333333336,11.62857142857143,22.12857142857143,228.9464285714286,0.0,954.7142857142857,1308.4285714285713,0.8571428571428571,2138.5714285714284,18.420238095238094,12.285714285714286,28.24285714285714,98.87976190476192,95.17142857142858,99.98571428571428,394.01785714285717,367.85714285714283,431.85714285714283,30.0,174692.0
2023_24,2023,2024-05-14,2024-05-13,249,25.8,1200,16.554761904761904,10.62857142857143,23.214285714285715,266.72023809523813,0.0,1036.142857142857,1559.970238095238,1.2857142857142858,2506.0,18.48809523809524,11.528571428571427,29.642857142857142,98.97916666666666,95.25714285714285,99.98571428571428,395.07142857142856,366.2857142857143,442.14285714285717,29.0,150741.0
2023_24,2023,2024-05-15,2024-05-14,250,25.8,1200,16.78392857142857,9.857142857142858,24.514285714285716,307.36904761904765,0.0,1135.2857142857142,1823.2142857142858,1.8571428571428572,2871.8571428571427,18.760714285714283,10.871428571428572,31.028571428571432,99.0327380952381,95.31428571428572,100.0,396.1547619047619,366.14285714285717,436.85714285714283,34.0,226094.0
2023_24,2023,2024-05-16,2024-05-15,251,25.8,1200,16.51011904761905,9.242857142857144,24.928571428571427,309.69642857142856,0.0,1101.5714285714287,1950.4761904761906,2.4285714285714284,3006.714285714286,18.413690476190478,10.528571428571428,30.642857142857142,99.025,95.55714285714285,100.0,396.7559523809524,365.14285714285717,440.57142857142856,12.0,83520.0
2023_24,2023,2024-05-17,2024-05-16,252,25.8,1200,16.599999999999998,9.400000000000002,24.714285714285715,316.68452380952385,0.0,1106.142857142857,1992.8214285714287,2.7142857142857144,3064.5714285714284,18.470238095238095,10.571428571428571,30.571428571428573,99.01190476190477,95.32857142857142,100.0,394.2083333333333,362.57142857142856,442.42857142857144,22.0,124585.0
2023_24,2023,2024-05-19,2024-05-18,254,25.8,1200,16.873809523809523,9.514285714285716,25.071428571428573,339.4642857142857,0.0,1103.857142857143,2078.934523809524,2.857142857142857,3088.5714285714284,18.900000000000002,10.557142857142859,31.157142857142862,98.98392857142858,95.0,100.0,394.4940476190476,362.14285714285717,443.42857142857144,57.0,564300.0
2023_24,2023,2024-05-25,2024-05-24,260,25.8,1200,20.56607142857143,12.5,29.099999999999998,344.9345238095238,0.0,1058.0,2132.904761904762,4.142857142857143,3066.5714285714284,22.34702380952381,13.342857142857142,34.17142857142857,99.10416666666666,95.45714285714284,100.0,398.98214285714283,360.7142857142857,445.2857142857143,36.0,356400.0
2023_24,2023,2024-05-26,2024-05-25,261,25.8,1200,20.76547619047619,13.028571428571428,28.900000000000002,338.5476190476191,0.0,1041.4285714285713,2113.672619047619,4.142857142857143,3056.0,22.39702380952381,13.985714285714286,33.642857142857146,99.05000000000003,95.65714285714286,100.0,399.9642857142857,360.14285714285717,448.7142857142857,75.0,650968.0
2023_26,2023,2023-12-08,2023-12-07,84,36.6,600,4.482738095238096,-1.0714285714285716,10.457142857142857,101.61309523809523,0.0,459.57142857142856,695.9107142857143,2.857142857142857,1073.857142857143,11.129761904761905,4.328571428571428,24.628571428571426,94.60238095238095,77.18571428571428,99.91428571428573,327.3452380952381,204.14285714285714,392.2857142857143,48.0,1030000.0
2023_26,2023,2023-12-11,2023-12-10,87,36.6,600,8.861904761904762,2.4857142857142853,16.1,101.58928571428571,0.0,455.14285714285717,725.7202380952382,2.4285714285714284,1071.2857142857142,13.250595238095238,5.928571428571429,26.342857142857138,94.50119047619047,77.5,100.0,316.4702380952381,196.71428571428572,384.0,58.0,975400.0
2023_26,2023,2023-12-13,2023-12-12,89,36.6,600,11.064880952380951,6.257142857142858,16.37142857142857,73.14880952380952,0.0,334.85714285714283,533.8809523809524,1.7142857142857142,854.8571428571429,14.154761904761903,8.957142857142857,23.24285714285714,95.66607142857141,82.74285714285715,100.0,322.2142857142857,213.42857142857142,393.7142857142857,41.0,709000.0
2023_26,2023,2023-12-14,2023-12-13,90,36.6,600,11.576190476190476,6.957142857142857,16.4,78.61309523809523,0.0,379.57142857142856,517.6011904761905,1.5714285714285714,822.4285714285714,14.594642857142857,9.114285714285714,24.02857142857143,95.4517857142857,81.74285714285715,100.0,323.2857142857143,224.42857142857142,394.42857142857144,60.0,982000.0
2023_26,2023,2023-12-16,2023-12-15,92,36.6,600,12.483928571428569,9.342857142857143,15.857142857142858,46.529761904761905,0.0,258.14285714285717,360.16666666666663,0.8571428571428571,647.7142857142857,14.497619047619049,10.485714285714284,20.88571428571429,97.0422619047619,88.75714285714287,100.0,325.73214285714283,221.0,406.14285714285717,48.0,854400.0
2023_26,2023,2023-12-19,2023-12-18,95,36.6,600,5.705357142857143,2.714285714285715,8.985714285714286,57.07142857142857,0.0,321.14285714285717,373.26785714285717,1.0,648.7142857142857,11.458333333333332,6.6,19.728571428571428,96.66428571428571,86.92857142857143,99.91428571428573,310.7261904761905,199.28571428571428,376.2857142857143,53.0,865500.0
2023_26,2023,2023-12-22,2023-12-21,98,36.6,600,0.04702380952380964,-3.3285714285714287,3.5,58.208333333333336,0.0,292.2857142857143,401.5892857142857,0.8571428571428571,621.2857142857143,9.186309523809523,4.542857142857143,17.014285714285712,96.93035714285713,89.82857142857142,99.71428571428571,340.172619047619,235.71428571428572,433.85714285714283,36.0,931200.0
2023_26,2023,2023-12-23,2023-12-22,99,36.6,600,-2.566666666666667,-6.057142857142857,0.9571428571428571,72.85119047619048,0.0,356.57142857142856,473.0892857142857,0.8571428571428571,740.8571428571429,8.770238095238096,3.957142857142857,18.37142857142857,96.20892857142856,86.35714285714286,99.62857142857145,342.91666666666663,228.28571428571428,500.57142857142856,104.0,2902000.0
2023_26,2023,2023-12-25,2023-12-24,101,36.6,600,-2.8529761904761903,-6.442857142857143,1.1428571428571428,86.68452380952381,0.0,395.85714285714283,582.5119047619047,1.0,852.0,9.250595238095238,4.528571428571429,19.557142857142853,96.05119047619048,85.37142857142858,99.62857142857142,442.85714285714283,222.57142857142858,779.7142857142857,123.0,3345800.0
2023_26,2023,2023-12-29,2023-12-28,105,36.6,600,-0.31488095238095243,-4.3,5.257142857142857,109.70833333333334,0.0,516.7142857142857,686.6607142857143,0.5714285714285714,996.1428571428571,11.279166666666669,6.114285714285715,23.185714285714283,95.39345238095238,82.78571428571429,99.67142857142858,517.1666666666666,299.14285714285717,835.1428571428571,154.0,4003800.0
2023_26,2023,2023-12-30,2023-12-29,106,36.6,600,0.8934523809523809,-3.1,6.885714285714286,109.58333333333333,0.0,507.57142857142856,698.654761904762,0.7142857142857143,992.7142857142857,11.39404761904762,6.142857142857143,23.4,95.85000000000001,84.78571428571429,99.68571428571428,530.7619047619048,332.42857142857144,779.8571428571429,177.0,3933200.0
2023_26,2023,2024-01-02,2024-01-01,109,36.6,600,3.408928571428571,-0.942857142857143,9.028571428571428,86.51785714285714,0.0,417.7142857142857,571.8869047619048,0.5714285714285714,907.1428571428571,11.483928571428573,6.785714285714286,21.428571428571427,96.43452380952382,88.14285714285714,99.62857142857142,487.9702380952381,367.42857142857144,650.1428571428571,139.0,2946400.0
2023_26,2023,2024-01-04,2024-01-03,111,36.6,600,3.8696428571428574,0.07142857142857142,8.485714285714286,71.88690476190477,0.0,382.57142857142856,495.1309523809524,0.5714285714285714,833.0,11.110714285714286,6.814285714285714,20.157142857142862,96.8625,89.28571428571429,99.52857142857144,471.0416666666667,345.85714285714283,665.2857142857143,86.0,1686000.0
2023_26,2023,2024-01-05,2024-01-04,112,36.6,600,3.9125,-0.0142857142857143,8.414285714285715,79.16071428571429,0.0,394.14285714285717,503.7797619047619,0.5714285714285714,845.5714285714286,11.574404761904763,6.742857142857143,22.08571428571429,96.38095238095238,87.54285714285713,99.60000000000001,469.8809523809524,332.85714285714283,665.4285714285714,109.0,2263600.0
2023_26,2023,2024-01-06,2024-01-05,113,36.6,600,4.2994047619047615,0.17142857142857143,8.814285714285715,74.73214285714286,0.0,417.85714285714283,507.3333333333333,0.42857142857142855,869.2857142857143,11.889880952380953,7.0,22.1,96.20119047619048,86.68571428571428,99.51428571428572,470.25,316.7142857142857,668.7142857142857,143.0,2625100.0
2023_26,2023,2024-01-09,2024-01-08,116,36.6,600,2.891666666666666,-1.4000000000000001,7.314285714285715,107.42261904761905,0.0,534.8571428571429,688.1309523809523,0.42857142857142855,1052.142857142857,12.596428571428573,6.8,26.142857142857142,95.1529761904762,82.1,99.38571428571429,467.2916666666667,337.2857142857143,605.5714285714286,136.0,1815900.0
2023_26,2023,2024-01-10,2024-01-09,117,36.6,600,2.3285714285714283,-2.1142857142857143,6.971428571428571,105.89880952380953,0.0,530.7142857142857,699.3988095238094,0.42857142857142855,1107.2857142857142,12.298214285714286,6.699999999999998,25.014285714285712,95.26666666666665,82.88571428571427,99.38571428571427,473.0119047619047,353.42857142857144,609.5714285714286,157.0,2174400.0
2023_26,2023,2024-01-11,2024-01-10,118,36.6,600,2.101190476190476,-2.814285714285714,6.685714285714286,114.43452380952382,0.0,535.2857142857143,729.7142857142857,0.42857142857142855,1186.5714285714287,12.649404761904762,6.828571428571428,25.828571428571426,95.09583333333333,81.92857142857143,99.39999999999999,484.60714285714283,380.57142857142856,621.1428571428571,118.0,1880200.0
2023_26,2023,2024-01-12,2024-01-11,119,36.6,600,1.8785714285714283,-3.1142857142857143,6.471428571428572,112.10714285714286,0.0,541.1428571428571,744.2916666666667,0.42857142857142855,1189.4285714285713,12.397619047619047,6.700000000000001,25.071428571428577,95.20297619047619,82.17142857142858,99.31428571428572,484.8273809523809,387.7142857142857,627.2857142857143,80.0,1575000.0
2023_26,2023,2024-01-15,2024-01-14,122,36.6,600,1.7910714285714284,-3.7142857142857144,7.6571428571428575,118.69047619047619,0.0,524.8571428571429,793.7083333333333,0.5714285714285714,1214.0,12.726785714285715,6.414285714285714,26.2,94.72380952380954,80.97142857142856,99.31428571428572,485.0357142857143,389.42857142857144,627.7142857142857,262.0,5421100.0
2023_26,2023,2024-01-17,2024-01-16,124,36.6,600,2.1357142857142857,-3.2285714285714286,8.042857142857143,133.54761904761904,0.0,577.8571428571429,853.5,0.7142857142857143,1234.142857142857,13.541071428571428,6.728571428571428,28.08571428571429,94.12619047619046,77.7,99.41428571428573,479.0416666666667,384.85714285714283,592.0,259.0,4248100.0
2023_26,2023,2024-01-18,2024-01-17,125,36.6,600,2.393452380952381,-2.7857142857142856,8.471428571428572,118.23214285714286,0.0,515.5714285714286,833.1964285714286,0.7142857142857143,1238.4285714285713,13.220833333333333,6.985714285714287,26.142857142857142,94.62083333333332,80.48571428571428,99.42857142857143,485.8690476190476,394.42857142857144,596.8571428571429,191.0,3386700.0
2023_26,2023,2024-01-19,2024-01-18,126,36.6,600,3.4065476190476187,-1.2142857142857142,8.9,105.875,0.0,451.2857142857143,743.5833333333334,0.5714285714285714,1112.0,13.146428571428572,7.757142857142857,24.257142857142856,95.08095238095237,82.51428571428572,99.44285714285715,487.0357142857143,400.85714285714283,607.4285714285714,54.0,1014800.0
2023_26,2023,2024-01-20,2024-01-19,127,36.6,600,3.9309523809523808,-0.1857142857142858,8.842857142857143,92.30952380952381,0.0,398.7142857142857,656.422619047619,0.5714285714285714,990.5714285714286,12.668452380952383,7.971428571428571,21.785714285714285,95.6654761904762,85.07142857142857,99.42857142857143,487.25,396.85714285714283,636.5714285714286,159.0,2989900.0
2023_26,2023,2024-01-22,2024-01-21,129,36.6,600,5.005952380952381,2.1714285714285713,8.22857142857143,68.75595238095238,0.0,324.2857142857143,475.04166666666663,0.2857142857142857,745.8571428571429,12.073809523809524,8.8,18.8,96.63869047619048,88.67142857142858,99.35714285714286,485.0952380952381,388.2857142857143,658.4285714285714,100.0,1928100.0
2023_26,2023,2024-01-25,2024-01-24,132,36.6,600,2.6035714285714286,0.7000000000000002,4.714285714285714,62.595238095238095,0.0,336.14285714285717,387.1369047619047,0.2857142857142857,542.2857142857143,10.448809523809524,8.314285714285715,14.599999999999998,97.22261904761903,93.68571428571428,99.12857142857142,485.26785714285717,371.2857142857143,676.0,42.0,922500.0
2023_26,2023,2024-01-27,2024-01-26,134,36.6,600,0.005357142857142914,-2.8428571428571425,3.0857142857142854,96.43452380952382,0.0,471.57142857142856,612.172619047619,0.8571428571428571,859.0,10.453571428571427,6.971428571428571,18.2,94.01547619047619,83.92857142857143,98.0,513.1488095238095,378.85714285714283,757.1428571428571,203.0,4278200.0
2023_26,2023,2024-01-31,2024-01-30,138,36.6,600,0.024999999999999974,-4.414285714285714,4.714285714285714,142.79761904761907,0.0,663.8571428571429,946.6190476190476,1.4285714285714286,1276.5714285714287,12.094642857142857,6.2,25.78571428571429,87.39583333333334,65.60000000000001,95.34285714285714,517.6666666666666,418.0,704.7142857142857,207.0,3259400.0
2023_26,2023,2024-02-02,2024-02-01,140,36.6,600,2.932142857142857,-1.4285714285714286,8.228571428571428,133.80357142857142,0.0,608.1428571428571,932.5714285714286,1.1428571428571428,1291.857142857143,13.25238095238095,7.3999999999999995,26.75714285714286,86.71071428571429,64.02857142857142,94.97142857142858,491.6726190476191,409.42857142857144,605.7142857142857,116.0,2200200.0
2023_26,2023,2024-02-05,2024-02-04,143,36.6,600,5.120238095238095,1.0285714285714287,10.328571428571427,110.5297619047619,0.0,525.7142857142857,751.0297619047618,0.8571428571428571,1142.2857142857142,13.697619047619046,8.9,25.642857142857142,88.89642857142857,67.5142857142857,96.37142857142858,489.6488095238095,389.14285714285717,589.1428571428571,151.0,2915400.0
2023_26,2023,2024-02-08,2024-02-07,146,36.6,600,5.438095238095237,2.814285714285714,8.585714285714285,80.38690476190474,0.0,408.0,537.0357142857143,0.7142857142857143,943.8571428571429,12.568452380952381,9.299999999999999,21.142857142857142,91.36488095238096,76.2,96.67142857142858,477.1607142857143,390.2857142857143,593.8571428571429,44.0,1056600.0
2023_26,2023,2024-02-09,2024-02-08,147,36.6,600,4.611309523809524,1.4714285714285713,8.2,96.1547619047619,0.0,459.85714285714283,600.9821428571429,1.4285714285714286,964.0,12.55119047619048,8.685714285714285,22.314285714285717,90.25714285714285,72.25714285714285,96.48571428571428,476.38690476190476,390.42857142857144,596.8571428571429,191.0,4800900.0
2023_26,2023,2024-02-15,2024-02-14,153,36.6,600,4.03452380952381,-1.7142857142857146,11.200000000000001,151.4345238095238,0.0,628.0,1031.6607142857142,4.285714285714286,1471.7142857142858,13.5625,7.057142857142857,26.87142857142857,84.37559523809523,56.042857142857144,94.64285714285714,482.6607142857143,375.0,594.8571428571429,95.0,1569700.0
2023_26,2023,2024-02-16,2024-02-15,154,36.6,600,4.9505952380952385,-0.8428571428571429,11.885714285714286,134.44047619047618,0.0,589.1428571428571,935.4285714285714,3.857142857142857,1370.7142857142858,13.49047619047619,7.528571428571428,25.014285714285712,85.6875,59.42857142857143,95.02857142857144,479.98214285714283,369.42857142857144,572.7142857142857,58.0,906900.0
2023_26,2023,2024-02-17,2024-02-16,155,36.6,600,5.226190476190476,-0.7857142857142857,12.342857142857143,137.18452380952382,0.0,589.5714285714286,898.1071428571429,4.714285714285714,1397.142857142857,13.679761904761904,7.571428571428571,25.0,85.44821428571429,58.39999999999999,94.94285714285714,480.125,363.14285714285717,584.1428571428571,107.0,1614000.0
2023_26,2023,2024-02-19,2024-02-18,157,36.6,600,6.832738095238095,-0.08571428571428567,14.200000000000001,126.8452380952381,0.0,526.4285714285714,886.8928571428571,5.142857142857143,1484.142857142857,13.783928571428572,8.142857142857142,23.142857142857142,86.15238095238094,61.699999999999996,95.28571428571429,479.52976190476187,350.7142857142857,595.8571428571429,119.0,1417000.0
2023_26,2023,2024-02-22,2024-02-21,160,36.6,600,7.402380952380953,1.7714285714285716,12.585714285714287,77.64285714285714,0.0,329.14285714285717,528.9404761904763,3.7142857142857144,928.1428571428571,12.879761904761905,9.214285714285714,18.25714285714286,90.76130952380952,78.38571428571429,96.01428571428572,492.1904761904762,387.7142857142857,616.0,98.0,1496800.0
2023_26,2023,2024-02-24,2024-02-23,162,36.6,600,7.386904761904762,3.114285714285714,11.257142857142856,54.93452380952381,0.0,246.28571428571428,425.6904761904762,2.5714285714285716,693.0,12.222619047619048,9.814285714285715,15.799999999999999,93.37202380952381,87.04285714285713,96.91428571428571,504.55357142857144,406.0,657.1428571428571,208.0,4457600.0
2023_26,2023,2024-02-28,2024-02-27,166,36.6,600,5.439285714285715,2.8999999999999995,8.385714285714284,96.83333333333334,0.0,425.0,492.7202380952381,5.428571428571429,840.0,12.689285714285715,9.242857142857144,20.785714285714285,91.81726190476192,77.24285714285715,96.77142857142857,492.75,398.57142857142856,644.7142857142857,125.0,2096600.0
2023_26,2023,2024-02-29,2024-02-28,167,36.6,600,5.394642857142857,2.1,9.042857142857143,121.26190476190477,0.0,507.7142857142857,643.8571428571429,6.714285714285714,1046.5714285714287,13.41309523809524,8.971428571428572,23.014285714285712,89.78928571428573,69.77142857142857,96.52857142857142,499.0773809523809,396.0,650.4285714285714,111.0,1932600.0
2023_26,2023,2024-03-01,2024-02-29,168,36.6,600,5.589880952380953,2.2142857142857144,9.385714285714286,120.67857142857143,0.0,483.57142857142856,714.3452380952382,7.285714285714286,1243.142857142857,13.55297619047619,8.8,23.214285714285715,89.5279761904762,68.8,96.45714285714287,497.51785714285717,398.42857142857144,611.1428571428571,125.0,2052300.0
2023_26,2023,2024-03-02,2024-03-01,169,36.6,600,4.916071428571429,1.2428571428571427,9.128571428571428,141.55357142857142,0.0,578.0,802.0357142857143,9.428571428571429,1435.142857142857,13.670238095238094,7.971428571428571,24.857142857142858,87.56011904761905,62.300000000000004,96.2,491.2261904761904,385.42857142857144,630.4285714285714,161.0,2485600.0
2023_26,2023,2024-03-04,2024-03-03,171,36.6,600,4.219047619047619,-0.5571428571428572,9.299999999999999,161.92261904761904,0.0,665.2857142857143,1094.9107142857142,13.714285714285714,1781.142857142857,13.9625,7.214285714285714,26.24285714285714,84.78988095238095,54.971428571428575,95.45714285714287,492.97023809523813,350.14285714285717,641.7142857142857,68.0,1126000.0
2023_26,2023,2024-03-07,2024-03-06,174,36.6,600,4.941071428571428,0.6,9.342857142857142,127.44642857142857,0.0,558.1428571428571,914.4345238095239,8.285714285714286,1602.5714285714287,12.503571428571428,6.728571428571429,22.842857142857145,86.21904761904763,60.81428571428571,95.58571428571429,471.91666666666663,341.85714285714283,608.1428571428571,108.0,2038700.0
2023_26,2023,2024-03-09,2024-03-08,176,36.6,600,5.141666666666667,0.22857142857142848,9.857142857142858,153.43452380952382,0.0,654.4285714285714,1021.7797619047618,5.142857142857143,1627.4285714285713,12.580357142857142,6.257142857142858,25.428571428571427,84.44047619047618,55.457142857142856,95.04285714285713,529.547619047619,325.0,923.2857142857143,150.0,2192000.0
2023_26,2023,2024-03-11,2024-03-10,178,36.6,600,5.5130952380952385,0.2857142857142856,10.642857142857142,177.88095238095238,0.0,695.4285714285714,1082.6190476190475,0.0,1680.4285714285713,12.641666666666666,6.042857142857143,25.728571428571428,83.175,52.24285714285714,95.05714285714286,518.5238095238095,329.2857142857143,909.4285714285714,59.0,939400.0
2023_26,2023,2024-03-14,2024-03-13,181,36.6,600,4.297023809523809,-1.6285714285714286,10.5,197.04166666666669,0.0,767.4285714285714,1199.2440476190475,0.2857142857142857,1847.142857142857,13.176190476190476,5.8999999999999995,27.885714285714283,82.375,50.68571428571429,94.28571428571429,517.327380952381,346.14285714285717,921.0,104.0,1753000.0
2023_26,2023,2024-03-15,2024-03-14,182,36.6,600,4.544642857142857,-1.8285714285714287,11.700000000000001,201.17857142857142,0.0,767.4285714285714,1255.75,0.2857142857142857,1912.857142857143,13.670833333333333,6.242857142857143,27.9,81.06547619047618,47.385714285714286,93.89999999999999,504.0892857142857,343.0,768.7142857142857,78.0,1283200.0
2023_26,2023,2024-03-18,2024-03-17,185,36.6,600,6.875,-0.3571428571428574,14.985714285714284,189.1130952380952,0.0,774.1428571428571,1257.6190476190475,1.0,1940.142857142857,15.108928571428573,7.685714285714285,28.771428571428572,83.07440476190477,55.542857142857144,94.77142857142857,441.51190476190476,337.0,559.5714285714286,106.0,1446200.0
2023_26,2023,2024-03-20,2024-03-19,187,36.6,600,7.577380952380953,0.34285714285714264,16.042857142857144,210.19047619047618,0.0,829.2857142857143,1373.8214285714287,1.0,2098.8571428571427,15.8125,8.128571428571428,29.071428571428573,83.33571428571429,57.300000000000004,95.25714285714285,438.6845238095238,311.2857142857143,565.1428571428571,65.0,848500.0
2023_26,2023,2024-03-21,2024-03-20,188,36.6,600,7.61547619047619,0.6999999999999998,15.400000000000002,215.42857142857142,0.0,847.7142857142857,1393.4404761904764,1.1428571428571428,2118.4285714285716,15.816666666666666,8.6,28.7,84.59464285714286,60.74285714285715,95.67142857142858,441.36904761904765,316.85714285714283,563.1428571428571,126.0,1387700.0
2023_26,2023,2024-03-22,2024-03-21,189,36.6,600,7.3880952380952385,0.44285714285714267,14.871428571428572,223.58928571428572,0.0,852.4285714285714,1420.6666666666665,1.5714285714285714,2141.8571428571427,15.822619047619048,8.571428571428571,28.414285714285715,85.92738095238097,65.01428571428572,96.11428571428571,440.125,311.57142857142856,567.4285714285714,81.0,1036700.0
2023_26,2023,2024-03-23,2024-03-22,190,36.6,600,7.724404761904762,0.8285714285714284,14.757142857142858,210.95238095238096,0.0,859.8571428571429,1386.7261904761904,1.4285714285714286,2153.4285714285716,15.885714285714286,8.885714285714286,27.7,89.03511904761906,70.78571428571429,96.94285714285714,447.5297619047619,310.85714285714283,571.0,109.0,1401900.0
2023_26,2023,2024-03-25,2024-03-24,192,36.6,600,9.160714285714286,3.4428571428571426,15.200000000000001,198.5654761904762,0.0,762.7142857142857,1290.125,1.4285714285714286,2152.8571428571427,16.383928571428573,9.87142857142857,26.900000000000002,90.15416666666667,73.91428571428571,97.18571428571428,452.3988095238095,321.42857142857144,578.0,198.0,2188800.0
2023_26,2023,2024-03-27,2024-03-26,194,36.6,600,9.94345238095238,4.971428571428571,14.657142857142857,163.7797619047619,0.0,639.5714285714286,1033.922619047619,1.5714285714285714,1738.7142857142858,16.208928571428572,10.685714285714285,25.5,91.92797619047619,79.37142857142858,97.81428571428572,447.74404761904765,322.42857142857144,579.8571428571429,40.0,485000.0
2023_26,2023,2024-03-30,2024-03-29,197,36.6,600,11.635119047619048,8.22857142857143,15.27142857142857,98.45833333333334,0.0,439.0,659.5059523809523,1.4285714285714286,1238.2857142857142,15.647619047619047,11.485714285714286,22.714285714285715,94.41071428571429,84.7,98.42857142857143,405.5773809523809,289.42857142857144,539.7142857142857,118.0,1648000.0
2023_26,2023,2024-04-01,2024-03-31,199,36.6,600,10.777380952380952,5.814285714285714,15.87142857142857,122.32738095238095,0.0,523.7142857142857,713.2797619047618,2.5714285714285716,1203.0,15.262500000000001,10.428571428571429,23.41428571428571,93.70119047619048,83.5,98.14285714285714,373.10714285714283,258.0,488.57142857142856,131.0,2021000.0
2023_26,2023,2024-04-03,2024-04-02,201,36.6,600,11.666666666666668,5.214285714285714,18.82857142857143,166.68452380952382,0.0,670.7142857142857,1003.0416666666666,3.857142857142857,1655.4285714285713,16.17797619047619,9.885714285714286,25.72857142857143,92.27738095238097,78.41428571428571,97.95714285714284,350.19642857142856,229.0,457.7142857142857,210.0,2695000.0
2023_26,2023,2024-04-04,2024-04-03,202,36.6,600,12.43809523809524,6.685714285714285,18.785714285714285,149.57142857142858,0.0,568.8571428571429,956.2678571428571,3.857142857142857,1665.0,16.311904761904763,10.671428571428573,24.72857142857143,92.80595238095239,80.92857142857143,98.11428571428571,336.4047619047619,213.28571428571428,441.85714285714283,160.0,1737200.0
2023_26,2023,2024-04-05,2024-04-04,203,36.6,600,12.870833333333334,6.942857142857142,19.3,151.32738095238096,0.0,580.1428571428571,922.2440476190477,4.0,1524.7142857142858,16.741666666666667,10.857142857142858,25.4,92.84761904761903,80.72857142857143,98.11428571428571,334.7202380952381,209.14285714285714,438.14285714285717,50.0,610400.0
2023_26,2023,2024-04-08,2024-04-07,206,36.6,600,14.05297619047619,8.628571428571428,20.41428571428571,171.0,0.0,676.5714285714286,1031.4166666666667,5.857142857142857,1744.2857142857142,18.08095238095238,11.542857142857143,27.314285714285717,93.3392857142857,80.67142857142858,98.4857142857143,336.1011904761904,209.14285714285714,449.85714285714283,160.0,1980000.0
2023_26,2023,2024-04-09,2024-04-08,207,36.6,600,14.511309523809526,9.342857142857142,20.37142857142857,151.50595238095235,0.0,623.1428571428571,1001.327380952381,6.285714285714286,1755.4285714285713,18.067261904761903,11.685714285714285,26.67142857142857,94.17142857142858,83.25714285714287,98.64285714285714,334.9940476190476,203.57142857142858,452.42857142857144,165.0,1293000.0
2023_26,2023,2024-04-16,2024-04-15,214,36.6,600,16.592857142857145,9.542857142857143,23.814285714285713,228.03571428571428,0.0,806.0,1463.1904761904764,9.285714285714286,2382.4285714285716,17.635119047619046,10.314285714285715,26.52857142857143,97.45416666666665,90.38571428571427,99.85714285714286,328.57142857142856,282.0,389.0,121.0,895600.0
2023_26,2023,2024-04-17,2024-04-16,215,36.6,600,16.628571428571426,10.0,23.54285714285714,215.79761904761904,0.0,802.7142857142857,1381.7619047619048,7.857142857142857,2302.4285714285716,17.719642857142855,10.5,26.328571428571426,96.7142857142857,87.52857142857142,99.92857142857143,322.202380952381,277.14285714285717,380.85714285714283,46.0,372200.0
2023_26,2023,2024-04-18,2024-04-17,216,36.6,600,16.616666666666667,9.799999999999999,24.0,215.54761904761907,0.0,812.7142857142857,1345.6190476190477,5.857142857142857,2285.0,17.72202380952381,10.528571428571428,26.857142857142858,93.26607142857144,80.67142857142858,98.58571428571427,323.58333333333337,274.2857142857143,384.2857142857143,83.0,637900.0
2023_26,2023,2024-04-19,2024-04-18,217,36.6,600,16.751785714285717,9.285714285714286,24.32857142857143,232.03571428571428,0.0,822.8571428571429,1405.2857142857142,4.428571428571429,2317.714285714286,17.682738095238097,10.314285714285715,26.728571428571428,89.49523809523808,74.1,97.32857142857142,324.57142857142856,277.14285714285717,385.7142857142857,74.0,593000.0
2023_26,2023,2024-04-20,2024-04-19,218,36.6,600,16.855357142857144,9.171428571428573,24.428571428571427,231.54166666666666,0.0,804.4285714285714,1442.7440476190475,2.142857142857143,2359.0,17.58095238095238,10.414285714285715,26.114285714285717,85.07440476190474,66.62857142857142,95.64285714285714,324.922619047619,279.14285714285717,384.7142857142857,166.0,1640300.0
2023_26,2023,2024-04-22,2024-04-21,220,36.6,600,16.186309523809523,10.385714285714286,21.914285714285715,165.71428571428572,0.0,596.8571428571429,1087.297619047619,0.0,2040.0,17.235714285714288,11.742857142857144,24.25714285714286,82.87857142857142,61.300000000000004,94.87142857142855,315.5952380952381,248.57142857142858,381.85714285714283,158.0,1309000.0
2023_26,2023,2024-04-24,2024-04-23,222,36.6,600,16.051785714285714,10.47142857142857,21.614285714285717,169.20833333333331,0.0,619.8571428571429,1067.279761904762,0.14285714285714285,1791.142857142857,17.017261904761902,11.985714285714284,24.25714285714286,81.5672619047619,58.75714285714286,93.78571428571429,331.05357142857144,240.42857142857142,622.0,77.0,717200.0
2023_26,2023,2024-04-25,2024-04-24,223,36.6,600,15.910119047619048,10.757142857142856,20.385714285714283,154.60119047619045,0.0,622.0,996.8154761904763,0.14285714285714285,1679.7142857142858,16.814880952380953,12.12857142857143,23.099999999999998,82.92857142857143,61.75714285714286,94.52857142857144,327.0595238095238,240.28571428571428,614.7142857142857,80.0,929000.0
2023_26,2023,2024-04-26,2024-04-25,224,36.6,600,15.767261904761904,10.642857142857142,20.67142857142857,157.74404761904765,0.0,629.4285714285714,980.2023809523808,0.14285714285714285,1703.7142857142858,16.939285714285713,11.757142857142856,24.042857142857144,83.4952380952381,62.54285714285714,94.94285714285715,323.25,237.42857142857142,608.2857142857143,71.0,512300.0
2023_26,2023,2024-04-27,2024-04-26,225,36.6,600,15.70654761904762,11.028571428571427,20.457142857142856,151.2797619047619,0.0,627.7142857142857,949.2440476190476,0.2857142857142857,1728.857142857143,17.008928571428573,11.914285714285715,24.128571428571426,85.44047619047619,64.94285714285715,95.95714285714284,323.4226190476191,236.28571428571428,609.1428571428571,123.0,1328300.0
2023_26,2023,2024-04-29,2024-04-28,227,36.6,600,16.4875,9.828571428571427,23.3,223.13095238095238,0.0,841.1428571428571,1308.1666666666665,0.7142857142857143,2121.8571428571427,17.291666666666664,11.028571428571427,25.785714285714285,80.8875,56.885714285714286,94.81428571428572,333.4226190476191,268.2857142857143,613.1428571428571,175.0,1351200.0
2023_26,2023,2024-05-02,2024-05-01,230,36.6,600,16.913690476190474,10.957142857142856,23.442857142857147,215.33333333333334,0.0,747.4285714285714,1340.6369047619048,0.7142857142857143,2487.285714285714,18.224999999999998,12.142857142857142,26.642857142857142,82.03571428571429,60.42857142857143,94.8,315.8511904761905,246.71428571428572,393.7142857142857,141.0,1154500.0
2023_26,2023,2024-05-03,2024-05-02,231,36.6,600,17.086309523809526,11.557142857142859,22.97142857142857,197.25,0.0,731.5714285714286,1270.375,0.7142857142857143,2400.5714285714284,18.288690476190478,12.742857142857144,26.371428571428574,82.51845238095238,61.7,95.0142857142857,318.48214285714283,245.42857142857142,402.85714285714283,147.0,1378400.0
2023_26,2023,2024-05-04,2024-05-03,232,36.6,600,17.205357142857142,11.185714285714285,23.357142857142858,214.14880952380955,0.0,745.0,1314.6011904761906,0.8571428571428571,2413.1428571428573,18.56845238095238,12.62857142857143,27.071428571428573,81.22678571428571,60.17142857142857,94.67142857142858,318.0892857142857,245.57142857142858,402.42857142857144,135.0,1329300.0
2023_26,2023,2024-05-06,2024-05-05,234,36.6,600,17.319642857142856,12.428571428571429,22.17142857142857,177.96428571428572,0.0,644.2857142857143,1171.7857142857142,0.8571428571428571,2354.714285714286,19.023809523809522,13.357142857142858,26.728571428571424,83.90714285714286,68.0,95.32857142857142,310.2023809523809,242.14285714285714,388.0,15.0,85500.0
2023_26,2023,2024-05-11,2024-05-10,239,36.6,600,16.518064182194617,11.742857142857144,21.357142857142858,192.0600414078675,0.0,669.4285714285714,1045.7349896480332,1.4285714285714286,2027.4285714285713,17.925025879917182,12.028571428571427,25.871428571428574,85.39350414078675,71.21428571428571,95.7,306.6894409937889,266.7142857142857,347.7142857142857,110.0,1000000.0
2023_26,2023,2024-05-15,2024-05-14,243,36.6,600,16.812111801242235,9.871428571428572,23.61428571428571,297.13146997929607,0.0,1000.8571428571429,1546.9730848861284,2.7142857142857144,2569.714285714286,17.711335403726707,10.5,27.042857142857144,84.57326604554865,69.68571428571428,96.38571428571429,308.3561076604555,266.0,347.85714285714283,115.0,1000000.0
2023_26,2023,2024-05-20,2024-05-19,248,36.6,600,17.37738095238095,9.87142857142857,25.571428571428573,316.2857142857143,0.0,960.7142857142857,1915.6666666666665,3.857142857142857,2899.4285714285716,17.78214285714286,10.757142857142856,26.271428571428572,86.39464285714287,71.71428571428571,96.55714285714285,316.83333333333337,281.57142857142856,371.42857142857144,120.0,1000000.0
2023_27,2023,2023-11-25,2023-11-24,71,29.2,2400,7.382738095238095,1.342857142857143,14.3,116.79166666666667,0.0,530.4285714285714,695.3690476190477,4.857142857142857,964.2857142857143,14.073809523809524,8.700000000000001,26.228571428571428,87.82678571428572,59.42857142857143,98.38571428571429,370.79166666666663,277.14285714285717,468.0,8.0,144000.0
2023_27,2023,2023-11-30,2023-11-29,76,29.2,2400,5.417261904761905,0.5428571428571429,10.928571428571429,76.13690476190477,0.0,452.42857142857144,604.4345238095239,3.5714285714285716,951.5714285714286,13.344047619047618,8.428571428571429,24.58571428571429,89.65357142857142,65.68571428571428,97.97142857142856,351.9642857142857,259.85714285714283,443.42857142857144,18.0,374000.0
2023_27,2023,2023-12-02,2023-12-01,78,29.2,2400,3.4011904761904765,-1.5,8.514285714285714,64.68452380952381,0.0,435.85714285714283,597.904761904762,2.5714285714285716,952.5714285714286,13.019642857142857,8.071428571428571,25.62857142857143,89.57440476190474,65.9,97.5142857142857,334.1488095238096,235.0,425.0,18.0,388000.0
2023_27,2023,2023-12-04,2023-12-03,80,29.2,2400,3.785119047619048,-1.0857142857142854,8.371428571428572,75.20833333333334,0.0,434.2857142857143,529.3095238095239,1.8571428571428572,878.4285714285714,12.836904761904762,8.114285714285714,24.642857142857142,90.58869047619048,71.35714285714286,97.62857142857142,333.59523809523813,235.85714285714286,429.57142857142856,17.0,357000.0
2023_27,2023,2023-12-07,2023-12-06,83,29.2,2400,3.3208333333333333,-2.4285714285714284,9.62857142857143,90.20238095238095,0.0,499.7142857142857,617.9047619047618,1.7142857142857142,930.4285714285714,13.085714285714285,7.8,26.11428571428571,89.0047619047619,68.51428571428572,97.52857142857144,333.0595238095238,235.85714285714286,423.85714285714283,139.0,2923000.0
2023_27,2023,2023-12-09,2023-12-08,85,29.2,2400,5.347619047619047,-1.5428571428571425,12.957142857142856,81.86309523809526,0.0,423.7142857142857,618.7202380952382,2.142857142857143,948.4285714285714,13.657738095238097,7.700000000000001,26.74285714285714,88.34285714285716,65.72857142857143,97.88571428571427,342.4047619047619,253.57142857142858,428.0,193.0,3218000.0
2023_27,2023,2023-12-11,2023-12-10,87,29.2,2400,8.073214285714284,1.0142857142857147,16.385714285714283,78.54761904761905,0.0,437.85714285714283,622.7440476190476,1.8571428571428572,907.1428571428571,14.808333333333334,8.214285714285714,28.014285714285716,88.63214285714285,63.8142857142857,98.31428571428572,357.9226190476191,260.42857142857144,453.42857142857144,227.0,3334000.0
2023_27,2023,2023-12-12,2023-12-11,88,29.2,2400,9.766071428571427,3.6000000000000005,17.014285714285712,77.07142857142857,0.0,428.85714285714283,542.4047619047619,1.5714285714285714,830.7142857142857,15.036904761904763,9.114285714285714,26.285714285714285,90.48630952380954,68.39999999999999,98.5,378.60714285714283,283.42857142857144,471.42857142857144,442.0,5546500.0
2023_27,2023,2023-12-13,2023-12-12,89,29.2,2400,10.463095238095239,5.042857142857144,16.842857142857145,81.48809523809526,0.0,407.14285714285717,453.4107142857143,1.1428571428571428,722.5714285714286,15.00595238095238,9.714285714285714,24.542857142857144,91.91309523809525,73.05714285714285,98.74285714285715,385.5833333333333,289.2857142857143,482.0,277.0,3786500.0
2023_27,2023,2023-12-14,2023-12-13,90,29.2,2400,10.89345238095238,5.928571428571429,16.77142857142857,79.58333333333334,0.0,415.57142857142856,427.7976190476191,1.2857142857142858,687.4285714285714,15.297619047619047,9.857142857142858,25.271428571428572,91.60654761904762,70.48571428571428,98.94285714285715,390.05357142857144,296.14285714285717,487.7142857142857,208.0,2561500.0
2023_27,2023,2023-12-15,2023-12-14,91,29.2,2400,11.558333333333334,7.314285714285715,16.771428571428572,80.3690476190476,0.0,427.42857142857144,381.6904761904762,1.0,653.7142857142857,15.216666666666667,10.514285714285716,23.428571428571427,92.97142857142856,74.87142857142855,99.08571428571429,408.98214285714283,317.7142857142857,506.14285714285717,345.0,5068500.0
2023_27,2023,2023-12-16,2023-12-15,92,29.2,2400,11.82142857142857,8.171428571428573,16.15714285714286,75.57142857142857,0.0,418.0,304.23214285714295,0.7142857142857143,532.2857142857143,15.067857142857141,10.842857142857142,21.685714285714287,94.64642857142857,81.2,99.14285714285714,424.07142857142856,329.2857142857143,524.5714285714286,319.0,4498500.0
2023_27,2023,2023-12-18,2023-12-17,94,29.2,2400,7.880357142857143,5.1000000000000005,10.985714285714286,77.73809523809523,0.0,406.0,260.00595238095235,0.42857142857142855,488.85714285714283,13.191666666666666,10.314285714285715,18.642857142857142,94.69702380952381,83.17142857142856,98.7857142857143,393.69047619047615,304.85714285714283,479.42857142857144,309.0,4649000.0
2023_27,2023,2023-12-19,2023-12-18,95,29.2,2400,5.517261904761904,2.2,9.185714285714287,72.71428571428571,0.0,376.0,311.9047619047619,0.7142857142857143,527.2857142857143,12.619047619047619,9.385714285714286,19.2,93.17202380952381,80.0,98.60000000000001,363.54166666666663,268.85714285714283,453.7142857142857,253.0,3416500.0
2023_27,2023,2023-12-20,2023-12-19,96,29.2,2400,4.22202380952381,0.5571428571428575,7.971428571428571,73.41071428571429,0.0,376.0,365.0476190476191,0.8571428571428571,594.7142857142857,12.3125,8.799999999999999,20.12857142857143,92.41785714285713,77.54285714285716,98.44285714285715,348.6726190476191,254.71428571428572,434.42857142857144,204.0,3545500.0
2023_27,2023,2023-12-21,2023-12-20,97,29.2,2400,2.617261904761904,-1.0857142857142854,6.142857142857143,75.69047619047619,0.0,387.7142857142857,366.5357142857143,0.5714285714285714,575.1428571428571,11.438690476190475,8.614285714285714,18.057142857142857,92.54702380952381,80.3142857142857,97.95714285714287,335.73809523809524,245.28571428571428,414.57142857142856,195.0,3785500.0
2023_27,2023,2023-12-22,2023-12-21,98,29.2,2400,0.04880952380952382,-3.6999999999999997,3.7285714285714286,80.69642857142857,0.0,422.42857142857144,391.82142857142856,0.5714285714285714,576.7142857142857,10.948214285714284,7.957142857142857,18.485714285714288,90.89821428571429,76.77142857142857,97.32857142857144,315.45833333333337,214.85714285714286,400.7142857142857,128.0,2402000.0
2023_27,2023,2023-12-23,2023-12-22,99,29.2,2400,-2.6398809523809526,-6.557142857142857,1.2428571428571427,91.47619047619048,0.0,459.14285714285717,481.0416666666667,0.5714285714285714,703.1428571428571,10.51845238095238,7.528571428571428,19.357142857142858,88.51428571428572,71.64285714285714,96.22857142857143,290.88095238095235,193.14285714285714,371.2857142857143,101.0,1890000.0
2023_27,2023,2023-12-25,2023-12-24,101,29.2,2400,-3.086904761904762,-7.1571428571428575,1.3285714285714287,90.71428571428571,0.0,451.57142857142856,557.8630952380952,0.5714285714285714,796.2857142857143,10.947619047619046,7.442857142857142,21.599999999999998,86.27499999999999,68.62857142857143,94.54285714285713,292.60714285714283,192.57142857142858,377.14285714285717,167.0,3241000.0
2023_27,2023,2023-12-26,2023-12-25,102,29.2,2400,-2.6982142857142857,-6.542857142857144,1.6142857142857143,98.57738095238095,0.0,499.14285714285717,542.8928571428571,0.2857142857142857,778.4285714285714,10.873214285714285,7.471428571428571,21.3,86.1267857142857,68.71428571428571,93.95714285714284,296.35714285714283,199.57142857142858,378.85714285714283,172.0,3302500.0
2023_27,2023,2023-12-27,2023-12-26,103,29.2,2400,-2.719047619047619,-6.871428571428571,2.142857142857143,91.81547619047619,0.0,479.57142857142856,550.8214285714286,0.14285714285714285,799.5714285714286,11.017261904761906,7.414285714285714,21.599999999999998,84.98988095238096,67.44285714285715,93.58571428571427,297.95833333333337,204.14285714285714,379.57142857142856,124.0,2227000.0
2023_27,2023,2023-12-28,2023-12-27,104,29.2,2400,-2.1166666666666667,-6.271428571428571,3.3142857142857145,93.05357142857143,0.0,494.85714285714283,587.8988095238094,0.14285714285714285,838.2857142857143,11.669642857142858,7.457142857142857,23.88571428571429,84.0904761904762,64.92857142857143,93.48571428571428,301.8273809523809,207.42857142857142,385.7142857142857,134.0,2396500.0
2023_27,2023,2023-12-29,2023-12-28,105,29.2,2400,-1.0583333333333333,-5.485714285714286,5.114285714285715,90.57142857142857,0.0,488.42857142857144,598.1785714285714,0.14285714285714285,855.8571428571429,11.892857142857142,7.457142857142856,24.17142857142857,84.48511904761905,66.12857142857143,93.64285714285714,305.1607142857143,211.71428571428572,390.7142857142857,248.0,4800000.0
2023_27,2023,2023-12-30,2023-12-29,106,29.2,2400,0.02797619047619036,-4.257142857142857,6.514285714285714,88.875,0.0,484.57142857142856,580.7559523809524,0.14285714285714285,832.7142857142857,12.160119047619048,7.5,24.842857142857145,85.10535714285713,66.65714285714286,94.38571428571429,308.375,216.0,394.0,179.0,2830500.0
2023_27,2023,2024-01-02,2024-01-01,109,29.2,2400,2.7172619047619047,-1.9571428571428569,9.1,88.48214285714286,0.0,470.2857142857143,496.06547619047615,0.0,773.2857142857143,12.64345238095238,7.914285714285714,24.428571428571427,87.32380952380952,69.84285714285714,95.85714285714286,329.4523809523809,245.71428571428572,405.2857142857143,502.0,8683500.0
2023_27,2023,2024-01-03,2024-01-02,110,29.2,2400,3.2964285714285717,-1.1285714285714281,9.114285714285714,94.60714285714286,0.0,488.0,475.75,0.0,747.2857142857143,12.663095238095238,8.242857142857144,23.914285714285715,88.20119047619048,71.42857142857143,95.92857142857143,335.36904761904765,247.71428571428572,413.7142857142857,311.0,4862500.0
2023_27,2023,2024-01-04,2024-01-03,111,29.2,2400,3.4226190476190474,-0.6571428571428567,8.585714285714285,101.66071428571429,0.0,488.14285714285717,440.2440476190476,0.0,714.4285714285714,12.543452380952383,8.357142857142856,23.342857142857145,88.57619047619049,72.14285714285714,96.1,337.3452380952381,248.42857142857142,416.85714285714283,311.0,5049500.0
2023_27,2023,2024-01-05,2024-01-04,112,29.2,2400,3.4333333333333336,-0.9428571428571425,8.528571428571428,106.51190476190474,0.0,489.14285714285717,453.80357142857144,0.0,728.4285714285714,12.756547619047621,8.357142857142858,24.45714285714286,87.81130952380953,69.92857142857143,96.0142857142857,336.9761904761905,252.14285714285714,412.42857142857144,223.0,3412500.0
2023_27,2023,2024-01-06,2024-01-05,113,29.2,2400,3.9095238095238094,-0.814285714285714,9.157142857142857,96.96428571428571,0.0,457.7142857142857,462.5238095238095,0.14285714285714285,746.0,12.852380952380953,8.4,24.428571428571427,88.08035714285714,69.72857142857143,96.02857142857142,339.1845238095238,254.28571428571428,414.2857142857143,381.0,5049000.0
2023_27,2023,2024-01-08,2024-01-07,115,29.2,2400,3.1547619047619047,-1.5999999999999999,8.214285714285714,85.27380952380952,0.0,439.7142857142857,537.9047619047619,0.14285714285714285,818.0,12.994047619047619,8.1,26.3,86.24583333333332,64.11428571428573,95.88571428571429,334.1488095238096,240.42857142857142,426.2857142857143,436.0,4252500.0
2023_27,2023,2024-01-09,2024-01-08,116,29.2,2400,2.186904761904762,-2.4285714285714284,7.3999999999999995,82.63690476190474,0.0,443.42857142857144,591.3333333333334,0.14285714285714285,876.2857142857143,12.93095238095238,7.971428571428571,26.371428571428574,85.30595238095239,63.0,95.60000000000001,329.125,240.0,421.42857142857144,369.0,3160000.0
2023_27,2023,2024-01-10,2024-01-09,117,29.2,2400,1.5976190476190477,-3.357142857142857,7.171428571428572,78.125,0.0,450.42857142857144,601.5654761904761,0.14285714285714285,934.5714285714286,12.591666666666667,7.685714285714285,25.771428571428572,85.38095238095238,63.42857142857143,95.6857142857143,328.23214285714283,243.71428571428572,415.85714285714283,181.0,1328000.0
2023_27,2023,2024-01-11,2024-01-10,118,29.2,2400,1.4101190476190477,-4.128571428571428,7.1000000000000005,76.0,0.0,452.7142857142857,618.2559523809524,0.14285714285714285,984.0,12.732738095238094,7.542857142857143,26.057142857142853,84.80238095238096,62.38571428571429,95.57142857142857,325.10714285714283,242.57142857142858,409.42857142857144,162.0,1146000.0
2023_27,2023,2024-01-12,2024-01-11,119,29.2,2400,1.1464285714285716,-4.457142857142856,6.885714285714285,75.02976190476191,0.0,453.42857142857144,627.9107142857143,0.14285714285714285,986.5714285714286,12.620238095238093,7.514285714285713,25.828571428571426,84.89345238095237,62.58571428571429,95.61428571428573,323.98809523809524,240.85714285714286,408.42857142857144,110.0,912500.0
2023_27,2023,2024-01-13,2024-01-12,120,29.2,2400,1.174404761904762,-4.3999999999999995,6.614285714285714,85.1309523809524,0.0,488.2857142857143,639.9761904761905,0.0,987.1428571428571,12.780357142857142,7.485714285714286,26.171428571428574,84.4720238095238,62.2,95.45714285714287,324.74404761904765,242.57142857142858,408.42857142857144,91.0,668500.0
2023_27,2023,2024-01-15,2024-01-14,122,29.2,2400,1.3214285714285714,-5.3428571428571425,8.299999999999999,101.76785714285714,0.0,505.14285714285717,675.9940476190476,0.14285714285714285,1024.857142857143,13.205357142857142,7.442857142857142,27.5,83.74107142857143,61.01428571428571,95.34285714285714,329.6309523809524,254.28571428571428,404.42857142857144,155.0,2037500.0
2023_27,2023,2024-01-16,2024-01-15,123,29.2,2400,1.8029761904761905,-4.757142857142857,8.4,100.57738095238095,0.0,516.2857142857143,683.8988095238095,0.14285714285714285,1032.4285714285713,13.324404761904763,7.571428571428571,27.61428571428571,84.01607142857142,60.75714285714286,95.57142857142857,331.4404761904762,257.14285714285717,402.2857142857143,152.0,1417500.0
2023_27,2023,2024-01-17,2024-01-16,124,29.2,2400,1.6249999999999998,-5.0857142857142845,8.9,105.04761904761904,0.0,532.8571428571429,725.0833333333334,0.14285714285714285,1040.0,13.676785714285714,7.528571428571428,29.25714285714286,83.01488095238096,57.5,95.5,329.05357142857144,253.14285714285714,401.7142857142857,100.0,1071000.0
2023_27,2023,2024-01-18,2024-01-17,125,29.2,2400,2.0369047619047618,-4.6,9.528571428571428,108.14285714285714,0.0,535.1428571428571,705.9642857142857,0.14285714285714285,1026.857142857143,13.367857142857144,7.642857142857143,27.442857142857143,84.48869047619048,61.885714285714286,96.02857142857144,338.11904761904765,266.7142857142857,409.85714285714283,74.0,796000.0
2023_27,2023,2024-01-19,2024-01-18,126,29.2,2400,3.2964285714285713,-2.7428571428571424,10.071428571428571,111.34523809523809,0.0,539.5714285714286,625.125,0.14285714285714285,920.7142857142857,13.296428571428573,8.042857142857143,25.38571428571429,86.31130952380953,66.45714285714286,96.61428571428571,351.3988095238096,282.85714285714283,421.14285714285717,71.0,977000.0
2023_27,2023,2024-01-20,2024-01-19,127,29.2,2400,3.8041666666666667,-1.4142857142857141,9.885714285714286,112.06547619047618,0.0,548.2857142857143,547.0119047619048,0.14285714285714285,820.5714285714286,12.947619047619048,8.371428571428572,23.599999999999998,87.80059523809523,70.55714285714285,97.05714285714285,358.14285714285717,288.14285714285717,429.0,37.0,396000.0
2023_27,2023,2024-01-22,2024-01-21,129,29.2,2400,4.929166666666666,1.2714285714285718,8.942857142857143,109.83928571428571,0.0,548.8571428571429,380.39285714285717,0.0,600.0,12.423809523809524,8.914285714285715,19.957142857142856,91.41428571428571,79.32857142857144,98.01428571428572,369.88095238095235,300.2857142857143,443.85714285714283,63.0,812500.0
2023_27,2023,2024-01-25,2024-01-24,132,29.2,2400,2.5708333333333337,0.5000000000000006,4.685714285714285,107.73809523809523,0.0,504.57142857142856,313.0,0.0,454.0,10.866071428571429,8.685714285714285,15.342857142857143,92.25714285714285,81.72857142857143,97.17142857142858,350.00595238095235,275.7142857142857,419.14285714285717,77.0,1114500.0
2023_27,2023,2024-01-27,2024-01-26,134,29.2,2400,-0.15714285714285708,-3.271428571428571,3.0,103.94642857142857,0.0,471.85714285714283,505.01785714285717,0.2857142857142857,716.5714285714286,11.178571428571429,7.971428571428571,19.285714285714285,88.24940476190477,72.2,96.48571428571428,323.1607142857143,253.28571428571428,387.85714285714283,77.0,1099000.0
2023_27,2023,2024-01-29,2024-01-28,136,29.2,2400,-1.7464285714285714,-5.5857142857142845,2.5285714285714285,103.40476190476191,0.0,508.7142857142857,698.3809523809524,0.5714285714285714,957.2857142857143,11.605357142857143,7.471428571428571,21.771428571428572,85.35416666666666,63.32857142857143,96.25714285714285,306.125,238.85714285714286,360.7142857142857,55.0,867000.0
2023_27,2023,2024-01-30,2024-01-29,137,29.2,2400,-1.599404761904762,-5.728571428571428,3.057142857142857,103.55952380952381,0.0,498.42857142857144,771.7916666666667,0.7142857142857143,1039.0,12.16547619047619,7.471428571428571,23.271428571428572,84.43571428571428,60.4,96.04285714285713,310.88095238095235,244.14285714285714,368.57142857142856,63.0,943500.0
2023_27,2023,2024-01-31,2024-01-30,138,29.2,2400,-0.5523809523809523,-5.814285714285714,5.314285714285715,107.47619047619047,0.0,510.57142857142856,818.595238095238,0.8571428571428571,1111.0,12.8125,7.542857142857143,25.342857142857145,83.95357142857142,56.371428571428574,96.62857142857145,318.4642857142857,256.42857142857144,377.7142857142857,49.0,700000.0
2023_27,2023,2024-02-01,2024-01-31,139,29.2,2400,1.182142857142857,-4.2142857142857135,7.785714285714286,94.92261904761904,0.0,469.42857142857144,843.0595238095239,0.8571428571428571,1145.0,13.814285714285715,8.042857142857143,27.185714285714283,83.80357142857143,54.128571428571426,97.38571428571429,329.9761904761905,267.42857142857144,395.85714285714283,59.0,1004000.0
2023_27,2023,2024-02-02,2024-02-01,140,29.2,2400,2.357142857142857,-2.6428571428571423,8.728571428571428,79.18452380952381,0.0,407.57142857142856,801.5059523809523,0.7142857142857143,1115.857142857143,13.9625,8.5,26.171428571428574,85.46666666666667,57.75714285714286,97.75714285714285,347.0476190476191,281.85714285714283,416.7142857142857,63.0,1012500.0
2023_27,2023,2024-02-03,2024-02-02,141,29.2,2400,3.219047619047619,-1.6571428571428564,9.285714285714286,85.22023809523809,0.0,436.2857142857143,738.327380952381,0.5714285714285714,1063.5714285714287,14.14047619047619,8.757142857142858,25.357142857142854,86.5345238095238,58.92857142857143,98.02857142857144,355.35714285714283,283.14285714285717,430.7142857142857,76.0,1202000.0
2023_27,2023,2024-02-05,2024-02-04,143,29.2,2400,4.829166666666667,0.25714285714285784,10.62857142857143,82.27380952380952,0.0,399.42857142857144,617.5178571428571,0.5714285714285714,945.1428571428571,14.303571428571429,9.428571428571429,24.514285714285712,88.8845238095238,65.45714285714286,98.39999999999999,374.92857142857144,292.57142857142856,456.2857142857143,97.0,1518500.0
2023_27,2023,2024-02-06,2024-02-05,144,29.2,2400,5.885119047619048,1.871428571428572,10.814285714285713,85.76785714285714,0.0,428.42857142857144,534.7916666666667,0.42857142857142855,861.5714285714286,14.032738095238097,9.771428571428572,23.114285714285717,90.5684523809524,70.0,98.64285714285714,376.41666666666663,292.2857142857143,457.2857142857143,110.0,1937500.0
2023_27,2023,2024-02-07,2024-02-06,145,29.2,2400,6.216666666666668,3.285714285714286,10.014285714285716,81.39285714285714,0.0,417.7142857142857,449.3988095238095,0.2857142857142857,744.8571428571429,13.841666666666667,9.985714285714286,22.042857142857144,91.77142857142857,74.42857142857143,98.61428571428571,377.1309523809524,288.85714285714283,457.42857142857144,89.0,1649500.0
2023_27,2023,2024-02-08,2024-02-07,146,29.2,2400,5.324404761904762,2.328571428571429,8.614285714285714,91.10119047619048,0.0,476.2857142857143,445.30952380952385,0.7142857142857143,792.5714285714286,13.4625,9.485714285714286,21.785714285714285,91.33214285714284,74.34285714285714,98.62857142857142,367.952380952381,282.85714285714283,443.85714285714283,56.0,1026000.0
2023_27,2023,2024-02-09,2024-02-08,147,29.2,2400,4.4297619047619055,0.9142857142857148,8.385714285714286,110.97023809523809,0.0,569.1428571428571,514.2678571428571,1.1428571428571428,840.2857142857143,13.413690476190478,9.028571428571428,22.657142857142855,89.97738095238094,70.75714285714285,98.52857142857144,354.85714285714283,271.57142857142856,430.0,138.0,2150500.0
2023_27,2023,2024-02-13,2024-02-12,151,29.2,2400,1.7650362318840582,-3.4285714285714275,8.357142857142858,117.75905797101449,0.0,597.5714285714286,816.3297101449274,2.2857142857142856,1185.0,13.560093167701863,7.757142857142858,25.442857142857143,85.17148033126296,56.75714285714286,98.25714285714287,332.8442028985507,268.42857142857144,399.14285714285717,173.0,2240000.0
2023_27,2023,2024-02-14,2024-02-13,152,29.2,2400,2.2055124223602487,-4.057142857142857,10.042857142857144,129.0090579710145,0.0,618.5714285714286,927.305900621118,2.857142857142857,1329.7142857142858,13.999974120082815,7.685714285714285,26.514285714285712,83.79945652173913,51.92857142857144,98.38571428571429,333.8084886128364,271.0,404.0,187.0,1445500.0
2023_27,2023,2024-02-15,2024-02-14,153,29.2,2400,3.70194099378882,-2.6428571428571423,11.928571428571429,137.89001035196685,0.0,618.0,919.9725672877847,2.4285714285714284,1331.5714285714287,14.355331262939957,8.0,26.52857142857143,85.15898033126294,54.357142857142854,98.55714285714286,343.48706004140786,275.0,418.14285714285717,102.0,1185000.0
2023_27,2023,2024-02-16,2024-02-15,154,29.2,2400,4.578131469979296,-1.7571428571428565,12.585714285714287,119.19358178053831,0.0,527.1428571428571,825.71066252588,2.142857142857143,1223.142857142857,14.129140786749483,8.071428571428571,25.12857142857143,86.84350414078675,58.285714285714285,98.7,351.03467908902695,276.2857142857143,433.14285714285717,71.0,697500.0
2023_27,2023,2024-02-17,2024-02-16,155,29.2,2400,4.8424171842650106,-1.6428571428571421,13.171428571428573,120.76501035196686,0.0,512.2857142857143,789.305900621118,2.142857142857143,1239.142857142857,14.264259834368529,8.071428571428571,25.414285714285715,86.65362318840582,57.5,98.71428571428571,350.5406314699793,277.57142857142856,430.7142857142857,62.0,527000.0
2023_27,2023,2024-02-19,2024-02-18,157,29.2,2400,6.7875000000000005,-0.44285714285714217,14.871428571428572,132.51785714285714,0.0,513.1428571428571,781.9761904761906,2.142857142857143,1318.7142857142858,14.458333333333332,8.142857142857142,24.74285714285714,87.68690476190477,60.771428571428565,98.85714285714286,355.01785714285717,287.14285714285717,431.42857142857144,138.0,688500.0
2023_27,2023,2024-02-22,2024-02-21,160,29.2,2400,7.317857142857142,1.8000000000000007,12.614285714285714,159.85119047619045,0.0,610.1428571428571,452.2142857142857,1.4285714285714286,805.4285714285714,13.210119047619047,8.77142857142857,19.7,92.81369047619047,78.87142857142855,99.27142857142857,359.1607142857143,300.7142857142857,427.14285714285717,49.0,435000.0
2023_27,2023,2024-02-26,2024-02-25,164,29.2,2400,6.705357142857143,4.514285714285715,8.928571428571429,181.64285714285714,0.0,739.8571428571429,231.05357142857142,1.4285714285714286,341.57142857142856,12.132738095238096,9.4,17.599999999999998,96.72857142857143,87.81428571428572,99.5,340.75595238095235,270.85714285714283,410.85714285714283,55.0,636500.0
2023_27,2023,2024-02-29,2024-02-28,167,29.2,2400,5.371428571428572,1.814285714285715,9.571428571428571,173.875,0.0,735.7142857142857,614.2261904761905,5.285714285714286,936.5714285714286,13.292261904761904,8.4,23.1,90.15654761904761,65.58571428571429,99.0142857142857,329.0476190476191,254.57142857142858,402.85714285714283,69.0,563000.0
2023_27,2023,2024-03-04,2024-03-03,171,29.2,2400,3.835714285714286,-1.7428571428571422,9.5,110.55952380952382,0.0,574.8571428571429,956.7261904761905,4.142857142857143,1614.0,14.270833333333332,7.742857142857142,25.628571428571426,84.76785714285714,52.957142857142856,98.44285714285714,341.9107142857143,280.0,409.57142857142856,73.0,589000.0
2023_27,2023,2024-03-06,2024-03-05,173,29.2,2400,4.3880952380952385,-0.785714285714285,9.428571428571429,71.28632478632478,0.0,462.0,847.9940476190476,1.4285714285714286,1471.0,13.69107142857143,8.057142857142855,23.214285714285715,87.57321428571429,61.028571428571425,98.77142857142857,352.91666666666663,290.85714285714283,421.14285714285717,65.0,595000.0
2023_27,2023,2024-03-09,2024-03-08,176,29.2,2400,4.630952380952381,-0.8571428571428564,10.157142857142858,53.739316239316246,0.0,363.0,907.7380952380952,0.0,1465.0,14.407738095238097,8.114285714285714,24.942857142857143,86.11011904761905,55.7,98.64285714285714,345.36309523809524,280.14285714285717,418.14285714285717,119.0,1144500.0
2023_27,2023,2024-04-04,2024-04-03,202,29.2,2400,12.554270186335403,6.628571428571429,19.32857142857143,226.5972222222222,0.0,913.6666666666666,852.8835403726707,2.4285714285714284,1618.4285714285713,16.905745341614907,10.571428571428571,25.04285714285714,86.45540890269152,57.74285714285715,98.91428571428571,376.33876811594206,301.0,463.42857142857144,174.0,1369000.0
2023_27,2023,2024-04-05,2024-04-04,203,29.2,2400,13.04296066252588,6.971428571428571,19.97142857142857,219.36458333333331,0.0,910.5,822.0680641821946,2.5714285714285716,1479.5714285714287,17.50753105590062,10.885714285714286,26.099999999999998,86.17326604554866,56.58571428571429,98.97142857142856,377.4042443064182,293.85714285714283,471.7142857142857,114.0,653500.0
2023_27,2023,2024-04-06,2024-04-05,204,29.2,2400,13.45995670995671,7.4142857142857155,20.32857142857143,192.5189393939394,0.0,810.8,899.142316017316,2.5714285714285716,1656.4285714285713,17.93457792207792,11.328571428571427,26.12857142857143,85.06617965367965,55.314285714285724,98.92857142857143,383.10497835497836,294.57142857142856,487.14285714285717,97.0,692000.0
2023_27,2023,2024-04-08,2024-04-07,206,29.2,2400,13.612337662337662,7.828571428571428,20.7,214.53733766233765,0.0,831.0,925.9577922077922,2.857142857142857,1682.857142857143,17.97267316017316,11.457142857142857,26.3,85.21201298701298,56.51428571428572,98.72857142857143,386.8133116883117,293.2857142857143,497.85714285714283,206.0,1034000.0
2023_27,2023,2024-04-09,2024-04-08,207,29.2,2400,14.00698051948052,8.585714285714285,20.585714285714285,221.74567099567096,0.0,829.0,888.0827922077923,3.2857142857142856,1644.142857142857,18.117911255411254,11.728571428571428,26.099999999999998,86.60546536796537,58.957142857142856,98.74285714285713,389.51569264069263,291.57142857142856,502.14285714285717,218.0,1194000.0
2023_27,2023,2024-04-10,2024-04-09,208,29.2,2400,14.16650432900433,8.614285714285716,20.599999999999998,220.8349567099567,0.0,840.0,891.0768398268399,3.857142857142857,1619.857142857143,18.323268398268397,11.742857142857142,26.37142857142857,85.90963203463204,58.72857142857142,98.77142857142859,391.599025974026,293.0,502.85714285714283,96.0,448000.0
2023_27,2023,2024-04-11,2024-04-10,209,29.2,2400,14.189123376623376,7.871428571428573,21.514285714285712,217.22186147186144,0.0,798.7142857142857,1035.2851731601731,3.857142857142857,1753.142857142857,18.577435064935067,11.085714285714285,27.242857142857144,83.09891774891774,51.771428571428565,98.6857142857143,389.57521645021643,292.85714285714283,504.0,119.0,546500.0
2023_27,2023,2024-04-12,2024-04-11,210,29.2,2400,14.221266233766235,7.628571428571429,21.82857142857143,227.4301948051948,0.0,809.8571428571429,1143.017316017316,3.7142857142857144,1999.4285714285713,18.645292207792206,10.799999999999999,27.771428571428572,81.64296536796537,47.72857142857142,98.60000000000001,386.7180735930736,291.14285714285717,504.57142857142856,107.0,453500.0
2023_27,2023,2024-04-13,2024-04-12,211,29.2,2400,14.49702380952381,7.342857142857143,22.7,227.08333333333331,0.0,812.2857142857143,1175.1369047619048,3.2857142857142856,2006.857142857143,18.816666666666666,10.599999999999998,28.385714285714283,80.7,47.18571428571429,98.37142857142855,384.57142857142856,291.2857142857143,503.57142857142856,131.0,585000.0
2023_27,2023,2024-04-15,2024-04-14,213,29.2,2400,15.798214285714286,8.142857142857142,23.671428571428574,192.57142857142858,0.0,789.8571428571429,1277.642857142857,2.0,2106.1428571428573,19.515476190476193,11.057142857142859,29.12857142857143,79.01011904761904,45.699999999999996,98.47142857142856,387.73214285714283,293.42857142857144,523.0,142.0,391500.0
2023_27,2023,2024-04-16,2024-04-15,214,29.2,2400,16.1,8.942857142857143,23.300000000000004,195.58333333333334,0.0,807.8571428571429,1234.3809523809523,1.0,2109.8571428571427,19.76845238095238,11.942857142857141,28.985714285714288,80.09880952380952,48.44285714285714,98.31428571428572,384.76785714285717,293.14285714285717,513.8571428571429,139.0,458000.0
2023_27,2023,2024-04-17,2024-04-16,215,29.2,2400,16.201190476190476,9.571428571428571,23.1,199.30357142857142,0.0,808.0,1176.4404761904764,0.0,2058.714285714286,19.870238095238097,12.3,28.900000000000002,80.58988095238094,49.48571428571429,98.32857142857142,385.2023809523809,292.7142857142857,516.4285714285714,84.0,305000.0
2023_27,2023,2024-04-18,2024-04-17,216,29.2,2400,16.154761904761905,9.6,23.228571428571428,206.96428571428572,0.0,832.0,1140.404761904762,0.0,2004.2857142857142,19.886309523809523,12.414285714285715,28.985714285714288,80.99047619047619,49.857142857142854,98.15714285714284,386.64285714285717,290.14285714285717,523.2857142857143,84.0,310000.0
2023_27,2023,2024-04-19,2024-04-18,217,29.2,2400,16.295833333333334,9.1,24.02857142857143,204.16071428571428,0.0,807.2857142857143,1206.8690476190477,0.0,2031.5714285714287,19.964880952380952,12.114285714285716,29.114285714285717,79.55238095238096,47.65714285714286,98.04285714285713,386.69642857142856,293.57142857142856,522.7142857142857,81.0,241500.0
2023_27,2023,2024-04-20,2024-04-19,218,29.2,2400,16.383333333333333,8.942857142857143,24.157142857142855,223.60714285714286,0.0,881.5714285714286,1265.9166666666667,0.0,2072.8571428571427,19.957142857142856,12.0,28.900000000000002,78.95654761904761,47.114285714285714,98.04285714285716,386.2857142857143,292.85714285714283,520.5714285714286,86.0,210000.0
2023_27,2023,2024-04-22,2024-04-21,220,29.2,2400,15.81845238095238,10.3,21.67142857142857,240.39880952380955,0.0,967.0,971.1607142857143,0.0,1790.0,19.42142857142857,13.27142857142857,27.128571428571426,84.78869047619047,60.114285714285714,98.08571428571429,403.35714285714283,300.2857142857143,527.8571428571429,110.0,290000.0
2023_27,2023,2024-04-23,2024-04-22,221,29.2,2400,15.708928571428572,10.528571428571428,21.685714285714287,206.89285714285717,0.0,875.1428571428571,922.6904761904763,0.0,1610.5714285714287,19.407738095238095,13.257142857142858,27.171428571428574,84.66488095238095,59.65714285714286,98.3,411.3392857142857,300.85714285714283,552.0,60.0,140000.0
2023_27,2023,2024-04-24,2024-04-23,222,29.2,2400,15.69404761904762,10.385714285714286,21.457142857142856,188.1547619047619,0.0,797.2857142857143,923.7083333333333,0.0,1558.857142857143,19.270833333333332,13.142857142857142,26.928571428571427,84.71964285714286,59.142857142857146,98.3142857142857,412.077380952381,300.14285714285717,550.7142857142857,65.0,191500.0
2023_27,2023,2024-04-25,2024-04-24,223,29.2,2400,15.625,10.357142857142858,20.7,189.58928571428572,0.0,801.4285714285714,894.9047619047618,0.0,1539.4285714285713,19.164285714285715,13.214285714285714,26.885714285714283,84.91309523809524,59.9,98.34285714285716,412.7857142857143,300.2857142857143,558.4285714285714,62.0,202000.0
2023_27,2023,2024-04-26,2024-04-25,224,29.2,2400,15.511309523809524,10.22857142857143,20.885714285714283,195.08928571428572,0.0,822.7142857142857,898.5357142857143,0.0,1561.142857142857,19.152380952380952,13.128571428571428,26.985714285714288,84.82916666666667,60.18571428571429,98.05714285714285,408.89285714285717,298.85714285714283,551.4285714285714,75.0,287000.0
2023_27,2023,2024-04-27,2024-04-26,225,29.2,2400,15.405357142857143,10.728571428571428,20.514285714285712,207.26190476190476,0.0,818.8571428571429,856.6071428571429,0.0,1582.857142857143,19.027380952380952,13.428571428571429,26.857142857142858,85.78869047619048,62.228571428571435,97.91428571428571,409.48809523809524,299.2857142857143,555.2857142857143,93.0,280000.0
2023_27,2023,2024-04-29,2024-04-28,227,29.2,2400,16.00654761904762,9.428571428571429,23.7,226.75595238095235,0.0,762.8571428571429,1161.8988095238096,0.0,1914.857142857143,19.53452380952381,12.028571428571428,28.842857142857145,83.3654761904762,57.94285714285714,97.67142857142856,387.5773809523809,291.7142857142857,532.8571428571429,92.0,125000.0
2023_27,2023,2024-04-30,2024-04-29,228,29.2,2400,16.054591836734694,9.342857142857143,23.642857142857142,269.69472789115645,0.0,848.5714285714286,1187.3180272108843,0.2857142857142857,2121.0,19.415731292517005,12.0,28.385714285714283,84.11692176870748,61.557142857142864,97.5,380.6853741496599,291.42857142857144,522.8571428571429,103.0,202500.0
2023_27,2023,2024-05-01,2024-04-30,229,29.2,2400,16.336139455782313,9.828571428571431,23.857142857142858,296.7721088435374,0.0,924.0,1191.0620748299318,0.2857142857142857,2176.285714285714,19.622278911564624,12.571428571428571,28.585714285714285,85.09727891156463,65.51428571428572,97.44285714285715,375.7210884353741,292.0,519.2857142857143,52.0,107000.0
2023_27,2023,2024-05-02,2024-05-01,230,29.2,2400,16.405187074829932,10.357142857142858,23.97142857142857,272.7721088435374,0.0,906.4285714285714,1146.6573129251701,0.2857142857142857,2186.285714285714,19.565731292517007,12.87142857142857,27.928571428571427,86.83537414965987,69.94285714285715,97.5142857142857,375.7746598639456,293.42857142857144,512.7142857142857,55.0,110500.0
2023_27,2023,2024-05-03,2024-05-02,231,29.2,2400,16.581972789115646,10.842857142857143,23.857142857142858,276.05187074829934,0.0,903.7142857142857,1082.294217687075,0.2857142857142857,2114.0,19.516326530612243,13.114285714285714,27.828571428571426,88.77823129251702,74.12857142857142,97.81428571428572,375.9056122448979,293.57142857142856,514.7142857142857,51.0,107000.0
2023_27,2023,2024-05-04,2024-05-03,232,29.2,2400,16.73613945578231,10.714285714285714,24.41428571428571,243.58758503401359,0.0,852.2857142857143,1120.6811224489795,0.2857142857142857,2114.4285714285716,19.7312074829932,12.942857142857145,28.157142857142855,88.19846938775511,71.65714285714286,98.04285714285713,374.6318027210885,293.57142857142856,510.85714285714283,45.0,93000.0
2023_29,2023,2023-11-30,2023-11-29,76,30.0,700,5.461904761904762,0.8142857142857142,10.37142857142857,84.01190476190474,0.0,447.0,639.297619047619,2.5714285714285716,1051.7142857142858,14.905952380952382,10.485714285714286,23.342857142857145,91.14226190476191,68.82857142857144,99.18571428571428,461.31547619047615,233.85714285714286,666.2857142857143,5619.0,71678000.0
2023_29,2023,2023-12-30,2023-12-29,106,30.0,700,0.3702380952380952,-4.214285714285714,6.628571428571429,89.68452380952381,0.0,420.2857142857143,608.1547619047618,0.14285714285714285,858.1428571428571,14.539880952380953,9.542857142857143,24.6,89.15773809523809,71.45714285714286,96.1857142857143,403.4642857142857,177.14285714285714,612.4285714285714,2167.5,22596642.67
2023_29,2023,2024-01-30,2024-01-29,137,30.0,700,-1.8501811594202897,-5.857142857142857,2.5714285714285716,108.56728778467907,0.0,536.5714285714286,668.9215838509317,0.5714285714285714,991.8571428571429,14.035714285714286,9.257142857142856,22.942857142857147,85.53555900621119,62.95714285714286,93.97142857142856,418.6027432712216,213.28571428571428,613.7142857142857,1190.0,8458496.2
2023_29,2023,2024-03-30,2024-03-29,197,30.0,700,11.026785714285714,7.257142857142858,14.985714285714284,95.04761904761904,0.0,459.85714285714283,628.7380952380953,0.5714285714285714,1209.5714285714287,16.620833333333334,13.085714285714285,22.04285714285714,92.26904761904761,77.12857142857142,98.29999999999998,433.08333333333337,279.7142857142857,582.5714285714286,1170.0,1439100.0
2023_3,2023,2023-10-22,2023-10-21,48,31.0,2200,12.512500000000001,5.328571428571429,20.728571428571428,153.3988095238095,0.0,611.1428571428571,602.207738095238,0.0,1296.8285714285714,15.348809523809523,8.542857142857143,25.37142857142857,76.98690476190475,44.48571428571428,96.85714285714286,607.2083333333333,519.8571428571429,742.2857142857143,40.0,1250000.0
2023_3,2023,2023-10-23,2023-10-22,49,31.0,2200,11.720833333333333,3.6999999999999997,20.285714285714285,154.24404761904762,0.0,610.4285714285714,609.4119047619048,0.0,1297.6714285714284,15.282738095238093,8.3,25.371428571428574,76.46249999999999,42.728571428571435,96.60000000000001,623.7559523809523,516.2857142857143,780.2857142857143,40.0,1295000.0
2023_3,2023,2023-10-24,2023-10-23,50,31.0,2200,11.597023809523808,3.7142857142857144,20.41428571428571,146.0595238095238,0.0,601.1428571428571,580.0803571428571,0.0,1228.5571428571427,15.40952380952381,8.614285714285716,25.714285714285715,78.02619047619048,43.92857142857143,96.48571428571428,636.75,516.2857142857143,798.8571428571429,32.0,1045000.0
2023_3,2023,2023-10-25,2023-10-24,51,31.0,2200,11.689285714285715,4.285714285714286,19.828571428571426,129.26190476190476,0.0,547.4285714285714,516.3880952380953,0.0,1086.7857142857142,15.707738095238096,9.357142857142858,25.37142857142857,80.79583333333333,49.814285714285724,97.17142857142856,642.3809523809524,517.1428571428571,811.8571428571429,30.0,975000.0
2023_3,2023,2023-10-26,2023-10-25,52,31.0,2200,11.872619047619049,4.885714285714286,19.857142857142858,124.16666666666666,0.0,539.4285714285714,497.2779761904762,0.0,1053.1571428571428,15.929166666666665,10.028571428571428,25.38571428571429,82.37559523809524,51.371428571428574,97.91428571428573,645.5178571428571,516.4285714285714,811.7142857142857,35.0,1150000.0
2023_3,2023,2023-10-27,2023-10-26,53,31.0,2200,12.219642857142857,4.971428571428571,20.657142857142855,136.50595238095238,0.0,593.1428571428571,547.2071428571428,0.0,1165.9428571428573,16.407142857142855,10.299999999999999,26.071428571428573,81.41904761904762,47.957142857142856,97.87142857142855,648.702380952381,515.4285714285714,821.1428571428571,37.0,1215000.0
2023_3,2023,2023-10-28,2023-10-27,54,31.0,2200,12.444047619047618,5.557142857142858,21.099999999999998,124.19047619047619,0.0,570.0,496.4035714285714,0.0,1058.8857142857144,16.72797619047619,10.314285714285715,26.942857142857143,84.83630952380952,50.857142857142854,97.88571428571429,647.4761904761905,515.2857142857143,822.4285714285714,74.0,2037000.0
2023_3,2023,2023-10-29,2023-10-28,55,31.0,2200,12.936309523809525,6.242857142857143,21.428571428571427,120.73809523809526,0.0,562.4285714285714,489.32619047619045,0.0,1042.6571428571428,16.848214285714285,10.142857142857142,27.485714285714288,85.33392857142857,50.89999999999999,97.92857142857143,646.8511904761906,516.5714285714286,814.7142857142857,45.0,1490000.0
2023_3,2023,2023-10-30,2023-10-29,56,31.0,2200,13.223809523809525,6.6000000000000005,22.042857142857144,122.73809523809523,0.0,556.8571428571429,496.2309523809524,0.0,1066.9142857142856,16.701190476190476,9.6,27.54285714285714,84.97797619047618,50.8,97.57142857142857,642.8571428571429,520.5714285714286,797.4285714285714,36.0,1175000.0
2023_3,2023,2023-10-31,2023-10-30,57,31.0,2200,13.010714285714286,6.314285714285715,22.285714285714285,125.35119047619047,0.0,553.7142857142857,511.4184523809523,0.0,1103.757142857143,16.510714285714283,9.299999999999999,27.599999999999998,84.39761904761905,50.728571428571435,97.45714285714287,643.2261904761905,522.0,800.8571428571429,35.0,1140000.0
2023_3,2023,2023-11-01,2023-10-31,58,31.0,2200,12.946428571428571,6.171428571428572,22.685714285714287,131.48214285714286,0.0,596.0,529.4988095238094,0.0,1155.5714285714287,16.32261904761905,9.085714285714287,27.857142857142858,83.64999999999999,47.84285714285714,97.41428571428571,646.4166666666667,524.0,801.4285714285714,42.0,495000.0
2023_3,2023,2023-11-05,2023-11-04,62,31.0,2200,15.479761904761904,8.814285714285715,23.714285714285715,119.52976190476191,0.0,509.14285714285717,479.10238095238094,0.0,1030.8285714285714,17.388690476190476,10.471428571428572,27.61428571428571,84.39761904761905,54.214285714285715,97.61428571428571,620.1488095238095,522.5714285714286,758.5714285714286,39.0,669000.0
2023_3,2023,2023-11-06,2023-11-05,63,31.0,2200,16.43690476190476,10.442857142857141,23.685714285714283,108.01785714285714,0.0,477.0,435.4059523809524,0.0,935.1428571428571,17.97738095238095,11.742857142857142,27.442857142857143,86.04761904761904,57.58571428571429,98.12857142857142,614.9761904761906,521.2857142857143,755.4285714285714,43.0,741000.0
2023_3,2023,2023-11-07,2023-11-06,64,31.0,2200,17.04345238095238,10.900000000000002,23.157142857142862,99.82738095238095,0.0,480.2857142857143,395.8559523809524,0.0,854.0,18.480357142857144,12.742857142857144,27.314285714285713,87.32976190476191,59.142857142857146,98.7,596.5833333333333,511.42857142857144,726.2857142857143,47.0,813000.0
2023_3,2023,2023-11-08,2023-11-07,65,31.0,2200,16.416071428571428,10.271428571428572,21.628571428571426,106.64285714285714,0.0,482.2857142857143,426.4541666666667,0.0,912.4142857142857,18.71309523809524,12.957142857142856,27.1,86.86011904761905,58.68571428571429,98.84285714285714,581.2619047619047,497.57142857142856,710.8571428571429,83.0,1203000.0
2023_3,2023,2023-11-09,2023-11-08,66,31.0,2200,15.117261904761905,8.714285714285714,21.38571428571429,119.6547619047619,0.0,535.0,473.87976190476195,0.0,1010.5714285714286,18.301190476190477,12.657142857142858,26.900000000000002,85.89761904761905,54.39999999999999,98.97142857142856,584.6607142857143,484.7142857142857,717.0,35.0,585000.0
2023_3,2023,2023-11-10,2023-11-09,67,31.0,2200,13.809523809523808,7.0,20.357142857142858,113.83928571428571,0.0,530.4285714285714,451.2392857142857,0.0,954.5285714285716,17.836904761904762,12.257142857142858,26.114285714285717,87.00714285714285,55.91428571428571,99.01428571428572,605.3154761904761,480.14285714285717,760.4285714285714,52.0,903000.0
2023_3,2023,2023-11-11,2023-11-10,68,31.0,2200,12.09047619047619,5.242857142857143,18.728571428571428,117.85119047619047,0.0,533.2857142857143,466.8726190476191,0.0,994.5714285714286,17.48690476190476,12.071428571428571,26.12857142857143,87.44880952380952,55.528571428571425,99.22857142857143,619.6071428571429,470.7142857142857,793.8571428571429,52.0,660000.0
2023_3,2023,2023-11-12,2023-11-11,69,31.0,2200,9.74404761904762,2.7714285714285714,17.014285714285712,126.0,0.0,557.0,499.1892857142857,0.0,1064.0714285714287,16.90595238095238,11.257142857142856,26.6,87.02678571428571,53.75714285714286,99.3,624.6011904761905,441.2857142857143,809.5714285714286,64.0,1107000.0
2023_3,2023,2023-11-13,2023-11-12,70,31.0,2200,7.249404761904763,0.0999999999999999,14.828571428571427,134.38690476190476,0.0,590.5714285714286,523.2791666666666,0.0,1118.6714285714286,16.317857142857143,10.285714285714286,26.928571428571427,87.15595238095239,54.271428571428565,99.41428571428573,621.9642857142857,415.0,819.4285714285714,63.0,1080000.0
2023_3,2023,2023-11-14,2023-11-13,71,31.0,2200,5.114285714285715,-1.8000000000000003,13.528571428571428,143.85119047619048,0.0,584.7142857142857,567.1202380952382,0.0,1208.142857142857,15.820238095238096,9.385714285714286,27.185714285714287,87.16309523809524,54.957142857142856,99.47142857142856,626.077380952381,399.85714285714283,840.7142857142857,60.0,1035000.0
2023_3,2023,2023-11-15,2023-11-14,72,31.0,2200,4.588690476190477,-2.5,13.814285714285715,141.61904761904762,0.0,581.7142857142857,556.6351190476191,0.0,1183.1,15.754761904761905,9.214285714285714,28.257142857142856,88.23928571428571,56.81428571428571,99.71428571428571,630.4404761904761,393.7142857142857,850.4285714285714,79.0,1158000.0
2023_3,2023,2023-11-16,2023-11-15,73,31.0,2200,4.1988095238095235,-2.6571428571428575,12.928571428571429,137.11904761904762,0.0,571.1428571428571,543.122619047619,0.0,1152.0857142857144,15.982738095238096,9.12857142857143,29.514285714285712,89.43035714285715,60.44285714285714,99.82857142857142,625.1309523809524,387.0,846.7142857142857,33.0,546000.0
2023_3,2023,2023-11-17,2023-11-16,74,31.0,2200,3.3720238095238098,-2.757142857142857,11.514285714285716,124.61309523809523,0.0,512.8571428571429,493.7267857142857,0.0,1049.9,15.469642857142858,9.228571428571428,28.357142857142858,90.89999999999999,65.8,99.95714285714287,616.6666666666667,368.14285714285717,839.1428571428571,61.0,1065000.0
2023_3,2023,2023-11-18,2023-11-17,75,31.0,2200,2.8000000000000003,-2.8714285714285714,10.785714285714286,114.75,0.0,510.42857142857144,458.17857142857144,0.0,966.4571428571428,15.089880952380952,9.028571428571428,28.728571428571428,91.83511904761905,68.11428571428571,99.97142857142856,600.2738095238095,345.2857142857143,824.4285714285714,57.0,744000.0
2023_3,2023,2023-11-19,2023-11-18,76,31.0,2200,2.685119047619047,-2.957142857142857,10.357142857142858,120.0059523809524,0.0,528.4285714285714,479.79940476190484,0.0,1012.7857142857143,15.023809523809524,8.814285714285715,28.757142857142856,91.69285714285715,67.77142857142857,99.9857142857143,587.2619047619048,350.2857142857143,799.2857142857143,66.0,1143000.0
2023_3,2023,2023-11-20,2023-11-19,77,31.0,2200,3.4178571428571436,-2.7,10.900000000000002,113.98214285714286,0.0,511.85714285714283,470.45535714285717,0.0,984.5714285714286,15.036309523809523,8.914285714285715,28.357142857142858,92.01845238095237,67.57142857142857,100.0,590.6726190476192,364.0,793.7142857142857,26.0,423000.0
2023_3,2023,2023-11-21,2023-11-20,78,31.0,2200,3.893452380952381,-2.257142857142857,11.5,112.89285714285714,0.0,508.2857142857143,465.57321428571424,0.0,974.4142857142857,15.20952380952381,9.042857142857143,28.928571428571427,92.15654761904761,67.95714285714286,100.0,592.7380952380953,365.2857142857143,792.2857142857143,21.0,348000.0
2023_3,2023,2023-11-22,2023-11-21,79,31.0,2200,3.9910714285714284,-2.3428571428571425,12.4,112.39880952380952,0.0,505.85714285714283,465.14642857142854,0.0,975.0428571428572,15.156547619047618,9.0,29.157142857142862,92.14821428571429,67.68571428571428,100.0,592.4583333333334,362.42857142857144,789.7142857142857,47.0,592500.0
2023_3,2023,2023-11-24,2023-11-23,81,31.0,2200,5.091666666666667,-1.9285714285714288,13.700000000000001,128.21428571428572,0.0,561.4285714285714,525.4660714285714,0.0,1108.9285714285713,15.7,9.071428571428571,30.614285714285717,90.375,60.84285714285714,99.98571428571428,598.3035714285714,372.2857142857143,785.1428571428571,30.0,495000.0
2023_3,2023,2023-11-26,2023-11-25,83,31.0,2200,4.359523809523809,-3.0714285714285716,13.028571428571428,134.6547619047619,0.0,557.7142857142857,553.6678571428571,0.0,1175.4428571428573,15.60654761904762,8.700000000000001,29.942857142857147,89.74761904761905,58.45714285714286,99.9857142857143,596.8154761904763,377.57142857142856,783.7142857142857,27.0,453000.0
2023_3,2023,2023-11-27,2023-11-26,84,31.0,2200,3.948214285714286,-3.3571428571428577,12.514285714285716,134.0595238095238,0.0,541.8571428571429,549.1089285714286,0.0,1165.242857142857,15.527976190476192,8.557142857142859,30.028571428571432,89.84107142857142,59.614285714285714,99.9857142857143,581.9761904761905,355.0,777.0,37.0,636000.0
2023_3,2023,2023-11-28,2023-11-27,85,31.0,2200,4.154166666666667,-2.385714285714286,11.685714285714285,116.47023809523809,0.0,479.14285714285717,478.8220238095238,0.0,1017.9714285714284,15.032142857142857,8.957142857142857,28.214285714285715,91.04404761904763,63.34285714285715,99.9857142857143,574.625,337.85714285714283,771.1428571428571,38.0,633000.0
2023_3,2023,2023-11-29,2023-11-28,86,31.0,2200,3.9732142857142856,-2.128571428571429,9.714285714285714,113.07738095238096,0.0,475.85714285714283,465.9565476190476,0.0,986.7142857142857,14.862499999999999,9.071428571428573,27.185714285714287,91.45357142857144,64.62857142857142,99.9857142857143,554.9464285714286,317.85714285714283,753.5714285714286,70.0,958500.0
2023_3,2023,2023-11-30,2023-11-29,87,31.0,2200,3.2005952380952385,-2.3142857142857145,8.22857142857143,105.41071428571429,0.0,463.7142857142857,437.07499999999993,0.0,916.9571428571428,14.411904761904761,8.914285714285715,26.657142857142855,92.45595238095237,67.4,99.9857142857143,546.0297619047618,304.57142857142856,739.4285714285714,30.0,495000.0
2023_3,2023,2023-12-01,2023-11-30,88,31.0,2200,1.155357142857143,-3.9285714285714293,6.042857142857143,107.51785714285714,0.0,467.57142857142856,445.01130952380953,0.0,935.8714285714286,13.810119047619049,8.014285714285714,26.24285714285714,92.46726190476191,67.82857142857144,100.0,528.6547619047619,285.14285714285717,718.1428571428571,29.0,471000.0
2023_3,2023,2023-12-02,2023-12-01,89,31.0,2200,0.5666666666666668,-4.614285714285715,5.985714285714286,106.75595238095238,0.0,464.57142857142856,441.1267857142857,0.0,928.8571428571429,13.570833333333335,7.842857142857143,26.32857142857143,92.4720238095238,67.85714285714286,99.98571428571428,526.3452380952382,278.42857142857144,725.5714285714286,43.0,582000.0
2023_3,2023,2023-12-03,2023-12-02,90,31.0,2200,0.8434523809523811,-4.500000000000001,6.157142857142857,95.99404761904762,0.0,452.57142857142856,400.56666666666666,0.0,845.4,13.357738095238096,8.0,25.9,92.95892857142857,68.01428571428572,99.98571428571428,541.9107142857143,282.42857142857144,750.0,35.0,545000.0
2023_3,2023,2023-12-04,2023-12-03,91,31.0,2200,0.6654761904761906,-4.585714285714286,6.457142857142857,102.2797619047619,0.0,471.42857142857144,419.5511904761905,0.0,892.8142857142857,13.200595238095238,7.728571428571429,25.97142857142857,92.59285714285716,66.72857142857143,99.98571428571428,561.8214285714286,290.57142857142856,843.7142857142857,26.0,419000.0
2023_3,2023,2023-12-05,2023-12-04,92,31.0,2200,-0.1732142857142856,-6.228571428571429,6.814285714285715,117.28571428571429,0.0,528.8571428571429,479.6208333333334,0.0,1019.1000000000001,13.28154761904762,6.971428571428571,27.2,91.42440476190477,62.471428571428575,99.98571428571428,572.6845238095239,307.0,867.5714285714286,36.0,629000.0
2023_3,2023,2023-12-06,2023-12-05,93,31.0,2200,-0.5190476190476189,-6.642857142857143,7.742857142857143,112.83333333333334,0.0,518.1428571428571,462.1196428571429,0.0,986.5428571428571,13.0375,6.657142857142857,27.171428571428574,91.62023809523808,63.314285714285724,99.98571428571428,581.3988095238095,309.2857142857143,887.5714285714286,52.0,778000.0
2023_3,2023,2023-12-07,2023-12-06,94,31.0,2200,-0.007142857142857054,-6.528571428571429,8.542857142857143,106.83333333333334,0.0,484.2857142857143,438.375,0.0,940.9571428571428,12.985714285714286,6.6571428571428575,26.87142857142857,91.9,64.42857142857143,99.98571428571428,580.5416666666667,306.14285714285717,898.5714285714286,31.0,539000.0
2023_3,2023,2023-12-08,2023-12-07,95,31.0,2200,1.155357142857143,-5.771428571428571,9.942857142857145,104.26785714285714,0.0,478.0,427.60416666666663,0.0,918.6428571428571,13.11904761904762,6.871428571428572,26.714285714285715,92.03690476190476,63.84285714285715,99.98571428571428,582.8928571428571,316.0,900.1428571428571,32.0,558000.0
2023_3,2023,2023-12-09,2023-12-08,96,31.0,2200,2.8095238095238093,-4.828571428571429,12.014285714285714,101.25595238095238,0.0,471.57142857142856,414.81130952380954,0.0,890.5285714285714,13.346428571428572,6.914285714285714,26.785714285714285,92.07738095238095,63.24285714285714,100.0,588.4404761904761,320.57142857142856,896.1428571428571,47.0,683000.0
2023_3,2023,2023-12-10,2023-12-09,97,31.0,2200,4.628571428571428,-2.885714285714286,13.742857142857144,105.26785714285714,0.0,472.7142857142857,429.3142857142857,0.0,919.8285714285713,13.885119047619048,7.1571428571428575,27.157142857142862,91.75892857142857,63.314285714285724,100.0,583.8928571428571,331.57142857142856,869.4285714285714,45.0,735000.0
2023_3,2023,2024-01-04,2024-01-03,122,31.0,2200,2.3208333333333333,-0.4,7.366666666666667,52.30555555555555,0.0,344.0,200.46388888888887,0.0,528.0666666666666,14.241666666666667,9.700000000000001,25.833333333333332,93.95,74.16666666666667,100.0,598.9583333333334,283.6666666666667,988.0,149.0,2013000.0
2023_3,2023,2024-01-05,2024-01-04,123,31.0,2200,1.76875,-1.75,7.375,71.86458333333333,0.0,395.0,275.26458333333335,0.0,664.125,14.679166666666667,9.7,26.875,92.69062500000001,72.025,100.0,648.1354166666666,291.25,1207.25,104.0,1434000.0
2023_3,2023,2024-01-06,2024-01-05,124,31.0,2200,2.0966666666666667,-1.56,7.659999999999999,70.18333333333332,0.0,403.0,274.75166666666667,0.0,745.76,14.403333333333332,9.42,26.98,93.15083333333334,72.42,100.0,624.5833333333333,287.0,1114.6,137.0,1623000.0
2023_3,2023,2024-01-10,2024-01-09,128,31.0,2200,-0.25416666666666676,-4.757142857142857,5.7,92.90476190476191,0.0,431.2857142857143,389.8107142857143,0.0,1022.8857142857144,15.095833333333333,9.757142857142856,25.642857142857142,90.44464285714285,69.82857142857144,99.22857142857143,682.2142857142857,309.57142857142856,1274.5714285714287,177.0,2214000.0
2023_3,2023,2024-01-11,2024-01-10,129,31.0,2200,-0.4583333333333335,-5.1571428571428575,5.685714285714285,94.49404761904762,0.0,438.7142857142857,398.60178571428565,0.0,1045.9428571428573,15.60059523809524,10.042857142857143,26.12857142857143,89.90238095238094,69.07142857142857,99.22857142857143,695.8392857142857,302.2857142857143,1268.0,85.0,1173000.0
2023_3,2023,2024-01-12,2024-01-11,130,31.0,2200,-0.4809523809523811,-4.785714285714286,4.985714285714286,84.3452380952381,0.0,404.0,365.5809523809524,0.0,970.0714285714286,15.500595238095238,10.171428571428573,25.314285714285713,90.37738095238095,70.48571428571428,99.22857142857143,671.327380952381,296.14285714285717,1144.7142857142858,168.0,1977000.0
2023_3,2023,2024-01-14,2024-01-13,132,31.0,2200,-0.918452380952381,-5.585714285714286,4.942857142857143,95.19047619047618,0.0,421.0,408.7261904761905,0.0,988.1428571428571,15.614880952380954,9.62857142857143,25.771428571428572,89.67142857142856,68.8,99.32857142857142,683.375,304.14285714285717,1182.857142857143,50.0,675000.0
2023_3,2023,2024-01-17,2024-01-16,135,31.0,2200,-0.5517857142857143,-5.6571428571428575,6.242857142857143,102.46428571428571,0.0,479.0,427.07797619047625,0.0,1004.6857142857142,15.575595238095238,9.5,27.571428571428573,89.47500000000001,65.92857142857143,99.64285714285714,652.2142857142857,310.85714285714283,1047.4285714285713,115.0,1302000.0
2023_3,2023,2024-01-19,2024-01-18,137,31.0,2200,0.026190476190476226,-5.442857142857143,6.700000000000001,98.0,0.0,451.2857142857143,406.0053571428572,0.0,1059.2714285714285,15.6,9.757142857142856,26.38571428571429,89.86071428571428,69.18571428571428,99.45714285714284,647.5952380952382,323.42857142857144,1013.2857142857143,133.0,1770000.0
2023_3,2023,2024-01-20,2024-01-19,138,31.0,2200,0.5410714285714285,-4.3999999999999995,6.828571428571428,88.44642857142857,0.0,438.2857142857143,369.12440476190477,0.0,975.5285714285714,15.598809523809525,10.185714285714285,26.057142857142857,90.54464285714286,70.89999999999999,99.45714285714284,644.8511904761905,320.7142857142857,1084.142857142857,141.0,1701000.0
2023_3,2023,2024-01-21,2024-01-20,139,31.0,2200,1.1202380952380953,-3.3000000000000003,6.2,71.72023809523809,0.0,373.85714285714283,301.97499999999997,0.0,887.3000000000001,15.011904761904761,10.457142857142857,24.08571428571429,92.02559523809524,75.22857142857141,99.5,686.6607142857143,358.7142857142857,1223.5714285714287,151.0,2070000.0
2023_3,2023,2024-01-24,2024-01-23,142,31.0,2200,-0.029166666666666532,-3.3285714285714283,3.657142857142857,66.20833333333333,0.0,370.42857142857144,278.0684523809524,0.0,732.2428571428571,14.829166666666667,10.585714285714285,24.67142857142857,93.35,78.6,99.24285714285713,765.6130952380953,317.7142857142857,1794.142857142857,172.0,2067000.0
2023_3,2023,2024-01-25,2024-01-24,143,31.0,2200,-1.031547619047619,-4.114285714285714,2.9285714285714284,82.16666666666666,0.0,422.85714285714283,339.45,0.0,761.1857142857143,15.010119047619048,10.642857142857142,26.37142857142857,92.5607142857143,74.71428571428571,99.14285714285714,836.4761904761906,300.2857142857143,2082.5714285714284,110.0,1485000.0
2023_3,2023,2024-01-26,2024-01-25,144,31.0,2200,-2.4541666666666666,-6.042857142857143,2.257142857142857,96.61309523809523,0.0,471.14285714285717,404.8244047619047,0.0,894.1428571428571,15.157738095238097,10.542857142857143,27.7,91.35297619047618,70.77142857142857,98.85714285714286,916.2440476190477,316.14285714285717,2393.1428571428573,154.0,2043000.0
2023_3,2023,2024-01-27,2024-01-26,145,31.0,2200,-3.811309523809524,-8.042857142857143,1.8285714285714287,107.67857142857143,0.0,487.7142857142857,451.81726190476184,0.0,998.842857142857,15.420238095238094,10.357142857142858,28.614285714285717,90.21785714285714,68.28571428571429,98.77142857142859,948.6190476190477,325.85714285714283,2421.1428571428573,142.0,1707000.0
2023_3,2023,2024-01-31,2024-01-30,149,31.0,2200,-2.9410714285714286,-9.128571428571428,5.814285714285715,140.33928571428572,0.0,561.4285714285714,590.8232142857142,0.0,1264.185714285714,16.89702380952381,10.557142857142859,31.642857142857142,86.51547619047619,57.714285714285715,98.61428571428573,863.8869047619047,329.14285714285717,1953.7142857142858,128.0,1599000.0
2023_3,2023,2024-02-03,2024-02-02,152,31.0,2200,0.9178571428571428,-5.6,9.542857142857143,126.57738095238095,0.0,531.5714285714286,527.5446428571428,0.0,1208.7142857142858,16.129761904761903,9.6,30.757142857142856,88.34047619047617,58.557142857142864,99.25714285714285,698.1785714285714,350.14285714285717,1379.857142857143,115.0,1833000.0
2023_3,2023,2024-02-07,2024-02-06,156,31.0,2200,3.4523809523809526,-2.1714285714285713,9.814285714285715,87.66071428571429,0.0,429.57142857142856,370.30833333333334,0.0,925.3285714285713,14.333333333333334,8.757142857142856,28.042857142857144,92.7422619047619,66.54285714285714,99.97142857142856,678.7976190476192,347.85714285714283,1365.7142857142858,104.0,1651500.0
2023_3,2023,2024-02-08,2024-02-07,157,31.0,2200,2.992857142857143,-1.7714285714285716,8.22857142857143,76.45833333333334,0.0,417.42857142857144,329.71726190476187,0.0,831.4571428571429,14.272619047619047,9.057142857142859,26.857142857142858,93.23809523809526,69.2,99.94285714285715,670.7559523809524,318.42857142857144,1379.2857142857142,75.0,1314000.0
2023_3,2023,2024-02-09,2024-02-08,158,31.0,2200,2.7583333333333333,-2.0142857142857147,8.385714285714286,88.14285714285714,0.0,464.0,365.4642857142857,0.0,844.8428571428573,14.732142857142858,9.242857142857144,27.47142857142857,91.85238095238095,65.9857142857143,99.8142857142857,679.5535714285714,339.2857142857143,1419.142857142857,87.0,1344000.0
2023_3,2023,2024-02-11,2024-02-10,160,31.0,2200,1.870238095238095,-2.557142857142857,7.871428571428572,99.60119047619048,0.0,494.0,419.68095238095236,0.0,938.2142857142857,15.271428571428572,9.528571428571428,27.32857142857143,89.69047619047619,63.385714285714286,99.45714285714287,682.125,350.85714285714283,1381.7142857142858,66.0,1155000.0
2023_3,2023,2024-02-14,2024-02-13,163,31.0,2200,1.220238095238095,-4.671428571428572,8.671428571428573,132.57738095238093,0.0,588.2857142857143,544.2696428571428,0.0,1227.1714285714286,15.886309523809524,9.242857142857144,27.657142857142855,85.56845238095238,53.74285714285714,99.17142857142858,668.2380952380953,391.0,1161.0,83.0,1293000.0
2023_3,2023,2024-02-15,2024-02-14,164,31.0,2200,2.7476190476190476,-3.7285714285714286,10.757142857142858,140.07738095238093,0.0,605.2857142857143,565.514880952381,0.0,1319.7000000000003,15.99702380952381,9.271428571428572,27.87142857142857,84.90654761904761,50.81428571428571,99.15714285714284,672.125,425.42857142857144,1077.5714285714287,63.0,1104000.0
2023_3,2023,2024-02-16,2024-02-15,165,31.0,2200,3.474404761904762,-2.985714285714286,11.157142857142857,119.20238095238095,0.0,526.5714285714286,493.04702380952386,0.0,1267.314285714286,15.220833333333331,9.185714285714285,25.828571428571426,86.85357142857143,55.885714285714286,99.27142857142859,669.1190476190476,426.14285714285717,970.0,74.0,1296000.0
2023_3,2023,2024-02-17,2024-02-16,166,31.0,2200,3.880357142857143,-2.4285714285714284,11.528571428571428,121.0059523809524,0.0,542.0,487.41964285714283,0.0,1272.9142857142858,14.998809523809523,8.785714285714286,26.62857142857143,87.25238095238095,55.87142857142857,99.52857142857144,655.077380952381,421.0,994.0,97.0,1518000.0
2023_3,2023,2024-02-21,2024-02-20,170,31.0,2200,6.096428571428571,0.5999999999999999,12.6,80.26190476190477,0.0,364.85714285714283,338.29404761904755,0.0,1038.0428571428572,13.88154761904762,8.9,24.5,92.34107142857142,70.0,99.84285714285714,652.5416666666666,434.42857142857144,992.0,104.0,1651500.0
2023_3,2023,2024-02-22,2024-02-21,171,31.0,2200,4.97202380952381,-0.057142857142857224,10.628571428571428,67.79166666666667,0.0,294.42857142857144,290.52440476190475,0.0,894.4428571428572,13.085119047619047,8.685714285714285,22.25714285714286,94.10952380952381,76.72857142857143,99.88571428571429,655.047619047619,423.14285714285717,1014.2857142857143,79.0,1368000.0
2023_3,2023,2024-02-23,2024-02-22,172,31.0,2200,4.229761904761905,-0.22857142857142865,9.257142857142856,73.40476190476191,0.0,310.57142857142856,308.45714285714286,0.0,828.5,13.095833333333333,8.571428571428571,23.185714285714287,93.98749999999998,76.54285714285713,99.89999999999999,650.0654761904761,400.85714285714283,1090.142857142857,99.0,1677000.0
2023_3,2023,2024-02-24,2024-02-23,173,31.0,2200,4.211309523809524,0.014285714285714188,9.042857142857143,71.54761904761905,0.0,302.7142857142857,303.3797619047619,0.0,806.6285714285715,13.150595238095237,8.742857142857142,23.67142857142857,94.62083333333332,76.91428571428571,99.89999999999999,636.9285714285714,385.2857142857143,1029.857142857143,150.0,2286000.0
2023_3,2023,2024-02-28,2024-02-27,177,31.0,2200,2.657738095238095,-0.8428571428571429,7.242857142857142,102.39285714285714,0.0,460.57142857142856,414.98452380952386,0.0,956.6428571428571,13.62797619047619,8.257142857142858,26.142857142857142,92.5047619047619,66.82857142857144,100.0,609.1071428571429,354.57142857142856,1064.5714285714287,123.0,1893000.0
2023_3,2023,2024-03-02,2024-03-01,180,31.0,2200,2.749404761904762,-1.7428571428571427,8.414285714285715,124.31547619047619,0.0,537.0,515.2815476190477,0.0,1268.4857142857143,14.804761904761905,8.6,27.671428571428574,89.6672619047619,59.65714285714286,99.94285714285715,589.3809523809523,353.7142857142857,947.0,129.0,1485000.0
2023_3,2023,2024-03-04,2024-03-03,182,31.0,2200,2.395238095238095,-3.0,8.700000000000001,139.79761904761907,0.0,595.1428571428571,585.4434523809524,0.0,1421.9285714285713,15.615476190476189,8.971428571428572,28.757142857142856,86.67202380952381,53.15714285714285,99.71428571428571,598.5595238095237,368.85714285714283,965.8571428571429,30.0,420000.0
2023_3,2023,2024-03-07,2024-03-06,185,31.0,2200,3.4005952380952382,-2.085714285714286,8.785714285714286,131.44047619047618,0.0,550.4285714285714,559.275,0.0,1451.5285714285712,15.780357142857143,9.6,27.485714285714288,87.69880952380952,57.5,99.71428571428571,579.0119047619047,356.57142857142856,812.4285714285714,69.0,786000.0
2023_3,2023,2024-03-08,2024-03-07,186,31.0,2200,3.370833333333333,-1.9000000000000001,8.628571428571428,143.04761904761904,0.0,623.4285714285714,592.4196428571429,0.0,1486.3285714285714,15.891666666666667,9.62857142857143,28.2,86.67202380952381,52.442857142857136,99.70000000000002,585.5238095238095,381.2857142857143,811.1428571428571,35.0,492000.0
2023_3,2023,2024-03-10,2024-03-09,188,31.0,2200,4.5,-1.0285714285714285,10.328571428571427,146.29761904761904,0.0,629.7142857142857,610.1875,0.0,1496.2857142857142,15.20595238095238,8.857142857142858,27.842857142857138,86.82083333333333,50.05714285714286,99.75714285714287,605.345238095238,395.2857142857143,923.4285714285714,186.0,2199000.0
2023_3,2023,2024-03-14,2024-03-13,192,31.0,2200,3.601190476190476,-3.014285714285714,11.085714285714285,164.27380952380955,0.0,671.1428571428571,679.7517857142858,0.0,1603.142857142857,14.739285714285712,7.971428571428571,28.714285714285715,83.51964285714287,44.48571428571428,99.38571428571429,637.4761904761905,421.85714285714283,1123.142857142857,72.0,828000.0
2023_3,2023,2024-03-15,2024-03-14,193,31.0,2200,4.022619047619048,-3.457142857142857,12.37142857142857,173.61904761904762,0.0,668.1428571428571,729.635119047619,0.0,1679.642857142857,15.055357142857142,7.785714285714286,29.485714285714288,81.75357142857142,41.542857142857144,99.22857142857141,642.75,433.7142857142857,1124.0,41.0,576000.0
2023_3,2023,2024-03-16,2024-03-15,194,31.0,2200,4.7749999999999995,-3.3428571428571425,13.842857142857143,175.94047619047618,0.0,665.8571428571429,736.9505952380952,0.0,1686.814285714286,15.291666666666666,7.757142857142858,30.214285714285715,80.97380952380952,40.142857142857146,99.08571428571429,651.5892857142857,442.42857142857144,1138.0,33.0,456000.0
2023_3,2023,2024-03-17,2024-03-16,195,31.0,2200,6.035119047619048,-2.514285714285714,15.514285714285716,174.11309523809524,0.0,663.8571428571429,730.6684523809524,0.0,1688.6,15.614880952380954,8.028571428571428,30.528571428571432,80.28154761904761,39.699999999999996,98.97142857142856,641.0178571428571,451.57142857142856,1031.142857142857,84.0,945000.0
2023_3,2023,2024-03-21,2024-03-20,199,31.0,2200,7.239880952380952,-0.9428571428571427,15.985714285714286,177.36904761904762,0.0,680.1428571428571,760.8083333333333,0.0,1761.5142857142857,15.579166666666666,8.514285714285714,28.457142857142856,76.99345238095238,30.24285714285714,98.18571428571428,639.8809523809524,471.85714285714283,849.2857142857143,95.0,1104000.0
2023_3,2023,2024-03-22,2024-03-21,200,31.0,2200,6.770238095238095,-1.4142857142857141,15.385714285714286,179.08928571428572,0.0,682.4285714285714,765.1625,0.0,1772.2571428571428,15.254166666666666,8.32857142857143,27.52857142857143,76.61011904761904,30.328571428571426,98.10000000000001,636.6785714285714,470.57142857142856,842.0,34.0,441000.0
2023_3,2023,2024-03-23,2024-03-22,201,31.0,2200,6.872023809523809,-1.3,15.0,171.40476190476193,0.0,681.8571428571429,745.4095238095239,0.0,1783.0,15.00059523809524,8.342857142857143,26.585714285714285,76.6672619047619,30.628571428571426,97.95714285714287,636.922619047619,472.14285714285717,844.0,27.0,360000.0
2023_3,2023,2024-03-24,2024-03-23,202,31.0,2200,7.4696428571428575,-0.114285714285714,15.285714285714286,174.67857142857142,0.0,685.7142857142857,751.3315476190476,0.0,1784.1571428571428,15.208333333333334,8.514285714285714,26.7,76.44166666666668,30.37142857142857,97.94285714285715,628.7678571428571,469.57142857142856,818.1428571428571,123.0,1434000.0
2023_3,2023,2024-03-28,2024-03-27,206,31.0,2200,9.620833333333334,2.3714285714285714,17.157142857142855,169.80357142857142,0.0,641.2857142857143,712.1732142857143,0.0,1690.7571428571428,15.472619047619048,8.671428571428573,26.5,76.17559523809523,37.18571428571429,97.89999999999999,625.7857142857143,486.85714285714283,810.4285714285714,88.0,1053000.0
2023_3,2023,2024-03-29,2024-03-28,207,31.0,2200,10.411904761904761,4.3,16.742857142857144,142.98214285714286,0.0,553.0,613.8267857142856,0.0,1669.3285714285716,15.279166666666667,9.128571428571428,25.357142857142858,79.01904761904761,45.1,97.91428571428571,619.9464285714286,459.85714285714283,822.0,39.0,498000.0
2023_3,2023,2024-03-30,2024-03-29,208,31.0,2200,10.408333333333331,4.885714285714286,16.271428571428572,131.07738095238093,0.0,504.0,554.1607142857143,0.0,1495.042857142857,14.841071428571428,8.814285714285715,24.057142857142857,80.87142857142858,50.34285714285714,98.15714285714286,604.8571428571429,447.2857142857143,792.8571428571429,118.0,1449000.0
2023_3,2023,2024-04-01,2024-03-31,210,31.0,2200,8.997619047619049,2.9714285714285715,15.014285714285714,123.42261904761905,0.0,516.1428571428571,534.5119047619047,0.0,1442.0,14.148809523809522,8.457142857142857,23.52857142857143,81.85297619047618,50.385714285714286,98.0,602.3452380952382,446.2857142857143,782.8571428571429,45.0,525000.0
2023_3,2023,2024-04-02,2024-04-01,211,31.0,2200,9.120833333333334,2.0714285714285716,16.12857142857143,147.26190476190476,0.0,583.4285714285714,624.6273809523809,0.0,1472.0571428571427,14.694642857142856,8.385714285714286,25.08571428571429,78.61488095238096,45.11428571428571,97.6857142857143,605.0059523809524,447.57142857142856,782.2857142857143,133.0,1384000.0
2023_3,2023,2024-04-05,2024-04-04,214,31.0,2200,11.55595238095238,4.114285714285714,19.157142857142855,148.17261904761904,0.0,650.4285714285714,631.8375,0.0,1466.3857142857144,16.048809523809524,9.585714285714287,27.37142857142857,75.57678571428572,40.82857142857143,97.22857142857143,606.25,501.57142857142856,752.8571428571429,26.0,310000.0
2023_3,2023,2024-04-06,2024-04-05,215,31.0,2200,12.283333333333333,4.8428571428571425,19.914285714285715,163.40476190476193,0.0,716.4285714285714,680.2863095238096,0.0,1569.4142857142858,16.719642857142855,10.157142857142858,29.11428571428571,72.96845238095239,36.65714285714286,96.57142857142857,604.8511904761906,515.7142857142857,743.0,26.0,308000.0
2023_3,2023,2024-04-07,2024-04-06,216,31.0,2200,12.751785714285715,5.457142857142857,20.47142857142857,164.56547619047618,0.0,695.1428571428571,684.9511904761904,0.0,1592.7999999999997,16.732738095238094,10.028571428571428,28.64285714285714,72.32440476190477,37.0,96.45714285714284,603.2559523809524,520.2857142857143,734.0,99.0,1219000.0
2023_3,2023,2024-04-08,2024-04-07,217,31.0,2200,13.413095238095238,6.028571428571429,21.47142857142857,167.41666666666669,0.0,695.2857142857143,693.7291666666666,0.0,1613.4285714285713,17.0,9.8,29.12857142857143,71.21071428571429,37.199999999999996,96.42857142857143,598.8690476190476,522.8571428571429,721.5714285714286,73.0,744000.0
2023_3,2023,2024-04-09,2024-04-08,218,31.0,2200,13.942857142857145,6.771428571428571,21.771428571428572,156.47619047619045,0.0,656.5714285714286,659.5416666666667,0.0,1621.3428571428574,17.013690476190476,9.457142857142857,29.157142857142855,71.34464285714286,39.15714285714286,96.1,592.1845238095239,525.1428571428571,696.4285714285714,52.0,648000.0
2023_3,2023,2024-04-12,2024-04-11,221,31.0,2200,14.221428571428572,6.8999999999999995,23.157142857142855,193.83928571428572,0.0,707.1428571428571,814.657738095238,0.0,1837.4714285714285,17.01964285714286,8.342857142857143,30.17142857142857,64.58988095238094,31.75714285714286,94.39999999999999,574.797619047619,530.5714285714286,655.5714285714286,112.0,1302000.0
2023_3,2023,2024-04-13,2024-04-12,222,31.0,2200,14.671428571428569,6.814285714285714,24.5,202.57738095238096,0.0,703.7142857142857,863.0833333333333,0.0,1935.3285714285714,17.448809523809523,8.1,30.82857142857143,63.839880952380945,30.97142857142857,94.37142857142858,583.1428571428571,532.1428571428571,667.1428571428571,50.0,580000.0
2023_3,2023,2024-04-14,2024-04-13,223,31.0,2200,15.62142857142857,7.314285714285714,25.857142857142858,214.3988095238095,0.0,729.2857142857143,913.9011904761904,0.0,2032.3714285714284,18.16190476190476,8.27142857142857,31.985714285714288,62.574404761904766,29.757142857142856,93.7,584.2619047619048,531.0,672.0,110.0,1246000.0
2023_3,2023,2024-04-15,2024-04-14,224,31.0,2200,16.32857142857143,7.957142857142856,26.38571428571429,213.31547619047618,0.0,725.1428571428571,917.6869047619048,0.0,2046.0142857142857,18.455357142857142,8.528571428571428,32.385714285714286,62.71071428571428,29.800000000000004,93.24285714285715,585.1309523809524,529.4285714285714,677.8571428571429,129.0,1330000.0
2023_3,2023,2024-04-16,2024-04-15,225,31.0,2200,16.59285714285714,8.87142857142857,25.842857142857145,196.6011904761905,0.0,671.1428571428571,845.2505952380952,0.0,2041.9428571428568,18.52797619047619,9.314285714285715,31.142857142857142,64.93988095238095,33.214285714285715,93.72857142857143,575.702380952381,526.0,660.5714285714286,100.0,1005000.0
2023_3,2023,2024-04-19,2024-04-18,228,31.0,2200,17.04642857142857,8.885714285714286,26.385714285714283,208.85119047619045,0.0,725.4285714285714,887.0720238095239,0.0,2081.2714285714287,19.03154761904762,9.314285714285715,32.25714285714286,67.51071428571429,33.08571428571429,94.61428571428571,578.3392857142857,524.5714285714286,659.7142857142857,80.0,916000.0
2023_3,2023,2024-04-20,2024-04-19,229,31.0,2200,17.051190476190477,8.642857142857142,26.714285714285715,209.44642857142858,0.0,728.2857142857143,893.5732142857144,0.0,2095.6857142857143,18.932142857142857,9.071428571428571,32.18571428571429,67.12261904761905,32.728571428571435,94.35714285714286,576.797619047619,524.5714285714286,656.8571428571429,96.0,943000.0
2023_3,2023,2024-04-21,2024-04-20,230,31.0,2200,16.411309523809525,9.457142857142857,24.428571428571427,180.54761904761907,0.0,636.4285714285714,779.6184523809524,0.0,2085.485714285714,18.385714285714283,9.771428571428572,30.185714285714287,71.09821428571429,41.07142857142857,94.94285714285715,576.922619047619,524.8571428571429,658.5714285714286,106.0,1338000.0
2023_3,2023,2024-04-22,2024-04-21,231,31.0,2200,16.01904761904762,10.185714285714285,23.085714285714285,159.9702380952381,0.0,598.7142857142857,687.6892857142857,0.0,1883.0,17.911309523809525,10.485714285714286,28.557142857142857,73.63333333333334,45.614285714285714,95.42857142857143,580.5892857142857,524.5714285714286,676.8571428571429,49.0,567000.0
2023_3,2023,2024-04-23,2024-04-22,232,31.0,2200,16.261904761904763,10.271428571428572,23.7,182.51190476190476,0.0,709.4285714285714,772.3988095238095,0.0,1837.014285714286,18.252380952380953,10.542857142857143,29.985714285714284,71.56011904761905,43.01428571428572,94.74285714285715,582.297619047619,524.4285714285714,682.8571428571429,105.0,1223000.0
2023_3,2023,2024-04-26,2024-04-25,235,31.0,2200,16.07797619047619,10.428571428571429,22.714285714285715,162.00595238095238,0.0,728.4285714285714,707.1880952380952,0.0,1754.457142857143,17.952380952380953,10.585714285714287,29.200000000000006,72.19940476190476,46.128571428571426,94.62857142857142,571.8214285714286,519.2857142857143,674.1428571428571,26.0,308000.0
2023_3,2023,2024-04-27,2024-04-26,236,31.0,2200,16.29702380952381,10.757142857142858,22.871428571428574,162.33928571428572,0.0,728.8571428571429,707.8160714285715,0.0,1749.6571428571428,18.17440476190476,10.87142857142857,29.542857142857144,72.37202380952381,45.6,94.94285714285715,572.2797619047619,518.0,679.1428571428571,168.0,1795000.0
2023_3,2023,2024-04-28,2024-04-27,237,31.0,2200,16.99404761904762,10.1,24.87142857142857,194.89880952380955,0.0,828.5714285714286,835.2916666666667,0.0,1786.9142857142858,18.835714285714285,10.285714285714286,31.75714285714286,68.70059523809523,38.18571428571429,94.77142857142857,571.0595238095237,518.2857142857143,676.4285714285714,86.0,994000.0
2023_3,2023,2024-04-29,2024-04-28,238,31.0,2200,17.28095238095238,9.342857142857143,26.12857142857143,219.54166666666669,0.0,876.4285714285714,940.3863095238095,0.0,2016.457142857143,19.39702380952381,9.471428571428572,33.55714285714286,66.66190476190476,33.98571428571429,94.37142857142855,565.75,517.8571428571429,649.0,120.0,1490000.0
2023_3,2023,2024-04-30,2024-04-29,239,31.0,2200,17.17083333333333,9.642857142857142,25.728571428571428,207.71428571428575,0.0,807.5714285714286,895.4565476190477,0.0,2087.042857142857,19.245833333333334,9.685714285714285,33.057142857142864,68.49345238095239,35.642857142857146,94.9,569.0297619047619,516.8571428571429,661.8571428571429,106.0,1194000.0
2023_3,2023,2024-05-03,2024-05-02,242,31.0,2200,18.08690476190476,10.571428571428571,26.642857142857142,226.0595238095238,0.0,769.0,945.7452380952382,0.0,2118.9,20.192261904761903,10.728571428571428,34.18571428571428,66.42797619047619,33.77142857142857,94.17142857142858,568.8154761904761,513.1428571428571,662.0,42.0,470000.0
2023_3,2023,2024-05-04,2024-05-03,243,31.0,2200,18.057142857142857,10.299999999999999,26.52857142857143,231.63095238095238,0.0,781.5714285714286,968.5922619047618,0.0,2163.7571428571428,20.20595238095238,10.557142857142855,34.128571428571426,66.05892857142858,33.55714285714286,93.97142857142856,566.6666666666666,513.5714285714286,656.0,66.0,785000.0
2023_3,2023,2024-05-06,2024-05-05,245,31.0,2200,18.0625,11.742857142857144,25.04285714285714,202.2797619047619,0.0,699.5714285714286,856.1696428571429,0.0,2186.014285714286,20.029166666666665,11.785714285714286,32.01428571428571,69.61428571428571,41.028571428571425,94.4857142857143,560.8630952380953,508.7142857142857,648.2857142857143,88.0,1179000.0
2023_3,2023,2024-05-07,2024-05-06,246,31.0,2200,17.636904761904763,11.5,24.442857142857143,193.24404761904762,0.0,669.1428571428571,812.9238095238095,0.0,1930.6000000000001,19.685119047619047,11.728571428571428,30.87142857142857,71.79404761904762,46.02857142857143,95.01428571428572,554.0238095238095,507.57142857142856,627.1428571428571,66.0,835000.0
2023_3,2023,2024-05-10,2024-05-09,249,31.0,2200,16.54642857142857,10.428571428571429,22.785714285714285,185.625,0.0,649.8571428571429,787.7815476190475,0.0,1903.8857142857144,18.91845238095238,10.685714285714285,29.057142857142857,74.86845238095238,49.885714285714286,96.5142857142857,550.2797619047619,508.0,610.2857142857143,49.0,595000.0
2023_3,2023,2024-05-11,2024-05-10,250,31.0,2200,16.407738095238095,10.842857142857143,22.057142857142857,183.86904761904762,0.0,647.8571428571429,784.0351190476191,0.0,1894.4714285714288,18.994642857142857,11.0,28.814285714285713,75.06011904761905,50.44285714285714,96.77142857142859,546.2440476190476,506.85714285714283,603.4285714285714,113.0,1415000.0
2023_3,2023,2024-05-12,2024-05-11,251,31.0,2200,16.098809523809525,10.9,21.271428571428572,166.66666666666669,0.0,656.2857142857143,728.7142857142857,0.0,1885.0571428571427,18.610714285714288,11.028571428571427,27.957142857142856,77.03928571428573,53.042857142857144,97.25714285714285,542.5714285714287,505.14285714285717,602.5714285714286,117.0,1335000.0
2023_3,2023,2024-05-13,2024-05-12,252,31.0,2200,15.814880952380951,9.87142857142857,21.814285714285713,195.8154761904762,0.0,761.0,844.217857142857,0.0,1858.9,18.732738095238094,10.200000000000001,29.657142857142855,74.06369047619047,46.62857142857143,96.88571428571427,538.577380952381,504.7142857142857,591.8571428571429,31.0,370000.0
2023_3,2023,2024-05-14,2024-05-13,253,31.0,2200,16.18392857142857,9.085714285714285,23.228571428571428,230.48214285714286,0.0,863.7142857142857,989.3011904761905,0.0,2157.171428571429,19.24404761904762,9.342857142857143,32.199999999999996,70.00416666666668,38.957142857142856,96.39999999999999,545.0535714285714,503.85714285714283,606.7142857142857,98.0,1177000.0
2023_3,2023,2024-05-17,2024-05-16,256,31.0,2200,16.409523809523808,8.657142857142857,24.985714285714288,253.94642857142858,0.0,946.4285714285714,1109.8178571428573,0.0,2455.371428571428,19.317857142857143,8.957142857142857,34.27142857142857,68.42916666666666,32.77142857142857,95.84285714285716,549.9464285714286,504.2857142857143,620.4285714285714,52.0,695000.0
2023_3,2023,2024-05-18,2024-05-17,257,31.0,2200,16.536309523809525,8.985714285714286,25.0,249.38095238095238,0.0,944.4285714285714,1097.4684523809524,0.0,2484.0857142857144,19.273809523809522,9.171428571428573,34.728571428571435,69.4172619047619,34.18571428571429,96.18571428571428,548.8988095238095,502.7142857142857,621.2857142857143,124.0,1650000.0
2023_3,2023,2024-05-20,2024-05-19,259,31.0,2200,17.79583333333333,9.757142857142856,26.928571428571427,272.63095238095235,0.0,927.1428571428571,1175.642261904762,0.0,2535.9857142857145,20.45416666666667,9.685714285714285,36.17142857142857,67.97261904761905,32.01428571428572,96.41428571428573,556.6369047619047,500.57142857142856,638.7142857142857,84.0,965000.0
2023_3,2023,2024-05-21,2024-05-20,260,31.0,2200,18.02857142857143,10.5,26.928571428571427,259.29761904761904,0.0,924.2857142857143,1111.2642857142857,0.0,2532.842857142857,20.502976190476193,10.257142857142856,35.98571428571429,70.10416666666667,34.68571428571429,96.85714285714286,554.6964285714286,500.14285714285717,636.0,104.0,1250000.0
2023_3,2023,2024-05-24,2024-05-23,263,31.0,2200,20.542261904761908,13.242857142857142,29.071428571428573,258.13095238095235,0.0,904.8571428571429,1092.2755952380953,0.0,2417.7000000000003,22.761904761904763,12.528571428571427,37.457142857142856,71.65476190476191,38.0,98.32857142857142,556.6666666666666,493.2857142857143,650.1428571428571,136.0,1460000.0
2023_3,2023,2024-05-25,2024-05-24,264,31.0,2200,20.940476190476193,13.457142857142857,29.75714285714286,260.0357142857143,0.0,898.7142857142857,1089.4261904761904,0.0,2413.342857142857,22.984523809523807,12.771428571428572,37.142857142857146,72.68869047619047,39.01428571428572,98.38571428571429,559.297619047619,493.2857142857143,651.4285714285714,86.0,1220000.0
2023_3,2023,2024-05-26,2024-05-25,265,31.0,2200,21.054166666666667,14.385714285714286,29.02857142857143,241.97619047619045,0.0,850.4285714285714,1021.3869047619047,0.0,2368.842857142857,22.8422619047619,13.614285714285714,36.27142857142857,71.76666666666667,40.32857142857143,97.5,551.2559523809524,492.0,638.5714285714286,132.0,1720000.0
2023_3,2023,2024-05-27,2024-05-26,266,31.0,2200,20.680952380952384,14.528571428571428,28.414285714285715,224.57738095238093,0.0,810.4285714285714,953.1916666666666,0.0,2219.614285714286,22.482738095238094,13.771428571428572,35.57142857142857,73.99404761904762,42.5,97.65714285714284,547.4583333333333,490.0,630.5714285714286,107.0,1340000.0
2023_3,2023,2024-05-28,2024-05-27,267,31.0,2200,20.5952380952381,14.714285714285714,27.75714285714286,236.07738095238093,0.0,808.7142857142857,999.0166666666667,0.0,2202.3285714285716,22.50714285714286,14.014285714285716,34.68571428571429,72.37380952380953,41.300000000000004,97.35714285714286,543.1904761904763,490.85714285714283,620.2857142857143,57.0,456000.0
2023_3,2023,2024-05-31,2024-05-30,270,31.0,2200,20.285714285714285,13.942857142857145,27.142857142857142,243.20833333333334,0.0,811.0,982.4648809523809,0.0,2270.3,22.429761904761904,13.357142857142858,34.84285714285714,70.08928571428571,42.357142857142854,96.15714285714286,536.6607142857143,486.2857142857143,608.2857142857143,44.0,352000.0
2023_31,2023,2023-11-22,2023-11-21,68,25.0,900,5.715587388801675,-0.8285714285714286,14.471428571428572,11.091802607330559,0.0,42.285714285714285,489.43920722135005,62.457142857142856,865.8285714285714,16.654389063317634,10.642857142857142,27.114285714285717,83.69249084249084,74.44285714285715,89.38571428571427,539.3036368393512,329.7142857142857,715.2857142857143,5.8,105924.0
2023_31,2023,2023-11-23,2023-11-22,69,25.0,900,6.097135007849293,-0.8571428571428571,14.885714285714286,11.091802607330555,0.0,42.285714285714285,489.0975405546834,62.457142857142856,865.6857142857143,16.951412872841445,10.62857142857143,27.54285714285714,83.76630036630037,74.29999999999998,89.4,535.381017791732,319.7142857142857,711.8571428571429,5.3,96915.0
2023_31,2023,2023-11-24,2023-11-23,70,25.0,900,7.251556776556776,-0.21428571428571427,16.214285714285715,11.709149546106067,0.0,44.714285714285715,537.0459249084249,62.457142857142856,943.8571428571429,17.5007326007326,10.942857142857141,28.91428571428571,83.80201465201465,74.32857142857142,89.42857142857143,524.5425824175824,329.2857142857143,705.4285714285714,9.8,178269.0
2023_31,2023,2023-11-25,2023-11-24,71,25.0,900,7.216666666666667,-0.5285714285714286,16.0,11.413819875776397,0.0,44.57142857142857,490.6690476190476,0.0,956.4285714285714,17.545238095238098,10.914285714285713,29.257142857142856,84.00297619047618,74.5,89.62857142857142,528.827380952381,320.42857142857144,710.2857142857143,12.0,217581.0
2023_31,2023,2023-11-26,2023-11-25,72,25.0,900,6.886904761904762,-0.9857142857142858,15.885714285714286,11.388975155279505,0.0,44.714285714285715,489.24940476190477,0.0,954.1428571428571,17.53035714285714,10.9,29.357142857142858,83.80654761904762,74.2,89.3,526.672619047619,320.0,708.5714285714286,14.8,269997.0
2023_31,2023,2023-11-27,2023-11-26,73,25.0,900,6.214880952380953,-1.1142857142857143,15.157142857142857,10.576863354037268,0.0,42.0,456.57976190476194,0.0,891.5714285714286,17.198809523809523,10.914285714285715,28.599999999999998,84.04166666666666,74.15714285714284,89.41428571428573,518.0833333333333,301.57142857142856,704.1428571428571,13.5,246246.0
2023_31,2023,2023-11-28,2023-11-27,74,25.0,900,6.360714285714287,-0.9428571428571428,14.742857142857144,9.653209109730849,0.0,40.57142857142857,417.46547619047624,0.0,818.0,16.99285714285714,10.942857142857141,28.057142857142857,84.47857142857143,74.8,89.71428571428571,512.7202380952381,304.14285714285717,694.2857142857143,20.3,368550.0
2023_31,2023,2023-11-29,2023-11-28,75,25.0,900,6.166071428571429,-0.8857142857142856,13.642857142857142,9.5351966873706,0.0,40.57142857142857,415.05952380952385,0.0,814.1428571428571,16.75357142857143,10.928571428571429,27.614285714285717,84.56666666666668,75.10000000000001,89.65714285714286,503.1666666666667,303.0,680.4285714285714,26.9,488943.0
2023_31,2023,2023-11-30,2023-11-29,76,25.0,900,5.400595238095238,-1.1142857142857143,12.157142857142857,8.428830227743271,0.0,36.714285714285715,370.5315476190476,0.0,724.5714285714286,16.235119047619047,10.985714285714286,26.45714285714286,84.9797619047619,75.61428571428571,89.95714285714287,490.57142857142856,287.14285714285717,669.2857142857143,24.7,449631.0
2023_31,2023,2023-12-01,2023-11-30,77,25.0,900,3.7523809523809524,-2.471428571428571,10.0,8.988354037267081,0.0,38.142857142857146,384.5321428571429,0.0,752.0,15.829166666666666,10.642857142857142,26.12857142857143,84.83214285714287,76.08571428571429,89.87142857142858,481.9642857142857,278.2857142857143,656.5714285714286,29.5,536991.0
2023_31,2023,2023-12-02,2023-12-01,78,25.0,900,2.9464285714285716,-3.057142857142857,9.700000000000001,8.569875776397515,0.0,36.57142857142857,366.2357142857143,0.0,716.5714285714286,15.573809523809524,10.657142857142858,26.1,85.12738095238095,77.04285714285716,90.20000000000002,480.4345238095238,273.14285714285717,661.1428571428571,30.0,546273.0
2023_31,2023,2023-12-03,2023-12-02,79,25.0,900,3.1119047619047615,-3.471428571428571,9.814285714285715,8.295807453416149,0.0,36.0,357.1029761904762,0.0,697.8571428571429,15.330952380952382,10.014285714285716,25.942857142857143,85.83511904761905,77.78571428571429,90.94285714285715,477.70833333333337,268.14285714285717,659.5714285714286,42.8,778460.0
2023_31,2023,2023-12-04,2023-12-03,80,25.0,900,3.494642857142857,-3.2142857142857144,10.385714285714286,8.861283643892339,0.0,38.142857142857146,381.0529761904762,0.0,745.4285714285714,15.512500000000001,10.014285714285714,26.657142857142862,85.91488095238094,78.2,91.22857142857141,477.7857142857143,276.85714285714283,655.8571428571429,42.5,773136.0
2023_31,2023,2023-12-05,2023-12-04,81,25.0,900,2.7624999999999997,-4.1,10.028571428571428,9.462474120082815,0.0,39.0,409.2440476190476,0.0,797.5714285714286,15.564285714285713,9.971428571428572,27.157142857142855,85.81666666666668,78.25714285714285,91.27142857142857,475.44642857142856,263.2857142857143,658.8571428571429,60.8,1106742.0
2023_31,2023,2023-12-06,2023-12-05,82,25.0,900,2.769047619047619,-4.014285714285714,10.700000000000001,9.343426501035196,0.0,38.57142857142857,422.9869047619048,0.0,787.2714285714285,15.652380952380952,9.942857142857141,27.52857142857143,86.04464285714286,78.64285714285714,91.57142857142857,477.10714285714283,260.7142857142857,666.4285714285714,64.3,1171034.0
2023_31,2023,2023-12-07,2023-12-06,83,25.0,900,3.194642857142857,-4.085714285714286,11.514285714285716,9.6231884057971,0.0,40.42857142857143,435.75714285714287,0.0,812.2714285714285,15.85654761904762,9.914285714285715,28.385714285714283,86.29583333333333,78.87142857142858,92.27142857142857,480.4523809523809,266.14285714285717,667.5714285714286,65.2,1186185.0
2023_31,2023,2023-12-08,2023-12-07,84,25.0,900,3.8511904761904767,-3.7285714285714286,12.5,9.230331262939957,0.0,39.714285714285715,428.5190476190476,0.0,798.4142857142857,15.889880952380953,9.942857142857141,28.300000000000004,86.8345238095238,79.52857142857144,93.02857142857144,486.80357142857144,272.2857142857143,675.5714285714286,75.7,1301610.0
2023_31,2023,2023-12-09,2023-12-08,85,25.0,900,5.11547619047619,-3.185714285714286,14.0,9.178571428571429,0.0,39.857142857142854,427.09226190476187,0.0,794.9857142857143,16.077380952380953,9.985714285714286,28.24285714285714,87.17261904761905,79.70000000000002,93.18571428571428,496.90476190476187,285.2857142857143,681.7142857142857,94.1,1619079.0
2023_31,2023,2023-12-10,2023-12-09,86,25.0,900,6.577976190476191,-1.2142857142857142,15.299999999999999,8.678571428571429,0.0,38.0,403.8047619047619,0.0,751.9857142857143,16.364285714285714,10.799999999999999,27.857142857142858,87.51369047619048,79.89999999999999,93.34285714285714,502.8095238095238,299.42857142857144,685.4285714285714,85.2,1464924.0
2023_31,2023,2023-12-11,2023-12-10,87,25.0,900,7.536904761904762,-0.35714285714285715,16.185714285714287,8.529761904761903,0.0,37.57142857142857,397.57321428571424,0.0,738.9857142857143,16.49047619047619,10.814285714285715,27.4,87.83511904761906,80.28571428571429,93.51428571428572,514.7202380952382,318.0,697.4285714285714,97.2,1672098.0
2023_31,2023,2023-12-12,2023-12-11,88,25.0,900,8.83095238095238,1.8285714285714287,16.214285714285715,7.196428571428571,0.0,31.857142857142858,338.78988095238094,0.0,624.9857142857143,16.40535714285714,11.342857142857142,26.17142857142857,88.82738095238095,80.8,93.94285714285715,544.0059523809524,371.0,708.0,48.5,689162.0
2023_31,2023,2023-12-13,2023-12-12,89,25.0,900,9.511904761904761,3.1142857142857143,15.799999999999999,6.125,0.0,27.714285714285715,273.0083333333333,0.0,533.2857142857143,16.33095238095238,11.657142857142857,24.857142857142858,89.61964285714285,81.57142857142857,94.32857142857144,544.4880952380952,364.7142857142857,709.1428571428571,81.3,1154780.0
2023_31,2023,2023-12-14,2023-12-13,90,25.0,900,9.751785714285715,3.9142857142857146,15.942857142857141,6.511904761904762,0.0,29.142857142857142,288.1928571428571,0.0,565.1428571428571,16.357738095238094,11.7,24.657142857142862,89.50654761904762,81.98571428571428,93.68571428571428,543.7916666666667,376.2857142857143,705.7142857142857,99.7,1415918.0
2023_31,2023,2023-12-15,2023-12-14,91,25.0,900,10.161309523809523,4.942857142857143,15.685714285714285,5.238095238095239,0.0,23.857142857142858,231.58392857142854,0.0,453.57142857142856,16.13809523809524,11.9,23.599999999999998,89.9095238095238,82.2,93.52857142857144,550.8392857142857,396.14285714285717,705.7142857142857,47.6,676275.0
2023_31,2023,2023-12-16,2023-12-15,92,25.0,900,10.711904761904762,6.428571428571429,15.657142857142858,4.297619047619048,0.0,20.285714285714285,188.50238095238095,0.0,370.0,16.099999999999998,12.342857142857142,22.32857142857143,90.6875,83.01428571428572,93.84285714285714,554.4642857142857,409.14285714285717,711.4285714285714,53.4,757854.0
2023_31,2023,2023-12-17,2023-12-16,93,25.0,900,9.417261904761904,5.257142857142857,13.942857142857145,4.232142857142857,0.0,19.857142857142858,187.7690476190476,0.0,366.7142857142857,15.789880952380953,12.185714285714287,21.714285714285715,90.52976190476191,83.47142857142856,93.67142857142858,544.8988095238095,392.7142857142857,700.1428571428571,60.2,854343.0
2023_31,2023,2023-12-18,2023-12-17,94,25.0,900,7.477380952380952,3.9142857142857146,11.22857142857143,4.464285714285714,0.0,20.428571428571427,197.37202380952382,0.0,387.85714285714283,15.463690476190477,12.171428571428569,21.714285714285715,90.17857142857143,83.02857142857142,93.42857142857143,528.3869047619047,370.14285714285717,679.0,61.7,875963.0
2023_31,2023,2023-12-19,2023-12-18,95,25.0,900,5.467261904761904,1.4285714285714284,9.771428571428572,5.605442176870748,0.0,25.285714285714285,241.12440476190477,0.0,471.42857142857144,15.33095238095238,11.657142857142858,22.24285714285714,89.28571428571429,82.48571428571428,92.92857142857143,492.2857142857143,310.7142857142857,660.5714285714286,49.0,695658.0
2023_31,2023,2023-12-20,2023-12-19,96,25.0,900,4.245833333333333,-0.014285714285714488,8.971428571428572,6.346938775510203,0.0,28.714285714285715,266.27916666666664,0.0,520.2857142857143,15.367261904761904,11.657142857142858,23.17142857142857,88.48154761904762,81.65714285714286,92.68571428571428,484.2023809523809,308.0,647.5714285714286,49.6,592780.0
2023_31,2023,2023-12-21,2023-12-20,97,25.0,900,3.0053571428571426,-1.0000000000000002,7.285714285714286,6.049319727891157,0.0,28.571428571428573,252.46130952380955,0.0,497.85714285714283,15.607142857142858,12.328571428571427,23.099999999999998,87.55833333333332,80.97142857142856,92.18571428571428,483.77976190476187,291.7142857142857,648.4285714285714,51.7,617337.0
2023_31,2023,2023-12-22,2023-12-21,98,25.0,900,1.0458333333333332,-3.1142857142857143,5.671428571428572,6.890873015873016,0.0,32.666666666666664,309.86845238095236,0.0,612.8571428571429,16.164285714285715,12.857142857142858,24.071428571428573,85.90119047619048,79.47142857142856,91.32857142857144,472.25,258.85714285714283,643.8571428571429,56.6,675952.0
2023_31,2023,2023-12-23,2023-12-22,99,25.0,900,-1.5250000000000001,-5.814285714285715,3.2857142857142856,8.425293305728088,0.0,37.833333333333336,364.14107142857137,0.0,720.4285714285714,16.292857142857144,12.414285714285715,25.171428571428574,84.33928571428571,77.74285714285715,90.67142857142858,460.26785714285717,232.85714285714286,633.8571428571429,47.4,566609.0
2023_31,2023,2023-12-24,2023-12-23,100,25.0,900,-2.5958333333333337,-7.057142857142858,2.8285714285714287,8.800293305728088,0.0,39.0,379.25833333333327,0.0,749.5714285714286,16.342261904761905,12.442857142857141,25.77142857142857,84.08095238095237,77.2,90.62857142857142,462.922619047619,231.14285714285714,643.2857142857143,50.7,606044.0
2023_31,2023,2023-12-25,2023-12-24,101,25.0,900,-2.3089285714285714,-7.028571428571429,3.6000000000000005,8.766174948240165,0.0,38.833333333333336,372.85714285714283,0.0,736.2857142857143,16.4375,12.442857142857145,26.157142857142855,84.41666666666666,78.05714285714285,90.71428571428571,465.4404761904762,231.28571428571428,649.8571428571429,59.5,710906.0
2023_31,2023,2023-12-26,2023-12-25,102,25.0,900,-2.261904761904762,-7.1000000000000005,4.214285714285714,8.823714630779849,0.0,38.833333333333336,380.29464285714283,0.0,753.1428571428571,16.499404761904763,12.428571428571429,26.642857142857142,84.5125,78.52857142857144,90.8142857142857,467.6726190476191,232.85714285714286,654.4285714285714,37.9,452427.0
2023_31,2023,2023-12-27,2023-12-26,103,25.0,900,-2.475,-7.8428571428571425,4.728571428571429,9.041968599033817,0.0,39.5,395.54523809523806,0.0,783.0,16.435119047619047,12.157142857142857,27.04285714285714,84.70654761904761,78.78571428571429,90.81428571428572,471.88095238095235,234.42857142857142,660.8571428571429,47.4,566251.0
2023_31,2023,2023-12-28,2023-12-27,104,25.0,900,-1.8261904761904761,-7.314285714285715,5.942857142857143,9.479468599033817,0.0,39.333333333333336,412.2041666666667,0.0,813.2857142857143,16.23095238095238,11.457142857142857,27.657142857142855,85.68928571428572,79.7,91.3,471.8273809523809,239.57142857142858,662.2857142857143,87.2,1041801.0
2023_31,2023,2023-12-29,2023-12-28,105,25.0,900,-0.7244047619047619,-6.671428571428572,8.114285714285716,9.422877846790891,0.0,39.285714285714285,405.82797619047614,0.0,800.1428571428571,15.976785714285715,10.742857142857144,28.228571428571428,86.89821428571427,81.0,92.2,471.0357142857143,243.0,667.1428571428571,59.0,705170.0
2023_31,2023,2023-12-30,2023-12-29,106,25.0,900,0.2696428571428572,-5.957142857142858,9.585714285714287,9.173136645962732,0.0,38.857142857142854,398.3285714285715,0.0,784.7142857142857,15.808333333333334,10.714285714285714,28.442857142857143,87.78928571428573,82.34285714285714,92.65714285714284,470.8988095238095,244.85714285714286,667.5714285714286,81.5,973507.0
2023_31,2023,2023-12-31,2023-12-30,107,25.0,900,1.2827380952380951,-5.128571428571429,10.685714285714285,9.001811594202898,0.0,38.857142857142854,387.9619047619048,0.0,764.0,15.94345238095238,10.728571428571428,28.614285714285717,88.21190476190476,82.77142857142857,93.07142857142857,474.0357142857143,245.57142857142858,670.5714285714286,47.7,569567.0
2023_31,2023,2024-01-01,2023-12-31,108,25.0,900,2.164285714285714,-4.485714285714287,11.271428571428572,8.554865424430641,0.0,38.0,375.9303571428572,0.0,739.0,15.891071428571427,10.7,28.271428571428572,88.4297619047619,82.92857142857143,93.24285714285715,480.1488095238095,258.57142857142856,673.7142857142857,57.7,689037.0
2023_31,2023,2024-01-02,2024-01-01,109,25.0,900,2.9047619047619047,-3.9142857142857146,11.885714285714286,8.459627329192546,0.0,37.57142857142857,370.70535714285717,0.0,728.7142857142857,15.963095238095237,10.742857142857142,28.12857142857143,88.57321428571429,83.07142857142857,93.42857142857143,483.79166666666663,265.2857142857143,676.8571428571429,71.0,847853.0
2023_31,2023,2024-01-03,2024-01-02,110,25.0,900,3.7571428571428567,-2.6857142857142864,12.12857142857143,8.46687370600414,0.0,37.0,367.69166666666666,0.0,724.8571428571429,16.061904761904763,10.757142857142856,27.942857142857147,88.81607142857142,83.57142857142857,93.37142857142858,483.6130952380953,268.7142857142857,677.4285714285714,48.4,578619.0
2023_31,2023,2024-01-04,2024-01-03,111,25.0,900,3.8148809523809524,-2.671428571428572,11.842857142857143,8.34187370600414,0.0,37.42857142857143,360.8619047619048,0.0,714.1428571428571,15.880357142857141,10.728571428571428,27.671428571428574,88.78630952380952,83.12857142857142,93.31428571428572,486.39285714285717,270.2857142857143,675.2857142857143,61.4,733491.0
2023_31,2023,2024-01-05,2024-01-04,112,25.0,900,3.573809523809524,-2.842857142857144,11.200000000000001,8.52044513457557,0.0,38.0,367.3583333333333,0.0,727.8571428571429,15.799999999999999,10.742857142857144,27.314285714285717,88.55238095238096,82.98571428571428,92.94285714285715,491.0,275.0,676.5714285714286,31.8,380010.0
2023_31,2023,2024-01-06,2024-01-05,113,25.0,900,3.7791666666666663,-2.8571428571428577,11.428571428571429,8.58592132505176,0.0,38.285714285714285,339.7547619047619,0.0,698.5,15.779166666666665,10.728571428571428,27.071428571428573,88.54523809523809,82.94285714285715,93.08571428571429,494.05357142857144,278.57142857142856,680.2857142857143,54.0,644762.0
2023_31,2023,2024-01-07,2024-01-06,114,25.0,900,3.680357142857143,-2.6857142857142864,11.428571428571429,8.85843685300207,0.0,39.42857142857143,352.99285714285713,0.0,725.2142857142857,15.726785714285715,10.685714285714285,27.071428571428573,88.37142857142858,82.78571428571429,92.92857142857143,494.5,287.14285714285717,679.5714285714286,26.5,316735.0
2023_31,2023,2024-01-08,2024-01-07,115,25.0,900,2.8035714285714284,-3.328571428571429,10.657142857142857,9.473084886128364,0.0,40.857142857142854,373.44047619047615,0.0,769.3571428571429,15.772619047619047,10.700000000000001,27.17142857142857,88.22321428571429,82.67142857142858,92.8142857142857,489.29166666666663,272.2857142857143,679.5714285714286,37.9,500940.0
2023_31,2023,2024-01-09,2024-01-08,116,25.0,900,1.9089285714285715,-4.2857142857142865,9.857142857142858,9.865942028985506,0.0,42.42857142857143,391.09940476190474,0.0,806.7857142857143,15.717261904761903,10.657142857142857,27.25714285714286,88.12261904761905,82.47142857142856,92.81428571428572,490.36904761904765,272.42857142857144,680.1428571428571,17.1,225522.0
2023_31,2023,2024-01-10,2024-01-09,117,25.0,900,1.082142857142857,-5.371428571428573,8.842857142857143,9.572981366459627,0.0,39.42857142857143,356.25,0.0,740.9571428571428,15.610714285714286,10.671428571428573,26.0,88.11488095238096,82.2,92.72857142857143,484.56547619047615,267.57142857142856,683.1428571428571,27.5,362538.0
2023_31,2023,2024-01-11,2024-01-10,118,25.0,900,1.3880952380952378,-4.457142857142858,8.457142857142857,11.703933747412009,2.142857142857143,37.857142857142854,345.02857142857147,0.0,704.2285714285715,16.5125,11.914285714285715,25.442857142857143,88.06428571428572,82.9857142857143,92.44285714285714,456.39285714285717,267.2857142857143,636.7142857142857,10.8,142362.0
2023_31,2023,2024-01-12,2024-01-11,119,25.0,900,2.038690476190476,-4.2285714285714295,8.442857142857143,13.692028985507248,2.142857142857143,37.57142857142857,354.69821428571424,0.0,705.657142857143,17.257738095238096,11.928571428571429,25.414285714285715,88.05833333333332,83.28571428571429,92.44285714285714,436.92857142857144,264.85714285714283,614.2857142857143,25.8,340758.0
2023_31,2023,2024-01-13,2024-01-12,120,25.0,900,1.905952380952381,-4.185714285714286,8.285714285714286,13.733436853002072,2.142857142857143,37.285714285714285,383.5970238095238,0.0,739.4428571428572,17.2625,11.928571428571429,25.414285714285715,87.77380952380952,83.01428571428572,91.77142857142859,439.1607142857143,274.0,610.4285714285714,9.9,130086.0
2023_31,2023,2024-01-14,2024-01-13,121,25.0,900,1.6809523809523808,-4.585714285714286,8.142857142857142,14.038561076604555,2.142857142857143,37.57142857142857,392.06845238095235,0.0,759.5857142857143,17.276190476190475,11.757142857142858,25.400000000000002,87.13273809523808,82.12857142857145,91.32857142857142,444.0595238095238,284.85714285714283,611.0,25.4,335808.0
2023_31,2023,2024-01-15,2024-01-14,122,25.0,900,2.413095238095238,-4.614285714285715,9.528571428571428,13.7870082815735,2.142857142857143,37.285714285714285,385.2785714285714,0.0,744.8714285714286,17.42440476190476,11.657142857142857,25.385714285714283,86.66488095238094,81.32857142857142,91.32857142857144,451.82142857142856,300.42857142857144,612.5714285714286,14.7,194436.0
2023_31,2023,2024-01-16,2024-01-15,123,25.0,900,3.4208333333333334,-3.514285714285715,10.257142857142856,13.905020703933747,2.142857142857143,37.42857142857143,386.87023809523805,0.0,749.0,17.45059523809524,11.342857142857143,25.414285714285715,86.24226190476189,80.55714285714285,90.92857142857143,453.797619047619,310.14285714285717,608.4285714285714,32.9,433620.0
2023_31,2023,2024-01-17,2024-01-16,124,25.0,900,3.3755952380952374,-3.6714285714285717,10.928571428571429,14.530561829474873,2.142857142857143,41.42857142857143,433.25654761904764,0.0,837.5428571428572,17.308333333333334,10.814285714285715,26.442857142857143,85.42380952380952,79.67142857142858,90.64285714285714,463.8154761904762,321.14285714285717,606.2857142857143,20.9,275814.0
2023_31,2023,2024-01-18,2024-01-17,125,25.0,900,2.9488095238095235,-4.871428571428572,11.028571428571428,11.520468661773009,0.0,38.57142857142857,407.66785714285714,0.0,797.6999999999999,15.985119047619047,9.085714285714285,25.5,85.76309523809525,79.11428571428573,91.12857142857145,493.7857142857143,331.42857142857144,653.0,42.6,562914.0
2023_31,2023,2024-01-19,2024-01-18,126,25.0,900,3.32202380952381,-3.6857142857142864,11.22857142857143,8.252611518915867,0.0,33.857142857142854,342.7845238095238,0.0,685.2714285714285,14.895833333333334,9.0,24.199999999999996,86.64345238095237,79.08571428571429,91.57142857142857,520.297619047619,358.0,670.1428571428571,21.2,279774.0
2023_31,2023,2024-01-20,2024-01-19,127,25.0,900,3.958928571428572,-2.1857142857142864,10.614285714285714,7.413584603801995,0.0,30.428571428571427,309.1642857142857,0.0,617.6999999999999,14.729761904761904,9.114285714285716,23.199999999999996,87.325,79.24285714285715,92.1857142857143,513.922619047619,348.85714285714283,660.8571428571429,32.9,434808.0
2023_31,2023,2024-01-21,2024-01-20,128,25.0,900,4.603571428571429,-0.7857142857142861,9.928571428571429,5.965603237342369,0.0,24.714285714285715,250.57083333333335,0.0,500.1285714285714,14.431547619047619,9.271428571428572,21.91428571428571,88.23095238095239,80.38571428571429,92.58571428571429,513.5535714285714,360.7142857142857,644.7142857142857,47.5,626670.0
2023_31,2023,2024-01-22,2024-01-21,129,25.0,900,4.872619047619048,0.6142857142857138,9.357142857142858,5.53703180877094,0.0,24.142857142857142,231.8767857142857,0.0,461.1285714285714,14.213095238095239,9.314285714285715,21.657142857142855,88.89880952380952,80.91428571428571,92.7,510.85714285714283,366.57142857142856,635.8571428571429,52.2,688644.0
2023_31,2023,2024-01-23,2024-01-22,130,25.0,900,4.226190476190476,-5.075305255429287e-16,8.414285714285715,5.549454169019386,0.0,24.571428571428573,230.60059523809522,0.0,460.42857142857144,14.005952380952381,9.142857142857142,21.642857142857142,89.19880952380952,81.54285714285713,92.97142857142856,505.25595238095235,359.2857142857143,632.2857142857143,75.8,1000890.0
2023_31,2023,2024-01-24,2024-01-23,131,25.0,900,3.5220238095238097,-0.2857142857142865,6.842857142857143,5.679865424430642,0.0,25.571428571428573,239.23035714285714,0.0,480.57142857142856,13.804166666666669,9.214285714285714,21.685714285714287,89.27261904761905,81.5,93.01428571428572,499.0357142857143,353.14285714285717,624.5714285714286,56.6,747648.0
2023_31,2023,2024-01-25,2024-01-24,132,25.0,900,2.6571428571428575,-0.9428571428571436,5.942857142857143,7.118530020703934,0.0,31.0,299.2107142857143,0.0,603.5714285714286,14.014285714285716,9.242857142857144,23.114285714285717,88.40833333333333,80.72857142857143,92.57142857142857,492.5,346.14285714285717,615.8571428571429,59.8,789426.0
2023_31,2023,2024-01-26,2024-01-25,133,25.0,900,1.0404761904761908,-3.1428571428571432,5.257142857142857,8.21972049689441,0.0,34.857142857142854,346.06666666666666,0.0,698.5714285714286,14.00297619047619,8.8,24.08571428571429,87.33749999999999,79.94285714285715,92.20000000000002,478.6369047619047,316.85714285714283,616.4285714285714,45.8,604494.0
2023_31,2023,2024-01-27,2024-01-26,134,25.0,900,0.00119047619047644,-5.157142857142858,5.5,9.326863354037268,0.0,39.285714285714285,393.1928571428571,0.0,793.5714285714286,13.92202380952381,8.185714285714285,25.071428571428577,86.49285714285713,79.39999999999999,91.98571428571428,482.22023809523813,326.14285714285717,622.7142857142857,48.4,638352.0
2023_31,2023,2024-01-28,2024-01-27,135,25.0,900,-0.664285714285714,-6.642857142857144,5.942857142857143,10.814958592132504,0.0,45.42857142857143,456.56369047619046,0.0,921.1428571428571,14.032738095238097,7.728571428571428,26.3,85.85119047619047,78.58571428571429,91.82857142857142,479.9404761904762,310.7142857142857,635.8571428571429,49.8,656766.0
2023_31,2023,2024-01-29,2024-01-28,136,25.0,900,-1.5172619047619047,-7.957142857142857,5.528571428571429,11.675207039337474,0.0,46.714285714285715,488.81845238095235,0.0,989.7142857142857,13.942857142857141,7.3,26.557142857142857,85.33392857142857,78.08571428571429,91.74285714285715,477.6726190476191,301.0,640.4285714285714,50.5,666666.0
2023_31,2023,2024-01-30,2024-01-29,137,25.0,900,-1.5202380952380952,-8.014285714285714,6.242857142857143,11.787008281573497,0.0,46.57142857142857,494.99345238095236,0.0,1000.2857142857143,13.982142857142858,7.285714285714286,26.5,85.18571428571428,77.81428571428572,91.71428571428571,482.26785714285717,307.0,645.2857142857143,43.0,568062.0
2023_31,2023,2024-01-31,2024-01-30,138,25.0,900,-0.4964285714285714,-7.571428571428571,8.014285714285714,11.68257105213627,0.0,46.142857142857146,487.3833333333333,0.0,980.4285714285714,14.255357142857141,7.314285714285715,26.5,85.53630952380954,78.10000000000001,92.07142857142857,490.3869047619047,320.57142857142856,651.7142857142857,46.9,619146.0
2023_31,2023,2024-02-01,2024-01-31,139,25.0,900,0.974404761904762,-6.071428571428571,10.0,11.236142480707699,0.0,45.42857142857143,467.5970238095238,0.0,944.9857142857143,14.7125,7.7,26.62857142857143,86.1970238095238,78.51428571428572,92.5,498.45833333333337,325.7142857142857,663.8571428571429,71.0,936738.0
2023_31,2023,2024-02-02,2024-02-01,140,25.0,900,2.413690476190476,-3.7142857142857153,10.428571428571429,10.271856766421985,0.0,42.42857142857143,426.8720238095238,0.0,863.842857142857,14.922023809523811,8.3,25.928571428571427,87.05119047619048,79.4,92.72857142857141,508.1607142857143,337.57142857142856,669.8571428571429,52.0,686862.0
2023_31,2023,2024-02-03,2024-02-02,141,25.0,900,3.4761904761904767,-1.8285714285714292,10.728571428571428,9.658761528326746,0.0,41.714285714285715,399.5934523809524,0.0,814.4142857142857,15.179166666666669,8.77142857142857,25.885714285714283,87.73630952380952,80.12857142857142,92.98571428571428,506.9583333333333,337.42857142857144,665.1428571428571,59.6,787050.0
2023_31,2023,2024-02-04,2024-02-03,142,25.0,900,4.280357142857143,-0.18571428571428658,10.657142857142857,8.492094861660078,0.0,37.0,350.40297619047624,0.0,714.2714285714285,15.217857142857143,9.271428571428572,24.914285714285715,88.57857142857142,80.81428571428572,93.31428571428572,502.51785714285717,325.57142857142856,663.8571428571429,50.0,660528.0
2023_31,2023,2024-02-05,2024-02-04,143,25.0,900,5.101785714285714,1.0999999999999992,10.842857142857142,7.417560700169395,0.0,34.42857142857143,309.9565476190476,0.0,627.1285714285714,15.335119047619047,9.700000000000001,24.471428571428568,89.30119047619048,81.58571428571429,93.57142857142856,500.3690476190476,323.57142857142856,661.1428571428571,38.7,510642.0
2023_31,2023,2024-02-06,2024-02-05,144,25.0,900,5.831547619047619,2.6857142857142846,10.342857142857143,5.925324675324674,0.0,29.0,248.55714285714288,0.0,503.9857142857143,15.247619047619049,10.214285714285714,23.22857142857143,90.00297619047619,82.21428571428571,93.81428571428572,498.5238095238096,323.57142857142856,652.4285714285714,28.1,371448.0
2023_31,2023,2024-02-07,2024-02-06,145,25.0,900,6.171428571428572,4.028571428571428,9.700000000000001,4.916666666666666,0.0,25.571428571428573,206.725,0.0,422.7,15.130357142857145,10.542857142857143,22.5,90.65357142857144,82.87142857142858,94.02857142857142,490.5,310.85714285714283,645.1428571428571,31.3,412830.0
2023_31,2023,2024-02-08,2024-02-07,146,25.0,900,5.342857142857143,3.199999999999999,8.614285714285716,5.588744588744589,0.0,26.285714285714285,230.13273809523807,0.0,464.14285714285717,14.949404761904761,10.200000000000001,22.37142857142857,90.31666666666668,82.8,93.8142857142857,484.01785714285717,308.0,637.8571428571429,27.3,360558.0
2023_31,2023,2024-02-09,2024-02-08,147,25.0,900,4.569642857142857,1.6857142857142853,8.757142857142856,7.200989486703771,0.0,31.0,288.2845238095238,0.0,580.7142857142857,15.010119047619046,9.62857142857143,23.400000000000002,89.59226190476191,82.01428571428572,93.65714285714286,477.54166666666663,305.14285714285717,629.8571428571429,53.5,705771.0
2023_31,2023,2024-02-11,2024-02-10,149,25.0,900,3.2023809523809526,-1.0714285714285723,8.957142857142857,9.504819714447043,0.0,37.57142857142857,379.0845238095238,0.0,762.0,14.976190476190476,8.685714285714285,24.8,88.40416666666667,81.10000000000001,93.1,480.52976190476187,312.42857142857144,629.5714285714286,54.5,718938.0
2023_31,2023,2024-02-12,2024-02-11,150,25.0,900,2.5470238095238096,-2.3142857142857154,9.014285714285714,10.42148638111371,0.0,40.142857142857146,417.6214285714286,0.0,845.0,14.886309523809524,8.22857142857143,25.214285714285715,87.8029761904762,80.45714285714287,92.85714285714286,485.125,316.42857142857144,634.8571428571429,13.7,181170.0
2023_31,2023,2024-02-13,2024-02-12,151,25.0,900,2.155357142857143,-3.6857142857142864,9.771428571428572,12.04648638111371,0.0,46.285714285714285,488.0267857142857,0.0,987.4285714285714,15.10297619047619,7.771428571428571,26.52857142857143,87.22500000000001,79.88571428571429,92.65714285714284,489.6011904761904,320.42857142857144,642.8571428571429,16.3,215424.0
2023_31,2023,2024-02-14,2024-02-13,152,25.0,900,2.442857142857143,-4.500000000000001,11.1,13.201248285875613,0.0,50.142857142857146,542.129761904762,0.0,1099.2857142857142,15.420833333333333,7.371428571428571,27.571428571428573,86.69464285714285,79.11428571428573,92.42857142857143,499.1130952380953,328.85714285714283,651.7142857142857,40.3,532422.0
2023_31,2023,2024-02-15,2024-02-14,153,25.0,900,3.5357142857142856,-3.5142857142857156,12.142857142857142,11.660122744750073,0.0,45.0,482.0702380952381,0.0,981.0,15.451785714285714,7.757142857142857,26.685714285714287,87.48392857142856,80.04285714285713,92.91428571428571,510.7083333333333,337.85714285714283,663.8571428571429,14.5,192060.0
2023_31,2023,2024-02-16,2024-02-15,154,25.0,900,4.465357142857143,-1.7142857142857153,11.928571428571429,9.985973084886128,0.0,40.0,409.7994047619048,0.0,841.8142857142857,15.38988095238095,8.514285714285714,25.52857142857143,88.30440476190476,81.14285714285714,93.14285714285714,535.2178571428572,378.0,672.7142857142857,28.7,378972.0
2023_31,2023,2024-02-17,2024-02-16,155,25.0,900,4.879027777777778,-1.300000000000001,12.083333333333334,9.382185990338165,0.0,38.0,330.9636904761905,0.0,680.8142857142857,15.402083333333332,8.7,25.0,88.61694444444446,81.35,93.28333333333335,543.0319444444444,388.5,677.5,22.4,295614.0
2023_31,2023,2024-02-18,2024-02-17,156,25.0,900,5.584833333333334,-0.3600000000000012,12.34,8.571666666666667,0.0,35.6,252.45773809523808,0.0,521.9571428571428,15.45583333333333,9.0,24.5,89.03866666666667,81.74,93.52000000000001,552.705,401.0,686.0,54.8,723294.0
2023_31,2023,2024-02-19,2024-02-18,157,25.0,900,6.4852083333333335,0.7499999999999984,12.95,7.8604166666666675,0.0,32.5,181.26130952380953,0.0,377.8142857142857,15.638541666666665,9.5,23.95,89.54937500000001,82.25,93.775,565.225,419.0,691.25,21.6,284724.0
2023_31,2023,2024-02-20,2024-02-19,158,25.0,900,7.9775,2.9333333333333313,13.533333333333333,5.93888888888889,0.0,25.666666666666668,98.06130952380953,0.0,208.81428571428572,15.720833333333331,10.133333333333333,22.8,90.60472222222224,83.36666666666666,94.2,581.4666666666667,439.6666666666667,701.0,55.5,732996.0
2023_31,2023,2024-02-24,2024-02-23,162,25.0,900,3.9895299145299155,2.7999999999999985,5.333333333333333,3.0021367521367526,0.0,12.0,52.86904761904761,0.0,107.71428571428571,14.028846153846153,10.200000000000001,18.5,90.6068376068376,83.13333333333334,93.63333333333333,457.1517094017094,316.3333333333333,558.3333333333334,42.9,523746.0
2023_31,2023,2024-02-25,2024-02-24,163,25.0,900,4.0390224358974365,2.3749999999999987,6.05,4.126602564102564,0.0,18.25,101.41488095238095,0.0,202.0,14.175801282051282,9.975,19.825000000000003,90.4613782051282,83.0,93.45,459.57211538461536,320.5,560.0,39.3,479094.0
2023_31,2023,2024-02-26,2024-02-25,164,25.0,900,4.161217948717949,2.179999999999999,6.5200000000000005,4.417948717948718,0.0,19.0,134.64642857142857,0.0,270.7142857142857,14.25147435897436,9.92,20.26,90.6124358974359,82.92,93.5,461.21602564102557,313.4,573.8,42.7,521367.0
2023_31,2023,2024-02-27,2024-02-26,165,25.0,900,4.362126068376068,1.5166666666666657,7.416666666666667,6.07051282051282,0.0,24.833333333333332,222.70833333333331,0.0,447.0,14.563728632478634,9.666666666666666,21.2,89.96522435897435,81.91666666666667,93.16666666666667,467.2980769230769,327.1666666666667,580.3333333333334,39.5,481656.0
2023_31,2023,2024-02-28,2024-02-27,166,25.0,900,4.348489010989011,1.1428571428571421,7.671428571428572,6.995504495504496,0.0,27.857142857142858,293.34285714285716,0.0,588.5714285714286,14.58319597069597,9.314285714285715,21.67142857142857,89.6761446886447,81.95714285714287,92.85714285714286,474.77335164835165,336.7142857142857,587.4285714285714,45.6,556869.0
2023_31,2023,2024-02-29,2024-02-28,167,25.0,900,4.242857142857143,0.04285714285714207,8.6,8.911255411255413,0.0,34.857142857142854,377.50892857142856,0.0,758.2857142857143,14.718452380952382,8.785714285714286,22.82857142857143,89.08511904761905,80.54285714285716,92.61428571428571,486.4047619047619,340.0,613.7142857142857,46.8,571326.0
2023_31,2023,2024-03-01,2024-02-29,168,25.0,900,4.3898809523809526,-0.05714285714285795,8.928571428571429,8.871289424860853,0.0,34.0,374.38511904761907,0.0,752.2857142857143,14.690476190476192,8.571428571428571,22.757142857142856,89.16607142857141,81.32857142857142,92.61428571428571,496.8869047619047,350.7142857142857,632.2857142857143,33.1,404430.0
2023_31,2023,2024-03-02,2024-03-01,169,25.0,900,4.023214285714286,-0.8571428571428579,8.8,10.627241805813233,0.0,40.857142857142854,449.38571428571424,0.0,904.4285714285714,14.846428571428573,8.242857142857144,23.842857142857145,88.64999999999999,81.08571428571429,92.31428571428572,505.4642857142857,367.2857142857143,639.7142857142857,33.0,403149.0
2023_31,2023,2024-03-03,2024-03-02,170,25.0,900,3.2910714285714286,-2.228571428571429,8.357142857142858,11.98438466295609,0.0,44.42857142857143,505.15059523809526,0.0,1020.7142857142857,14.901785714285714,7.957142857142857,24.199999999999996,87.99702380952381,80.51428571428572,91.95714285714287,512.547619047619,376.0,653.0,41.8,510387.0
2023_31,2023,2024-03-04,2024-03-03,171,25.0,900,3.4380952380952388,-2.72857142857143,8.728571428571428,12.859384662956092,0.0,49.0,548.3202380952381,0.0,1098.0,14.947619047619046,7.642857142857143,24.77142857142857,87.475,80.01428571428572,91.61428571428571,521.4047619047619,393.42857142857144,654.1428571428571,42.5,518073.0
2023_31,2023,2024-03-05,2024-03-04,172,25.0,900,3.516071428571429,-2.785714285714287,9.042857142857143,12.445305988007851,0.0,49.142857142857146,531.5803571428571,0.0,1056.5714285714287,14.866071428571429,7.571428571428571,24.75714285714286,87.68511904761905,80.38571428571429,91.77142857142857,529.0297619047619,397.7142857142857,667.2857142857143,40.6,495381.0
2023_31,2023,2024-03-06,2024-03-05,173,25.0,900,3.805952380952381,-1.9571428571428577,8.814285714285713,10.909050576752438,0.0,43.42857142857143,471.8666666666667,0.0,937.4285714285714,14.866071428571429,8.071428571428571,23.857142857142858,88.27261904761905,80.87142857142858,92.25714285714285,533.4107142857143,402.14285714285717,670.8571428571429,39.0,475800.0
2023_31,2023,2024-03-07,2024-03-06,174,25.0,900,4.478571428571429,-0.48571428571428654,8.87142857142857,10.501183081928422,0.0,42.714285714285715,455.3422619047619,0.0,894.5714285714286,15.058333333333334,8.742857142857142,23.842857142857145,88.81904761904762,81.25714285714285,92.6857142857143,525.3571428571429,399.57142857142856,649.8571428571429,44.5,542961.0
2023_31,2023,2024-03-08,2024-03-07,175,25.0,900,4.826190476190476,-0.7428571428571435,9.657142857142857,11.755434782608697,0.0,47.714285714285715,510.9678571428571,0.0,1006.7142857142857,15.451785714285714,8.742857142857144,24.857142857142858,88.51845238095238,80.2,92.62857142857142,521.9285714285714,400.42857142857144,647.2857142857143,58.6,715164.0
2023_31,2023,2024-03-09,2024-03-08,176,25.0,900,5.069047619047619,-0.714285714285715,10.442857142857141,11.989389233954453,0.0,47.42857142857143,516.5238095238095,0.0,1016.8571428571429,15.545238095238094,8.785714285714286,24.87142857142857,88.38630952380952,80.14285714285714,92.32857142857142,525.3035714285714,405.2857142857143,651.5714285714286,53.1,647454.0
2023_31,2023,2024-03-10,2024-03-09,177,25.0,900,5.55,-0.25714285714285773,11.200000000000001,12.114389233954451,0.0,47.57142857142857,521.989880952381,0.0,1026.857142857143,15.651785714285714,8.842857142857143,24.871428571428574,88.49285714285715,80.05714285714285,92.31428571428572,535.3154761904761,430.57142857142856,643.5714285714286,59.9,730353.0
2023_31,2023,2024-03-11,2024-03-10,178,25.0,900,5.319642857142858,-0.6428571428571433,11.485714285714286,12.971532091097307,0.0,48.857142857142854,554.879761904762,0.0,1099.857142857143,15.804761904761905,8.857142857142858,24.900000000000002,88.28809523809524,79.82857142857142,92.1857142857143,539.8035714285714,432.42857142857144,654.0,49.5,542189.0
2023_31,2023,2024-03-12,2024-03-11,179,25.0,900,5.29047619047619,-0.714285714285715,11.285714285714286,12.518115942028984,0.0,46.0,536.0130952380953,0.0,1061.7142857142858,15.728571428571428,8.957142857142857,24.599999999999998,88.5642857142857,80.77142857142857,92.34285714285714,541.2619047619047,429.14285714285717,660.1428571428571,47.2,516648.0
2023_31,2023,2024-03-13,2024-03-12,180,25.0,900,5.384523809523809,-1.471428571428572,12.157142857142857,13.870859213250517,0.0,50.714285714285715,592.2065476190476,0.0,1171.5714285714287,15.888095238095238,8.728571428571428,25.45714285714286,88.23035714285713,80.55714285714285,92.12857142857145,539.327380952381,426.0,665.5714285714286,42.5,465813.0
2023_31,2023,2024-03-14,2024-03-13,181,25.0,900,4.945238095238095,-2.728571428571429,12.357142857142858,14.62396480331263,0.0,52.285714285714285,623.8392857142857,0.0,1244.142857142857,15.762500000000001,8.171428571428573,25.471428571428568,87.81488095238095,80.21428571428571,91.67142857142856,548.2321428571429,429.85714285714283,686.7142857142857,54.7,599184.0
2023_31,2023,2024-03-15,2024-03-14,182,25.0,900,4.906547619047619,-2.9857142857142867,12.928571428571429,15.43271221532091,0.0,54.285714285714285,653.5375000000001,0.0,1304.0,15.67261904761905,8.114285714285714,25.3,87.51607142857142,79.94285714285715,91.35714285714286,555.7380952380953,434.14285714285717,692.8571428571429,57.8,632691.0
2023_31,2023,2024-03-16,2024-03-15,183,25.0,900,5.664285714285714,-3.000000000000001,14.314285714285715,15.442805383022773,0.0,54.714285714285715,659.4642857142857,0.0,1313.7142857142858,15.729761904761904,8.185714285714285,24.97142857142857,87.35595238095239,79.32857142857142,91.57142857142857,566.8333333333334,440.57142857142856,707.4285714285714,63.4,693956.0
2023_31,2023,2024-03-17,2024-03-16,184,25.0,900,6.784523809523809,-2.4285714285714297,15.585714285714285,15.270186335403725,0.0,54.142857142857146,652.7041666666667,0.0,1299.142857142857,15.86547619047619,8.27142857142857,24.685714285714283,87.46011904761905,78.89999999999999,92.04285714285716,567.2202380952381,421.85714285714283,729.4285714285714,63.8,698884.0
2023_31,2023,2024-03-18,2024-03-17,185,25.0,900,8.182738095238095,-0.8285714285714292,16.757142857142856,14.788043478260871,0.0,53.57142857142857,633.8160714285715,0.0,1254.0,16.076785714285712,8.885714285714286,24.400000000000002,87.76250000000002,78.68571428571428,92.6,569.4821428571429,425.14285714285717,736.5714285714286,78.7,862148.0
2023_31,2023,2024-03-19,2024-03-18,186,25.0,900,8.597023809523808,-0.514285714285715,17.11428571428571,16.39363354037267,0.0,57.57142857142857,692.3398809523809,0.0,1378.0,15.883333333333335,8.757142857142858,24.2,87.22142857142858,77.58571428571427,92.34285714285716,566.1904761904761,431.0,727.8571428571429,38.1,417524.0
2023_31,2023,2024-03-20,2024-03-19,187,25.0,900,9.073809523809524,0.28571428571428503,17.428571428571427,16.445652173913043,0.0,58.285714285714285,697.3654761904762,0.0,1393.0,15.418452380952383,8.4,24.142857142857142,86.67678571428571,76.67142857142858,92.11428571428571,559.452380952381,433.7142857142857,705.7142857142857,46.4,507697.0
2023_31,2023,2024-03-21,2024-03-20,188,25.0,900,8.986904761904762,0.4285714285714278,16.785714285714285,16.701604554865423,0.0,59.142857142857146,708.7416666666668,0.0,1413.2857142857142,15.217857142857143,8.014285714285714,25.114285714285717,86.89880952380952,76.81428571428572,92.27142857142859,551.2380952380952,428.57142857142856,690.0,24.0,226375.0
2023_31,2023,2024-03-22,2024-03-21,189,25.0,900,8.65297619047619,0.028571428571427835,16.285714285714285,17.095238095238095,0.0,60.57142857142857,731.4095238095239,0.0,1456.0,14.445238095238095,7.528571428571428,24.057142857142857,86.97559523809524,76.9,92.47142857142858,549.3928571428571,434.7142857142857,684.7142857142857,38.6,364723.0
2023_31,2023,2024-03-23,2024-03-22,190,25.0,900,8.659523809523808,0.4285714285714278,15.485714285714284,16.041666666666664,0.0,58.142857142857146,690.3279761904761,0.0,1366.4285714285713,14.1875,7.314285714285714,24.285714285714285,87.90059523809524,78.42857142857143,92.94285714285715,543.9107142857143,428.7142857142857,680.4285714285714,41.5,392364.0
2023_31,2023,2024-03-24,2024-03-23,191,25.0,900,9.567857142857141,2.157142857142856,16.014285714285712,16.101190476190478,0.0,58.42857142857143,694.429761904762,0.0,1372.4285714285713,14.546428571428573,8.285714285714286,24.542857142857144,88.3184523809524,79.08571428571429,93.28571428571429,542.547619047619,430.14285714285717,681.2857142857143,68.2,644679.0
2023_31,2023,2024-03-25,2024-03-24,192,25.0,900,9.247023809523808,2.6285714285714272,14.9,14.434523809523808,0.0,51.285714285714285,620.3375,0.0,1231.4285714285713,14.061309523809525,8.342857142857142,23.442857142857143,88.94345238095238,80.75714285714285,93.41428571428573,532.6845238095237,431.14285714285717,659.8571428571429,71.8,678274.0
2023_31,2023,2024-03-26,2024-03-25,193,25.0,900,9.45238095238095,3.77142857142857,14.5,12.017857142857142,0.0,44.285714285714285,526.6130952380953,0.0,1042.2714285714285,13.970238095238097,8.957142857142857,22.485714285714288,89.82440476190477,81.77142857142857,93.91428571428571,526.202380952381,422.85714285714283,647.2857142857143,36.2,341759.0
2023_31,2023,2024-03-27,2024-03-26,194,25.0,900,9.247619047619049,3.885714285714285,14.042857142857143,11.754658385093167,0.0,44.0,510.24880952380954,0.0,1010.6999999999999,13.991071428571429,9.37142857142857,21.442857142857143,90.44047619047619,82.67142857142858,94.37142857142858,532.5952380952381,427.14285714285717,667.0,45.4,429077.0
2023_31,2023,2024-03-28,2024-03-27,195,25.0,900,9.77142857142857,4.299999999999999,14.857142857142858,11.087991718426503,0.0,43.285714285714285,485.87202380952385,0.0,955.5571428571428,13.73095238095238,9.642857142857142,19.614285714285717,90.44464285714287,83.21428571428571,94.51428571428573,531.577380952381,438.0,653.1428571428571,54.3,513419.0
2023_31,2023,2024-03-29,2024-03-28,196,25.0,900,10.436309523809523,6.114285714285714,14.528571428571428,8.470755693581781,0.0,34.42857142857143,372.75,0.0,729.5571428571428,14.173809523809524,10.642857142857142,19.542857142857144,91.3375,84.39999999999999,94.89999999999999,520.6130952380952,424.7142857142857,634.4285714285714,54.4,513844.0
2023_31,2023,2024-03-30,2024-03-29,197,25.0,900,10.89345238095238,6.67142857142857,15.042857142857144,8.940993788819876,0.0,36.857142857142854,392.8208333333333,0.0,768.4142857142857,14.176190476190476,10.785714285714286,18.957142857142856,90.64642857142857,83.62857142857142,94.74285714285715,510.2202380952381,432.42857142857144,603.1428571428571,45.2,427518.0
2023_31,2023,2024-03-31,2024-03-30,198,25.0,900,10.045238095238094,5.242857142857142,14.3,8.587474120082815,0.0,36.0,373.76071428571424,0.0,728.1285714285714,12.488690476190476,9.585714285714285,16.385714285714286,90.29107142857141,83.64285714285714,94.68571428571428,498.30357142857144,434.7142857142857,570.2857142857143,49.2,465224.0
2023_31,2023,2024-04-01,2024-03-31,199,25.0,900,10.014880952380953,4.442857142857141,15.1,10.200569358178054,0.0,43.142857142857146,447.47499999999997,0.0,866.6999999999999,12.29345238095238,8.757142857142858,16.985714285714288,89.6202380952381,82.02857142857142,94.97142857142856,496.83333333333337,435.85714285714283,560.0,85.2,804998.0
2023_31,2023,2024-04-02,2024-04-01,200,25.0,900,10.34047619047619,3.6857142857142846,16.542857142857144,12.68271221532091,0.0,50.714285714285715,553.7952380952381,0.0,1081.5714285714287,12.55595238095238,8.071428571428571,18.457142857142856,88.49107142857143,80.42857142857143,94.61428571428571,498.55952380952385,446.57142857142856,552.1428571428571,60.8,574938.0
2023_31,2023,2024-04-03,2024-04-02,201,25.0,900,10.851785714285715,3.5142857142857133,17.65714285714286,12.820910973084883,0.0,51.285714285714285,568.0630952380952,0.0,1099.7142857142858,12.80952380952381,7.7,19.442857142857143,88.29642857142858,79.98571428571428,94.55714285714285,497.09523809523813,449.2857142857143,549.8571428571429,100.8,952277.0
2023_31,2023,2024-04-04,2024-04-03,202,25.0,900,11.384523809523811,4.928571428571428,17.357142857142858,11.011387163561077,0.0,43.57142857142857,485.31130952380954,0.0,942.1428571428571,13.185119047619049,8.485714285714286,19.25714285714286,89.06547619047619,81.22857142857143,94.81428571428572,512.0595238095239,435.57142857142856,594.8571428571429,54.0,510725.0
2023_31,2023,2024-04-05,2024-04-04,203,25.0,900,12.018452380952382,5.485714285714285,18.2,11.503623188405797,0.0,45.857142857142854,508.91011904761905,0.0,985.1428571428571,13.299404761904764,8.485714285714286,19.41428571428571,88.84583333333333,81.41428571428571,94.84285714285714,511.86309523809524,448.2857142857143,587.7142857142857,77.2,729729.0
2023_31,2023,2024-04-06,2024-04-05,204,25.0,900,12.391071428571427,6.242857142857141,18.571428571428573,11.801242236024844,0.0,45.57142857142857,517.4773809523809,0.0,1013.5714285714286,13.382738095238096,8.700000000000001,19.485714285714288,88.63333333333334,81.3,94.75714285714285,511.2559523809524,449.7142857142857,588.0,105.7,998771.0
2023_31,2023,2024-04-07,2024-04-06,205,25.0,900,12.638690476190476,6.957142857142856,18.857142857142858,11.279503105590063,0.0,43.57142857142857,496.75892857142856,0.0,971.5714285714286,14.186309523809525,8.685714285714285,21.24285714285714,88.91071428571429,81.74285714285715,94.57142857142857,512.8511904761905,450.0,591.4285714285714,108.4,1024002.0
2023_31,2023,2024-04-08,2024-04-07,206,25.0,900,13.135714285714284,7.157142857142857,19.599999999999998,11.856884057971016,0.0,44.42857142857143,520.2446428571428,0.0,1022.8571428571429,14.601785714285715,8.657142857142857,21.957142857142856,88.62619047619047,81.38571428571429,94.18571428571428,513.8095238095239,446.14285714285717,595.4285714285714,106.2,1003732.0
2023_31,2023,2024-04-09,2024-04-08,207,25.0,900,13.66607142857143,8.157142857142857,19.8,10.094979296066255,0.0,38.857142857142854,447.389880952381,0.0,870.5428571428572,14.726190476190476,9.042857142857143,21.52857142857143,89.04642857142856,81.97142857142858,94.2,515.0416666666666,446.2857142857143,598.5714285714286,92.5,874314.0
2023_31,2023,2024-04-10,2024-04-09,208,25.0,900,13.832142857142856,8.657142857142857,19.61428571428571,10.087215320910973,0.0,39.285714285714285,436.79107142857146,0.0,864.3999999999999,14.651785714285714,9.299999999999999,21.185714285714283,88.78571428571429,81.74285714285715,94.22857142857143,511.4702380952381,445.57142857142856,582.2857142857143,67.2,635182.0
2023_31,2023,2024-04-11,2024-04-10,209,25.0,900,13.782738095238093,7.871428571428571,20.45714285714286,12.74689440993789,0.0,47.714285714285715,453.7583333333333,0.0,922.5714285714286,14.382142857142858,8.5,21.74285714285714,87.88571428571427,80.12857142857142,94.18571428571428,496.52976190476187,460.2857142857143,537.4285714285714,87.1,823142.0
2023_31,2023,2024-04-12,2024-04-11,210,25.0,900,13.772023809523807,7.385714285714285,20.814285714285713,13.36594202898551,0.0,50.57142857142857,478.764880952381,0.0,976.0,14.362499999999999,8.042857142857143,22.185714285714283,87.78035714285714,79.71428571428571,94.15714285714286,499.7857142857143,462.14285714285717,541.0,75.5,713144.0
2023_31,2023,2024-04-13,2024-04-12,211,25.0,900,13.995833333333334,7.457142857142856,21.514285714285712,13.526656314699794,0.0,51.142857142857146,484.3107142857143,0.0,986.2857142857143,14.596428571428572,8.157142857142857,22.8,88.2452380952381,79.52857142857144,94.65714285714286,502.8690476190476,461.7142857142857,543.7142857142857,69.6,657720.0
2023_31,2023,2024-04-14,2024-04-13,212,25.0,900,14.55892857142857,7.685714285714284,22.442857142857147,14.99120082815735,0.0,55.0,548.6964285714286,0.0,1118.7142857142858,15.19642857142857,8.32857142857143,23.942857142857143,87.87023809523808,78.55714285714286,94.64285714285714,503.2738095238096,461.14285714285717,545.0,99.0,935833.0
2023_31,2023,2024-04-15,2024-04-14,213,25.0,900,14.742261904761904,7.871428571428571,22.657142857142855,14.919772256728777,0.0,54.285714285714285,547.8738095238095,0.0,1112.857142857143,15.403571428571427,8.528571428571428,24.2,88.13214285714285,79.38571428571429,94.61428571428573,504.6845238095238,465.0,544.7142857142857,106.5,1006283.0
2023_31,2023,2024-04-16,2024-04-15,214,25.0,900,14.601785714285715,8.557142857142855,21.52857142857143,14.18762939958592,0.0,51.57142857142857,511.41726190476186,0.0,1049.7428571428572,15.519642857142857,9.185714285714285,23.771428571428572,89.07916666666667,81.11428571428573,95.0,502.6011904761905,462.2857142857143,541.8571428571429,86.1,813645.0
2023_31,2023,2024-04-17,2024-04-16,215,25.0,900,15.205952380952382,8.685714285714285,22.285714285714285,15.290631469979298,0.0,54.714285714285715,564.325,0.0,1150.1714285714286,16.204761904761902,9.357142857142858,24.657142857142855,89.04047619047618,80.78571428571429,95.04285714285713,500.3869047619047,459.7142857142857,538.8571428571429,89.6,846389.0
2023_31,2023,2024-04-18,2024-04-17,216,25.0,900,15.417857142857144,8.499999999999998,22.82857142857143,14.660714285714288,0.0,54.285714285714285,638.2238095238096,0.0,1266.857142857143,16.404761904761905,9.228571428571428,24.942857142857143,88.84761904761906,80.60000000000001,94.77142857142859,501.375,458.2857142857143,541.7142857142857,100.8,952277.0
2023_31,2023,2024-04-19,2024-04-18,217,25.0,900,15.799404761904764,8.357142857142856,23.771428571428572,16.25,0.0,57.857142857142854,708.5053571428572,0.0,1404.5714285714287,16.877380952380953,9.214285714285714,26.0,88.29642857142856,79.74285714285715,94.60000000000001,501.69642857142856,456.14285714285717,545.1428571428571,86.9,821583.0
2023_31,2023,2024-04-20,2024-04-19,218,25.0,900,16.038690476190478,8.214285714285714,23.900000000000002,16.511904761904763,0.0,58.0,725.467261904762,0.0,1430.5714285714287,17.11845238095238,9.071428571428573,26.300000000000004,88.06845238095238,79.82857142857144,94.25714285714285,505.11904761904765,458.85714285714283,551.4285714285714,82.7,781893.0
2023_31,2023,2024-04-21,2024-04-20,219,25.0,900,15.657738095238097,8.957142857142857,22.27142857142857,13.732142857142858,0.0,49.142857142857146,604.6797619047619,0.0,1189.7142857142858,16.866071428571427,9.814285714285715,24.771428571428572,89.09404761904761,82.15714285714286,94.32857142857144,505.44047619047615,459.85714285714283,549.8571428571429,77.6,732989.0
2023_31,2023,2024-04-22,2024-04-21,220,25.0,900,15.457738095238096,9.928571428571427,20.885714285714283,11.565476190476192,0.0,42.0,506.6380952380952,0.0,1002.2857142857143,16.673214285714284,10.728571428571428,23.442857142857143,89.94642857142857,83.92857142857143,94.48571428571428,498.9642857142857,457.0,540.4285714285714,69.7,658571.0
2023_31,2023,2024-04-23,2024-04-22,221,25.0,900,15.498809523809525,9.657142857142857,21.17142857142857,12.171066252587991,0.0,44.0,533.0065476190476,0.0,1051.2857142857142,16.538690476190474,10.37142857142857,23.271428571428572,89.36130952380952,83.54285714285713,94.17142857142858,494.42857142857144,458.14285714285717,531.8571428571429,46.9,442969.0
2023_31,2023,2024-04-24,2024-04-23,222,25.0,900,15.123214285714285,10.028571428571427,20.5,11.403209109730849,0.0,42.142857142857146,508.0988095238095,0.0,980.0,16.101785714285715,10.542857142857143,22.47142857142857,89.61845238095238,84.58571428571427,94.05714285714285,492.1666666666667,458.2857142857143,527.0,52.0,491164.0
2023_31,2023,2024-04-25,2024-04-24,223,25.0,900,15.226190476190478,10.542857142857141,20.2,11.617494824016562,0.0,43.285714285714285,510.0339285714286,0.0,998.5428571428571,16.229166666666664,10.971428571428572,22.37142857142857,90.0125,84.82857142857144,94.34285714285714,488.6130952380953,456.42857142857144,524.8571428571429,29.4,277547.0
2023_31,2023,2024-04-26,2024-04-25,224,25.0,900,15.163690476190478,10.314285714285715,20.2,12.171583850931677,0.0,44.142857142857146,527.2345238095239,0.0,1032.9714285714285,16.15595238095238,10.742857142857144,22.357142857142858,90.09880952380954,84.92857142857143,94.37142857142855,487.17857142857144,454.7142857142857,522.5714285714286,86.2,814637.0
2023_31,2023,2024-04-27,2024-04-26,225,25.0,900,14.99345238095238,10.728571428571428,19.714285714285715,11.010869565217392,0.0,40.714285714285715,472.06190476190477,0.0,931.9714285714284,15.935714285714285,11.114285714285716,21.814285714285713,90.83333333333333,85.92857142857143,94.91428571428571,487.2083333333333,453.2857142857143,522.1428571428571,66.1,624976.0
2023_31,2023,2024-04-28,2024-04-27,226,25.0,900,15.692857142857141,10.514285714285714,21.7,13.766821946169772,0.0,49.857142857142854,591.1678571428572,0.0,1171.3999999999999,16.51309523809524,10.985714285714286,23.571428571428573,90.15535714285714,83.91428571428571,95.12857142857142,492.8511904761904,464.42857142857144,522.2857142857143,123.0,1162492.0
2023_31,2023,2024-04-29,2024-04-28,227,25.0,900,16.21845238095238,10.114285714285714,23.285714285714285,16.123964803312628,0.0,57.0,694.6761904761905,0.0,1375.9714285714285,17.036309523809525,10.614285714285714,25.12857142857143,89.45714285714287,82.64285714285714,95.0,499.6190476190476,467.57142857142856,535.0,89.8,848374.0
2023_31,2023,2024-04-30,2024-04-29,228,25.0,900,16.12202380952381,10.37142857142857,22.928571428571427,15.488612836438923,0.0,54.714285714285715,668.0517857142858,0.0,1324.8285714285714,17.15892857142857,10.985714285714284,25.114285714285717,89.9547619047619,83.10000000000001,95.25714285714285,502.44047619047615,465.2857142857143,545.1428571428571,47.7,450340.0
2023_31,2023,2024-05-01,2024-04-30,229,25.0,900,16.49642857142857,10.685714285714285,23.271428571428572,15.363612836438923,0.0,53.42857142857143,657.9666666666666,0.0,1318.1142857142856,17.67083333333333,11.457142857142857,25.842857142857145,90.12261904761905,82.07142857142857,95.24285714285715,503.51785714285717,464.42857142857144,547.4285714285714,137.5,1299139.0
2023_31,2023,2024-05-02,2024-05-01,230,25.0,900,16.398214285714285,10.671428571428573,22.985714285714288,14.220755693581781,0.0,49.0,608.6660714285715,0.0,1221.4285714285713,17.570833333333333,11.4,25.285714285714285,90.35119047619047,82.7,95.22857142857141,500.7023809523809,447.2857142857143,546.1428571428571,62.9,594500.0
2023_31,2023,2024-05-03,2024-05-02,231,25.0,900,15.940357142857144,10.614285714285712,22.685714285714283,14.86547619047619,0.0,48.857142857142854,521.2188095238096,0.0,1144.8428571428572,17.157976190476187,11.385714285714286,24.814285714285713,90.05571428571429,78.04285714285713,95.24285714285715,495.9071428571429,420.42857142857144,544.2857142857143,120.0,1134425.0
2023_31,2023,2024-05-04,2024-05-03,232,25.0,900,16.422820512820515,10.485714285714284,23.17142857142857,17.3521978021978,0.0,53.142857142857146,707.9399175824176,133.81428571428572,1294.7,17.8792673992674,11.214285714285714,25.8,88.19165750915752,73.02857142857142,94.20000000000002,488.5591575091575,397.7142857142857,538.7142857142857,90.0,850500.0
2023_31,2023,2024-05-05,2024-05-04,233,25.0,900,16.238891941391945,9.928571428571429,22.67142857142857,17.46529304029304,0.0,53.285714285714285,716.4059890109891,133.81428571428572,1304.4142857142856,17.939981684981685,10.657142857142857,26.042857142857144,87.35356227106227,71.87142857142858,93.52857142857144,481.487728937729,383.14285714285717,540.0,130.3,1231524.0
2023_31,2023,2024-05-06,2024-05-05,234,25.0,900,16.071630036630037,10.657142857142857,21.400000000000002,15.036721611721612,0.0,45.57142857142857,609.8577747252747,133.81428571428572,1092.9857142857143,17.885815018315018,11.528571428571427,24.842857142857138,87.83451465201465,72.82857142857142,93.62857142857142,476.7020146520147,380.7142857142857,532.4285714285714,67.5,637875.0
2023_31,2023,2024-05-07,2024-05-06,235,25.0,900,16.615677655677654,10.9,22.157142857142855,17.167673992673993,0.0,53.142857142857146,705.23336996337,133.81428571428572,1272.5571428571427,18.52569597069597,11.714285714285714,26.2,86.67022893772894,70.61428571428571,93.17142857142858,473.35677655677654,381.57142857142856,522.4285714285714,196.3,1855508.0
2023_31,2023,2024-05-08,2024-05-07,236,25.0,900,16.337701465201466,10.557142857142855,21.75714285714286,16.798626373626373,0.0,52.714285714285715,690.9327747252747,133.81428571428572,1239.4142857142856,18.35069597069597,11.7,26.014285714285716,86.16606227106227,70.44285714285715,92.88571428571429,472.8270146520146,382.42857142857144,521.5714285714286,62.8,593649.0
2023_31,2023,2024-05-09,2024-05-08,237,25.0,900,16.274606227106226,10.528571428571427,21.75714285714286,17.893864468864468,0.0,55.142857142857146,740.6845604395604,133.81428571428572,1329.9857142857143,18.50307692307692,11.757142857142856,26.557142857142853,85.23927655677656,68.88571428571429,92.5,475.32106227106226,399.85714285714283,522.8571428571429,81.8,772821.0
2023_31,2023,2024-05-10,2024-05-09,238,25.0,900,16.665201465201466,10.642857142857142,21.785714285714285,17.21808807134894,0.0,55.142857142857146,827.0270604395604,133.81428571428572,1404.0,19.10521978021978,11.842857142857142,27.285714285714285,84.89308608058607,72.34285714285714,92.15714285714286,479.4734432234432,426.42857142857144,523.8571428571429,60.7,573521.0
2023_31,2023,2024-05-11,2024-05-10,239,25.0,900,16.326785714285712,10.357142857142858,21.75714285714286,16.43374741200828,0.0,55.0,715.6273809523809,0.0,1399.857142857143,18.758928571428573,11.585714285714287,27.314285714285713,85.32440476190474,75.14285714285714,92.29999999999998,485.35714285714283,447.42857142857144,545.7142857142857,64.8,612785.0
2023_31,2023,2024-05-12,2024-05-11,240,25.0,900,16.542261904761904,11.214285714285712,21.442857142857143,14.743271221532089,0.0,51.142857142857146,644.4428571428572,0.0,1258.142857142857,18.825,12.542857142857143,26.585714285714285,85.89999999999999,76.64285714285714,92.37142857142855,496.8511904761904,447.14285714285717,590.7142857142857,89.8,848941.0
2023_31,2023,2024-05-13,2024-05-12,241,25.0,900,16.88809523809524,11.299999999999999,22.471428571428568,16.630175983436853,0.0,57.57142857142857,725.5720238095238,0.0,1421.0,19.211309523809522,12.2,27.985714285714284,84.6297619047619,74.04285714285713,91.95714285714287,496.38690476190476,445.57142857142856,607.4285714285714,111.1,1049800.0
2023_31,2023,2024-05-14,2024-05-13,242,25.0,900,16.646428571428572,10.257142857142856,23.185714285714287,17.511128364389233,0.0,59.57142857142857,763.8660714285714,0.0,1504.2857142857142,18.86845238095238,11.200000000000001,28.199999999999996,84.33869047619046,73.68571428571428,91.89999999999999,499.79166666666663,446.42857142857144,613.2857142857143,75.0,708608.0
2023_31,2023,2024-05-15,2024-05-14,243,25.0,900,16.88214285714286,9.799999999999999,24.228571428571428,19.499223602484474,0.0,63.285714285714285,848.045238095238,0.0,1677.857142857143,19.067261904761903,10.442857142857145,28.985714285714288,84.03273809523809,73.3,91.95714285714284,504.48214285714283,447.2857142857143,622.1428571428571,106.7,1008693.0
2023_31,2023,2024-05-16,2024-05-15,244,25.0,900,17.43154761904762,10.042857142857143,25.25714285714286,20.24922360248447,0.0,65.28571428571429,887.4065476190475,0.0,1745.857142857143,19.484523809523807,10.614285714285714,29.91428571428571,83.7702380952381,72.65714285714286,92.0,507.9940476190476,447.14285714285717,630.1428571428571,117.6,1110895.0
2023_31,2023,2024-05-17,2024-05-16,245,25.0,900,17.627380952380953,10.557142857142855,25.271428571428572,20.273809523809522,0.0,65.71428571428571,892.6910714285714,0.0,1760.0,19.438690476190477,10.942857142857141,29.5,83.35059523809524,72.60000000000001,91.82857142857142,504.2380952380953,434.14285714285717,628.8571428571429,88.2,833065.0
2023_31,2023,2024-05-18,2024-05-17,246,25.0,900,17.714880952380955,10.599999999999998,25.142857142857142,20.107142857142858,0.0,65.85714285714286,885.6630952380954,0.0,1745.142857142857,19.38095238095238,10.971428571428572,29.12857142857143,83.4470238095238,73.05714285714286,91.78571428571429,501.8333333333333,435.0,607.8571428571429,44.8,423407.0
2023_31,2023,2024-05-19,2024-05-18,247,25.0,900,17.620833333333334,9.971428571428572,25.62857142857143,22.065476190476186,0.0,69.85714285714286,965.5541666666667,0.0,1908.857142857143,19.282142857142855,10.228571428571428,29.72857142857143,83.10535714285713,72.22857142857143,91.84285714285714,490.51190476190476,437.57142857142856,561.4285714285714,32.2,304196.0
2023_31,2023,2024-05-20,2024-05-19,248,25.0,900,17.630357142857143,8.899999999999999,26.342857142857145,23.309523809523814,0.0,73.0,1021.9119047619048,0.0,2018.4285714285713,19.139880952380956,9.414285714285715,30.014285714285716,83.20357142857142,72.27142857142857,91.92857142857143,493.89285714285717,437.85714285714283,548.4285714285714,20.0,189236.0
2023_31,2023,2024-05-21,2024-05-20,249,25.0,900,18.20595238095238,9.314285714285713,27.057142857142853,23.208333333333336,0.0,72.57142857142857,1016.7065476190476,0.0,2006.5714285714287,19.5875,9.785714285714286,30.442857142857143,83.28809523809524,72.28571428571429,92.07142857142857,492.7380952380953,426.2857142857143,552.5714285714286,14.5,137072.0
2023_31,2023,2024-05-22,2024-05-21,250,25.0,900,18.422023809523807,9.914285714285713,26.87142857142857,22.785714285714285,0.0,72.57142857142857,999.8869047619048,0.0,1971.2857142857142,19.795238095238094,10.357142857142858,30.25714285714286,83.69940476190474,73.14285714285714,92.2,491.48214285714283,426.7142857142857,550.4285714285714,30.3,286760.0
2023_31,2023,2024-05-23,2024-05-22,251,25.0,900,18.763690476190476,10.414285714285713,26.957142857142856,22.452380952380953,0.0,71.71428571428571,981.7113095238095,0.0,1941.857142857143,20.135714285714283,10.857142857142858,30.314285714285717,84.18035714285715,74.14285714285714,92.25714285714287,489.7916666666667,425.2857142857143,546.5714285714286,65.5,619448.0
2023_31,2023,2024-05-24,2024-05-23,252,25.0,900,19.582738095238096,11.071428571428571,27.928571428571427,22.267857142857142,0.0,71.28571428571429,974.692261904762,0.0,1925.4285714285713,20.99285714285714,11.614285714285714,31.285714285714285,84.91190476190476,75.02857142857144,92.52857142857144,492.9523809523809,436.7142857142857,548.8571428571429,74.5,704072.0
2023_31,2023,2024-05-25,2024-05-24,253,25.0,900,20.122023809523807,11.77142857142857,28.75714285714286,22.404761904761905,0.0,71.0,981.2523809523809,0.0,1937.7142857142858,21.56964285714286,12.371428571428572,31.842857142857145,85.26130952380952,75.07142857142857,92.78571428571429,491.4761904761905,434.0,552.0,62.9,594500.0
2023_31,2023,2024-05-26,2024-05-25,254,25.0,900,20.37261904761905,12.514285714285714,28.542857142857144,21.39052795031056,0.0,68.57142857142857,932.2583333333333,0.0,1843.0,21.811309523809523,13.1,31.557142857142857,85.28690476190476,75.4,92.67142857142858,487.40476190476187,430.7142857142857,546.1428571428571,83.6,789973.0
2023_31,2023,2024-05-27,2024-05-26,255,25.0,900,20.1375,12.77142857142857,27.37142857142857,19.39052795031056,0.0,65.71428571428571,855.0857142857143,0.0,1672.0,21.67083333333333,13.428571428571429,30.757142857142856,86.0125,76.25714285714287,92.65714285714284,484.2142857142857,432.0,541.8571428571429,94.9,897136.0
2023_31,2023,2024-05-28,2024-05-27,256,25.0,900,20.250595238095237,13.742857142857142,26.742857142857144,18.652432712215322,0.0,64.0,826.5017857142858,0.0,1610.0,21.867261904761904,14.428571428571429,30.41428571428571,86.32380952380952,76.61428571428571,92.81428571428572,485.11904761904765,441.14285714285717,558.4285714285714,82.2,776932.0
2023_31,2023,2024-05-29,2024-05-28,257,25.0,900,20.407738095238095,14.042857142857141,26.714285714285715,18.45005175983437,0.0,63.57142857142857,821.6720238095239,0.0,1594.5714285714287,22.038690476190478,14.757142857142858,30.414285714285715,86.28511904761903,76.42857142857143,92.98571428571428,491.8333333333333,438.14285714285717,593.2857142857143,79.0,746172.0
2023_31,2023,2024-05-30,2024-05-29,258,25.0,900,20.364880952380954,13.628571428571428,26.771428571428572,18.848861283643892,0.0,64.42857142857143,838.9803571428572,0.0,1630.0,21.98333333333333,14.342857142857143,30.557142857142853,86.7720238095238,76.87142857142858,93.48571428571428,491.90476190476187,437.7142857142857,592.1428571428571,25.9,244802.0
2023_31,2023,2024-05-31,2024-05-30,259,25.0,900,20.00595238095238,13.585714285714285,26.228571428571428,17.342908902691512,0.0,61.142857142857146,771.592261904762,0.0,1500.142857142857,21.553571428571427,14.257142857142858,30.042857142857144,87.54880952380952,77.75714285714285,93.97142857142856,492.98214285714283,438.14285714285717,598.4285714285714,12.0,112975.0
2023_31,2023,2024-06-01,2024-05-31,260,25.0,900,20.052380952380954,13.985714285714286,25.785714285714285,17.223861283643892,0.0,61.42857142857143,767.1160714285714,0.0,1492.2571428571428,21.63928571428571,14.571428571428571,29.91428571428571,88.40714285714284,79.01428571428572,94.47142857142858,491.4702380952381,436.85714285714283,597.4285714285714,18.5,174494.0
2023_31,2023,2024-06-02,2024-06-01,261,25.0,900,20.089880952380952,13.971428571428572,26.02857142857143,17.785714285714285,0.0,62.857142857142854,795.9875000000001,0.0,1548.2571428571428,21.66845238095238,14.5,30.214285714285715,89.38154761904762,79.89999999999999,95.24285714285715,492.27976190476187,436.14285714285717,599.7142857142857,39.0,368125.0
2023_31,2023,2024-06-03,2024-06-02,262,25.0,900,20.32857142857143,14.114285714285712,26.82857142857143,19.357142857142858,0.0,65.42857142857143,856.8952380952381,0.0,1686.3999999999999,21.882142857142856,14.542857142857144,30.74285714285714,89.79642857142858,80.60000000000001,95.88571428571429,491.6845238095238,434.85714285714283,599.4285714285714,40.0,377764.0
2023_31,2023,2024-06-04,2024-06-03,263,25.0,900,19.839880952380952,13.27142857142857,26.571428571428573,19.178571428571427,0.0,67.14285714285714,851.0517857142858,0.0,1675.1142857142856,21.464285714285715,13.72857142857143,30.714285714285715,90.82857142857142,81.98571428571428,96.32857142857142,490.88690476190476,435.0,580.5714285714286,58.2,549848.0
2023_31,2023,2024-06-05,2024-06-04,264,25.0,900,19.84166666666667,13.271428571428572,26.885714285714283,19.970238095238095,0.0,68.0,877.5363095238096,0.0,1739.685714285714,21.46904761904762,13.685714285714287,30.857142857142858,91.56190476190477,82.67142857142858,96.75714285714287,480.6666666666667,434.85714285714283,540.2857142857143,53.2,502787.0
2023_31,2023,2024-06-06,2024-06-05,265,25.0,900,19.80059523809524,13.457142857142856,26.885714285714283,19.267857142857142,0.0,66.85714285714286,850.7285714285714,0.0,1680.685714285714,21.43511904761905,13.914285714285715,30.800000000000004,92.0059523809524,83.25714285714285,96.88571428571429,480.99404761904765,434.85714285714283,541.4285714285714,68.3,645671.0
2023_31,2023,2024-06-07,2024-06-06,266,25.0,900,19.750595238095237,13.485714285714286,26.614285714285717,19.095238095238095,0.0,65.85714285714286,847.3988095238094,0.0,1665.1142857142856,21.410714285714285,13.92857142857143,30.514285714285712,92.23095238095239,83.48571428571428,96.95714285714287,479.5119047619047,434.14285714285717,534.2857142857143,69.2,653893.0
2023_31,2023,2024-06-08,2024-06-07,267,25.0,900,19.620238095238097,13.042857142857143,26.5,18.357142857142858,0.0,63.285714285714285,817.5589285714286,0.0,1601.0,21.257738095238096,13.528571428571428,30.414285714285715,92.26011904761904,83.72857142857143,96.88571428571427,480.8511904761905,435.42857142857144,534.0,47.0,444245.0
2023_31,2023,2024-06-09,2024-06-08,268,25.0,900,19.445833333333333,13.628571428571428,25.514285714285712,15.821428571428571,0.0,55.42857142857143,708.0434523809524,0.0,1382.4285714285713,21.184523809523807,14.085714285714287,29.557142857142857,92.65238095238094,85.24285714285715,96.67142857142856,471.5416666666667,407.57142857142856,533.0,65.0,613919.0
2023_31,2023,2024-06-10,2024-06-09,269,25.0,900,19.860119047619047,14.64285714285714,25.5,15.017857142857142,0.0,52.285714285714285,668.5970238095239,0.0,1308.5714285714287,21.666071428571428,15.099999999999998,29.88571428571429,92.53869047619047,85.25714285714287,96.48571428571428,467.8511904761905,405.57142857142856,534.1428571428571,70.8,669485.0
2023_31,2023,2024-06-11,2024-06-10,270,25.0,900,20.692857142857143,15.614285714285714,26.385714285714283,15.744047619047619,0.0,52.285714285714285,692.9327380952382,0.0,1369.0,22.486309523809524,16.085714285714285,30.657142857142855,92.2875,84.8,96.5,466.02976190476187,405.14285714285717,532.2857142857143,55.6,525751.0
2023_32,2023,2024-04-17,2024-04-16,199,11.2,890,15.160714285714286,8.885714285714286,22.699999999999996,328.0989010989011,21.285714285714285,619.1428571428571,570.8636904761905,0.0,1131.2142857142858,21.742261904761904,14.900000000000002,31.214285714285715,64.68988095238096,40.98571428571428,80.60000000000001,527.3690476190476,427.0,698.4285714285714,25.0,40000.0
2023_32,2023,2024-04-19,2024-04-18,201,11.2,890,15.805357142857144,8.742857142857144,24.12857142857143,347.19858712715853,15.714285714285714,674.7142857142857,606.8214285714286,0.0,1196.857142857143,22.19940476190476,14.785714285714286,32.48571428571429,62.67916666666667,37.55714285714286,79.98571428571428,512.4583333333334,433.42857142857144,672.7142857142857,15.0,24000.0
2023_32,2023,2024-04-21,2024-04-20,203,11.2,890,15.592261904761907,9.328571428571427,22.485714285714288,290.6554160125589,11.0,578.0,525.8267857142857,0.0,1033.5857142857142,21.904166666666665,15.471428571428572,30.414285714285715,65.13809523809525,43.642857142857146,80.02857142857144,502.7440476190476,430.14285714285717,625.8571428571429,35.0,56000.0
2023_32,2023,2024-04-23,2024-04-22,205,11.2,890,15.36845238095238,9.785714285714286,21.38571428571429,255.22684458398746,9.428571428571429,512.7142857142857,461.4815476190476,0.0,908.7571428571428,21.563690476190477,15.914285714285715,29.042857142857144,67.36904761904762,48.32857142857143,80.22857142857143,502.3690476190476,429.42857142857144,625.4285714285714,35.0,56000.0
2023_32,2023,2024-04-24,2024-04-23,206,11.2,890,14.955357142857142,9.628571428571428,20.599999999999998,234.44270015698586,7.285714285714286,496.7142857142857,440.09404761904767,0.0,846.7857142857143,21.127976190476193,15.671428571428573,28.271428571428572,68.10535714285714,50.885714285714286,79.98571428571428,498.5357142857143,427.42857142857144,619.0,40.0,64000.0
2023_32,2023,2024-04-25,2024-04-24,207,11.2,890,15.023809523809522,10.142857142857142,20.342857142857145,229.17195185766613,7.142857142857143,508.42857142857144,440.72559523809525,0.0,864.3571428571429,21.326785714285712,16.12857142857143,28.24285714285714,69.37380952380953,52.128571428571426,80.55714285714285,499.13095238095235,424.2857142857143,621.2857142857143,50.0,80000.0
2023_32,2023,2024-04-28,2024-04-27,210,11.2,890,15.489285714285714,10.071428571428571,21.857142857142858,256.52940868655156,6.714285714285714,579.2857142857143,525.907142857143,0.0,1031.7714285714287,21.684523809523807,15.814285714285715,30.02857142857143,68.98392857142858,50.17142857142857,80.78571428571429,491.0,426.14285714285717,595.0,50.0,80000.0
2023_32,2023,2024-04-29,2024-04-28,211,11.2,890,16.002380952380953,9.700000000000001,23.485714285714288,303.7154892726321,6.571428571428571,685.2857142857143,624.3714285714286,0.0,1225.0428571428572,22.292261904761908,15.428571428571429,32.142857142857146,66.32738095238095,44.699999999999996,80.24285714285715,477.9940476190476,426.57142857142856,560.7142857142857,45.0,72000.0
2023_32,2023,2024-04-30,2024-04-29,212,11.2,890,15.969642857142857,10.200000000000001,23.057142857142857,287.88032443746727,5.0,653.4285714285714,598.3970238095238,0.0,1174.2142857142858,22.28095238095238,15.9,31.657142857142855,66.9232142857143,46.44285714285714,80.14285714285714,482.6488095238095,426.57142857142856,572.7142857142857,50.0,80000.0
2023_32,2023,2024-05-01,2024-04-30,213,11.2,890,16.429761904761904,10.942857142857141,23.47142857142857,286.57420198848774,5.0,638.8571428571429,581.8660714285714,0.0,1159.442857142857,22.692261904761903,16.614285714285717,32.05714285714286,67.34821428571429,47.25714285714286,80.42857142857143,485.0357142857143,428.14285714285717,577.1428571428571,35.0,56000.0
2023_32,2023,2024-05-03,2024-05-02,215,11.2,890,16.22797619047619,10.842857142857143,23.057142857142857,269.8456305599163,5.857142857142857,580.2857142857143,524.2791666666668,0.0,1045.9285714285716,22.25119047619048,16.185714285714287,31.25714285714286,68.15714285714286,50.02857142857143,79.55714285714285,467.5892857142857,425.7142857142857,520.2857142857143,35.0,56000.0
2023_32,2023,2024-05-05,2024-05-04,217,11.2,890,16.10654761904762,9.928571428571429,23.25714285714286,306.0075353218211,6.571428571428571,643.1428571428571,594.7303571428572,0.0,1181.0,22.148809523809526,15.485714285714284,31.62857142857143,66.50714285714285,47.871428571428574,79.12857142857142,463.9523809523809,425.14285714285717,517.1428571428571,30.0,48000.0
2023_32,2023,2024-05-06,2024-05-05,218,11.2,890,15.967261904761907,10.671428571428573,21.942857142857143,259.2610151753009,6.285714285714286,536.2857142857143,496.0607142857143,0.0,987.7,21.87857142857143,16.228571428571428,29.88571428571429,69.17559523809523,53.34285714285715,79.78571428571429,474.92857142857144,422.85714285714283,551.1428571428571,75.0,120000.0
2023_32,2023,2024-05-08,2024-05-07,220,11.2,890,16.254166666666666,10.514285714285714,22.32857142857143,295.0412349555207,7.857142857142857,624.0,561.7916666666667,0.0,1101.9,22.099404761904765,16.128571428571426,30.414285714285715,68.4422619047619,50.971428571428575,79.98571428571428,474.0773809523809,423.42857142857144,558.7142857142857,50.0,80000.0
2023_32,2023,2024-05-09,2024-05-08,221,11.2,890,16.17797619047619,10.514285714285714,22.442857142857143,316.3412349555207,8.0,655.4285714285714,610.8434523809525,0.0,1194.8857142857144,22.071428571428573,16.185714285714287,30.77142857142857,68.09166666666667,50.44285714285714,80.22857142857141,474.01190476190476,426.0,558.8571428571429,50.0,80000.0
2023_32,2023,2024-05-12,2024-05-11,224,11.2,890,16.557738095238093,11.4,21.785714285714285,297.0351125065411,8.428571428571429,614.5714285714286,569.3690476190476,0.0,1106.0,22.036309523809525,16.87142857142857,28.985714285714288,69.56309523809524,51.92857142857143,80.94285714285714,473.2142857142857,428.42857142857144,559.1428571428571,75.0,120000.0
2023_32,2023,2024-05-13,2024-05-12,225,11.2,890,16.804761904761904,10.814285714285715,22.814285714285717,333.01020408163265,8.571428571428571,703.0,637.9690476190477,0.0,1245.142857142857,22.267857142857142,16.228571428571428,30.02857142857143,67.9654761904762,46.91428571428571,80.92857142857143,456.9226190476191,427.57142857142856,517.4285714285714,100.0,160000.0
2023_32,2023,2024-05-14,2024-05-13,226,11.2,890,16.57797619047619,9.885714285714286,23.557142857142857,348.05102040816325,7.857142857142857,722.5714285714286,680.6059523809524,0.0,1329.2142857142858,22.047023809523807,15.214285714285714,30.714285714285715,66.39761904761905,44.18571428571429,80.3,447.6488095238096,426.57142857142856,480.42857142857144,110.0,176000.0
2023_32,2023,2024-05-16,2024-05-15,228,11.2,890,17.392857142857142,9.657142857142857,25.62857142857143,402.2374149659864,8.142857142857142,802.8571428571429,800.0458333333335,0.0,1557.814285714286,22.785119047619048,14.799999999999999,33.08571428571429,63.34702380952381,37.92857142857143,80.08571428571429,452.6904761904762,428.14285714285717,489.42857142857144,90.0,144000.0
2023_32,2023,2024-05-17,2024-05-16,229,11.2,890,17.56607142857143,9.957142857142857,25.557142857142857,405.6278911564626,8.285714285714286,808.1428571428571,802.2785714285716,0.0,1565.7142857142858,22.982738095238094,15.042857142857143,33.4,61.04702380952381,35.84285714285714,78.54285714285713,449.38690476190476,426.14285714285717,485.2857142857143,90.0,144000.0
2023_32,2023,2024-05-19,2024-05-18,231,11.2,890,17.658333333333335,9.728571428571428,25.942857142857143,431.90544217687074,8.714285714285714,847.8571428571429,856.5113095238095,0.0,1677.7714285714285,23.348214285714285,14.885714285714284,34.385714285714286,58.86785714285714,33.55714285714286,77.45714285714287,450.34523809523813,426.57142857142856,482.2857142857143,100.0,160000.0
2023_32,2023,2024-05-21,2024-05-20,233,11.2,890,18.326190476190476,9.757142857142856,27.357142857142858,458.16258503401366,9.428571428571429,870.4285714285714,914.2535714285715,0.0,1786.185714285714,24.16190476190476,14.900000000000002,36.371428571428574,56.02321428571428,29.928571428571427,75.97142857142856,455.2738095238095,428.14285714285717,485.85714285714283,150.0,240000.0
2023_32,2023,2024-05-22,2024-05-21,234,11.2,890,18.576785714285712,10.314285714285713,27.414285714285715,451.40068027210884,10.0,866.1428571428571,900.582738095238,0.0,1757.6714285714286,24.464880952380952,15.400000000000002,36.557142857142864,56.144642857142856,30.857142857142858,75.61428571428571,455.5059523809524,428.14285714285717,487.2857142857143,100.0,160000.0
2023_32,2023,2024-05-23,2024-05-22,235,11.2,890,18.872023809523807,10.742857142857144,27.385714285714283,439.0,10.714285714285714,855.0,875.6041666666667,0.0,1711.6714285714284,24.767857142857142,15.785714285714286,36.6,56.721428571428575,32.07142857142857,75.55714285714286,455.547619047619,428.85714285714283,485.14285714285717,100.0,160000.0
2023_32,2023,2024-05-24,2024-05-23,236,11.2,890,19.730952380952377,11.599999999999998,28.5,436.7238095238095,10.857142857142858,850.4285714285714,869.1285714285714,0.0,1696.357142857143,25.610714285714288,16.571428571428573,37.699999999999996,58.49702380952381,33.22857142857143,76.74285714285715,459.7142857142857,430.42857142857144,491.14285714285717,100.0,160000.0
2023_32,2023,2024-05-27,2024-05-26,239,11.2,890,20.251190476190477,13.0,27.814285714285713,385.7238095238095,10.857142857142858,788.7142857142857,763.1422619047619,0.0,1472.4428571428568,26.042261904761908,17.9,36.74285714285714,60.834523809523816,37.128571428571426,77.41428571428571,456.5119047619047,428.7142857142857,490.42857142857144,150.0,240000.0
2023_32,2023,2024-05-28,2024-05-27,240,11.2,890,20.275000000000002,13.771428571428572,27.12857142857143,374.0095238095238,11.142857142857142,769.1428571428571,736.7964285714286,0.0,1420.1142857142859,26.085714285714285,18.585714285714285,36.1,61.93154761904763,38.81428571428571,78.27142857142859,456.2559523809524,427.42857142857144,498.85714285714283,100.0,160000.0
2023_32,2023,2024-05-29,2024-05-28,241,11.2,890,20.348809523809525,13.828571428571426,27.028571428571432,374.38095238095235,10.571428571428571,780.0,737.3130952380953,0.0,1417.5,26.142261904761906,18.67142857142857,36.07142857142857,61.1904761904762,38.24285714285714,77.78571428571429,452.9523809523809,424.57142857142856,494.57142857142856,100.0,160000.0
2023_32,2023,2024-05-30,2024-05-29,242,11.2,890,20.33154761904762,13.5,27.08571428571429,386.0857142857143,10.571428571428571,788.1428571428571,759.3636904761905,0.0,1455.7857142857142,26.148809523809522,18.41428571428571,36.228571428571435,60.824999999999996,37.957142857142856,77.38571428571429,453.5416666666667,424.42857142857144,496.0,100.0,160000.0
2023_32,2023,2024-06-02,2024-06-01,245,11.2,890,19.945833333333333,13.557142857142855,26.557142857142857,370.17142857142863,10.285714285714286,790.0,718.4446428571429,0.0,1377.1714285714286,25.763095238095236,18.585714285714285,35.357142857142854,61.541666666666664,39.48571428571428,77.38571428571429,453.39285714285717,422.42857142857144,495.7142857142857,200.0,320000.0
2023_32,2023,2024-06-03,2024-06-02,246,11.2,890,20.179166666666667,13.671428571428569,27.47142857142857,395.7523809523809,11.571428571428571,822.0,761.1904761904763,0.0,1470.7857142857142,26.126190476190477,18.74285714285714,36.55714285714286,59.73988095238095,36.8,76.42857142857143,452.9761904761905,420.85714285714283,496.0,150.0,240000.0
2023_32,2023,2024-06-04,2024-06-03,247,11.2,890,19.760119047619046,13.099999999999998,27.257142857142856,387.9809523809523,12.571428571428571,834.4285714285714,747.5886904761904,0.0,1446.2571428571428,25.76666666666667,18.24285714285714,36.27142857142857,60.25238095238095,37.41428571428571,75.74285714285715,453.10714285714283,423.14285714285717,487.14285714285717,150.0,240000.0
2023_32,2023,2024-06-05,2024-06-04,248,11.2,890,19.767261904761906,13.314285714285713,27.471428571428568,400.15238095238095,12.714285714285714,833.5714285714286,760.0702380952382,0.0,1475.2428571428572,25.976190476190474,18.52857142857143,36.771428571428565,60.55535714285715,36.642857142857146,76.34285714285714,454.7797619047619,423.57142857142856,492.0,100.0,160000.0
2023_32,2023,2024-06-07,2024-06-06,250,11.2,890,19.677380952380954,13.457142857142857,27.457142857142856,386.447619047619,12.857142857142858,820.8571428571429,735.0130952380953,0.0,1419.257142857143,25.935714285714283,18.685714285714287,36.67142857142857,60.970833333333324,37.628571428571426,76.08571428571429,454.3333333333333,423.2857142857143,490.42857142857144,100.0,160000.0
2023_32,2023,2024-06-09,2024-06-08,252,11.2,890,19.398809523809526,13.785714285714286,25.957142857142856,318.19591836734696,12.428571428571429,672.8571428571429,609.1684523809524,0.0,1174.8714285714286,25.369047619047617,18.857142857142858,34.48571428571429,63.58511904761905,42.699999999999996,76.98571428571428,457.125,426.2857142857143,496.42857142857144,85.0,136000.0
2023_32,2023,2024-06-10,2024-06-09,253,11.2,890,19.773809523809526,14.77142857142857,25.785714285714285,301.6721088435374,12.0,633.7142857142857,566.9178571428572,0.0,1101.1,25.68095238095238,19.771428571428572,34.1,65.69404761904762,46.05714285714286,77.95714285714287,458.6666666666667,426.42857142857144,501.0,55.0,88000.0
2023_33,2023,2023-11-27,2023-11-26,86,21.5,2000,6.714285714285714,-0.18571428571428564,17.214285714285715,108.52142857142857,9.142857142857142,270.7142857142857,247.5,0.0,2037.4285714285713,15.975,11.257142857142856,25.357142857142858,81.58749999999999,59.58571428571429,90.62857142857142,648.5059523809524,307.14285714285717,1071.142857142857,34.0,1223174.0
2023_33,2023,2023-11-29,2023-11-28,88,21.5,2000,6.611309523809524,0.057142857142857224,15.885714285714286,122.04935064935064,8.714285714285714,290.14285714285717,318.4642857142857,0.0,2104.285714285714,15.801785714285716,11.757142857142856,24.685714285714283,83.1577380952381,63.114285714285714,91.64285714285714,653.9583333333334,301.2857142857143,1102.4285714285713,64.0,1397524.0
2023_33,2023,2023-11-30,2023-11-29,89,21.5,2000,5.9696428571428575,-0.21428571428571422,14.200000000000001,132.8064935064935,9.428571428571429,300.57142857142856,384.07142857142856,0.0,2309.1428571428573,15.383928571428571,11.585714285714285,23.728571428571428,83.69047619047618,65.18571428571428,91.84285714285714,639.4880952380953,293.2857142857143,1066.5714285714287,50.0,1396150.0
2023_33,2023,2023-12-01,2023-11-30,90,21.5,2000,4.588690476190476,-1.0714285714285714,12.042857142857144,169.78863636363636,9.571428571428571,357.2857142857143,484.82142857142856,0.0,2611.714285714286,14.864880952380954,11.185714285714285,22.942857142857143,83.8547619047619,65.5,91.8,622.0178571428571,285.14285714285717,1035.2857142857142,44.0,1339474.0
2023_33,2023,2023-12-04,2023-12-03,93,21.5,2000,4.229761904761904,-1.4142857142857144,11.728571428571428,181.07837043908472,8.857142857142858,374.14285714285717,538.8571428571429,0.0,2779.714285714286,14.994047619047619,11.057142857142859,24.02857142857143,85.28809523809524,68.94285714285714,92.24285714285713,609.297619047619,272.14285714285717,1001.8571428571429,24.0,717034.0
2023_33,2023,2023-12-05,2023-12-04,94,21.5,2000,3.629761904761905,-2.3857142857142857,11.728571428571428,189.53106060606063,9.285714285714286,397.2857142857143,524.8571428571429,0.0,2802.0,14.976190476190478,10.87142857142857,24.17142857142857,84.76845238095238,67.17142857142856,92.0,595.6071428571429,271.0,975.4285714285714,80.0,1819290.0
2023_33,2023,2023-12-06,2023-12-05,95,21.5,2000,3.4119047619047618,-2.3857142857142857,12.314285714285715,188.8405844155844,9.142857142857142,392.42857142857144,525.5,0.0,2818.285714285714,15.061309523809523,10.857142857142858,24.385714285714283,84.7952380952381,66.88571428571429,92.0,590.4345238095237,269.57142857142856,961.2857142857143,120.0,3012530.0
2023_33,2023,2023-12-08,2023-12-07,97,21.5,2000,4.319047619047619,-2.5285714285714285,14.299999999999999,176.79406307977737,8.0,379.0,493.57142857142856,0.0,2656.285714285714,15.55595238095238,10.971428571428572,25.285714285714285,84.96130952380952,66.84285714285714,92.07142857142857,595.4345238095237,279.0,968.7142857142857,59.5,1583557.0
2023_33,2023,2023-12-11,2023-12-10,100,21.5,2000,6.958928571428572,-0.4571428571428572,17.17142857142857,146.62677798392085,8.714285714285714,310.57142857142856,403.35714285714283,0.0,2322.8571428571427,16.236309523809524,11.685714285714285,25.042857142857144,85.53214285714286,67.54285714285714,92.35714285714286,625.2380952380952,316.14285714285717,1002.4285714285714,176.0,4089296.0
2023_33,2023,2023-12-12,2023-12-11,101,21.5,2000,8.100595238095238,1.5714285714285714,16.771428571428572,127.93902288188004,8.285714285714286,260.0,359.92857142857144,0.0,2006.5714285714287,16.294642857142858,12.27142857142857,23.857142857142858,86.5345238095238,71.48571428571428,92.47142857142856,646.7559523809524,325.57142857142856,1040.5714285714287,104.0,2284154.0
2023_33,2023,2023-12-13,2023-12-12,102,21.5,2000,8.675,2.6857142857142864,15.857142857142858,114.09703153988869,8.142857142857142,228.42857142857142,354.07142857142856,0.0,1842.857142857143,16.30595238095238,12.614285714285714,23.300000000000004,87.36309523809523,74.61428571428571,92.37142857142858,654.0535714285714,331.42857142857144,1051.0,122.0,1986022.0
2023_33,2023,2023-12-14,2023-12-13,103,21.5,2000,9.07797619047619,3.4571428571428577,16.585714285714285,102.49151205936921,7.857142857142857,218.42857142857142,307.9642857142857,0.0,1856.5714285714287,16.466666666666665,12.714285714285714,23.657142857142862,87.17142857142858,73.5,92.31428571428572,648.3571428571429,331.57142857142856,1049.142857142857,150.0,2878370.0
2023_33,2023,2023-12-15,2023-12-14,104,21.5,2000,9.176785714285714,4.385714285714286,15.528571428571428,78.15069573283859,7.142857142857143,174.14285714285714,264.14285714285717,0.0,1594.2857142857142,16.27559523809524,13.057142857142859,22.41428571428571,88.03928571428571,77.08571428571427,92.22857142857141,651.6071428571429,334.57142857142856,1040.857142857143,144.0,2784294.0
2023_33,2023,2023-12-18,2023-12-17,107,21.5,2000,7.039880952380953,3.7714285714285722,11.271428571428572,89.15335497835497,6.428571428571429,196.42857142857142,337.0,0.0,1704.0,15.263095238095238,12.742857142857144,20.242857142857144,88.20892857142857,78.45714285714287,91.9857142857143,613.5297619047618,323.57142857142856,976.7142857142857,278.0,4889348.0
2023_33,2023,2023-12-19,2023-12-18,108,21.5,2000,5.28095238095238,1.5714285714285716,10.157142857142857,110.13906926406926,6.571428571428571,238.28571428571428,409.7142857142857,0.0,2042.5714285714287,14.800595238095239,11.971428571428572,20.685714285714287,87.2625,75.22857142857143,91.9,581.3154761904763,317.42857142857144,908.0,192.0,3719992.0
2023_33,2023,2023-12-20,2023-12-19,109,21.5,2000,4.168452380952381,0.22857142857142884,10.0,114.82867965367966,6.285714285714286,254.28571428571428,430.2857142857143,0.0,2200.285714285714,14.44702380952381,11.585714285714287,20.87142857142857,86.76845238095238,72.71428571428571,91.89999999999999,574.4285714285714,315.57142857142856,886.1428571428571,192.0,3733942.0
2023_33,2023,2023-12-21,2023-12-20,110,21.5,2000,3.0732142857142857,-0.7714285714285712,8.428571428571429,141.05757575757576,7.142857142857143,299.57142857142856,515.6785714285714,0.0,2376.0,14.026190476190477,11.428571428571429,20.457142857142856,86.48095238095239,72.14285714285714,91.88571428571429,575.0357142857143,311.42857142857144,889.8571428571429,208.0,4493798.0
2023_33,2023,2023-12-22,2023-12-21,111,21.5,2000,1.3773809523809526,-2.671428571428571,7.628571428571428,176.61731601731603,7.857142857142857,365.42857142857144,647.0,0.0,2790.8571428571427,13.644642857142856,10.785714285714286,20.97142857142857,85.36845238095238,68.5,91.52857142857142,557.3928571428571,295.85714285714283,867.2857142857143,146.0,3918760.0
2023_33,2023,2023-12-26,2023-12-25,115,21.5,2000,-1.1196428571428572,-5.657142857142857,7.728571428571429,251.91038961038961,9.714285714285714,468.7142857142857,903.25,0.0,3279.4285714285716,13.276190476190477,9.728571428571428,22.74285714285714,84.08154761904761,65.14285714285714,90.68571428571428,531.625,263.0,836.7142857142857,388.0,9074798.0
2023_33,2023,2023-12-27,2023-12-26,116,21.5,2000,-1.2678571428571428,-6.199999999999998,7.971428571428571,278.05194805194805,10.285714285714286,505.57142857142856,979.1428571428571,0.0,3363.4285714285716,13.377380952380951,9.557142857142859,22.97142857142857,83.87797619047618,65.21428571428571,90.61428571428573,520.4047619047619,258.2857142857143,818.1428571428571,126.0,3030646.0
2023_33,2023,2023-12-28,2023-12-27,117,21.5,2000,-0.755952380952381,-5.685714285714285,9.0,281.42857142857144,10.0,502.14285714285717,972.5357142857143,0.0,3283.714285714286,13.60595238095238,9.614285714285714,23.185714285714283,84.1047619047619,65.51428571428572,90.61428571428571,515.672619047619,252.28571428571428,812.8571428571429,133.0,2766018.0
2023_33,2023,2023-12-29,2023-12-28,118,21.5,2000,0.32380952380952394,-5.257142857142857,10.585714285714285,285.825974025974,10.428571428571429,499.7142857142857,952.5,0.0,3229.714285714286,14.03452380952381,9.814285714285715,23.828571428571426,84.25595238095238,65.5,90.77142857142859,519.1130952380952,262.42857142857144,818.4285714285714,126.0,2827906.0
2023_33,2023,2024-01-02,2024-01-01,122,21.5,2000,3.267857142857143,-3.157142857142856,12.928571428571429,225.8651515151515,9.666666666666666,404.1666666666667,640.3571428571429,0.0,2247.4285714285716,14.826785714285714,10.514285714285714,24.099999999999998,85.27619047619048,66.22857142857143,91.72857142857141,562.4166666666667,291.85714285714283,875.7142857142857,316.0,7671236.0
2023_33,2023,2024-01-04,2024-01-03,124,21.5,2000,4.255357142857143,-1.685714285714285,13.12857142857143,403.1187012987013,84.8,608.0,696.3214285714286,0.0,2803.714285714286,15.056547619047619,10.828571428571431,24.071428571428573,85.65119047619048,66.2,92.07142857142857,566.0416666666667,286.7142857142857,891.0,466.0,8535466.0
2023_33,2023,2024-01-05,2024-01-04,125,21.5,2000,4.075595238095238,-1.6714285714285708,12.985714285714286,518.9805194805194,84.2,838.0,656.1071428571429,0.0,2850.0,15.029166666666669,10.757142857142858,24.1,85.49761904761905,65.9857142857143,91.9,560.4642857142857,280.7142857142857,882.5714285714286,275.0,3895420.0
2023_33,2023,2024-01-08,2024-01-07,128,21.5,2000,3.686309523809524,-2.114285714285714,13.557142857142859,767.3782467532468,118.75,1351.0,788.2857142857143,0.0,3785.1428571428573,15.02440476190476,10.5,24.62857142857143,84.25,62.800000000000004,91.21428571428571,528.0119047619047,250.28571428571428,849.2857142857143,384.0,6168604.0
2023_33,2023,2024-01-09,2024-01-08,129,21.5,2000,2.9285714285714284,-2.8428571428571425,13.171428571428573,678.938961038961,96.8,1189.6,938.8214285714286,0.0,4255.714285714285,14.86845238095238,10.185714285714285,24.714285714285715,83.96785714285714,61.614285714285714,90.74285714285715,515.6904761904763,238.85714285714286,830.8571428571429,216.0,4090226.0
2023_33,2023,2024-01-10,2024-01-09,130,21.5,2000,1.9285714285714286,-3.8714285714285706,11.685714285714285,583.1309523809524,83.0,1023.8333333333334,1003.5714285714286,0.0,4536.857142857143,14.4125,9.928571428571429,23.885714285714283,84.2220238095238,63.82857142857143,90.62857142857142,507.0892857142857,234.42857142857142,812.2857142857143,171.5,2507799.0
2023_33,2023,2024-01-11,2024-01-10,131,21.5,2000,1.3738095238095238,-4.657142857142857,10.957142857142857,413.2797619047619,21.0,893.3333333333334,829.1785714285714,0.0,4408.285714285715,14.189285714285713,9.700000000000001,23.38571428571429,84.39345238095238,65.85714285714286,90.42857142857143,498.2738095238096,226.85714285714286,798.1428571428571,196.0,2501306.0
2023_33,2023,2024-01-12,2024-01-11,132,21.5,2000,1.179761904761905,-4.914285714285714,10.700000000000001,321.7023208273209,21.0,706.8333333333334,763.5,0.0,4212.0,14.120833333333332,9.571428571428571,23.385714285714283,84.46964285714286,66.12857142857142,90.41428571428571,492.6130952380953,223.0,787.7142857142857,137.0,2560242.0
2023_33,2023,2024-01-15,2024-01-14,135,21.5,2000,1.5083333333333333,-5.228571428571428,11.242857142857144,516.3835660526837,213.83333333333334,850.5,1211.357142857143,0.0,5033.142857142857,14.008333333333335,9.314285714285713,23.47142857142857,85.01309523809525,66.67142857142856,91.01428571428572,552.1904761904763,238.0,998.5714285714286,199.0,4563974.0
2023_33,2023,2024-01-16,2024-01-15,136,21.5,2000,2.4107142857142856,-4.299999999999999,11.857142857142858,528.9458556149733,214.83333333333334,934.3333333333334,1287.0714285714287,0.0,5840.571428571428,14.159523809523808,9.5,23.52857142857143,85.14345238095237,66.95714285714286,91.48571428571428,559.6547619047619,238.85714285714286,1014.4285714285714,147.0,3407982.0
2023_33,2023,2024-01-17,2024-01-16,137,21.5,2000,2.7244047619047618,-4.228571428571428,12.9,537.4751485442662,213.33333333333334,986.6666666666666,1407.357142857143,0.0,6940.285714285715,14.382738095238095,9.457142857142856,24.300000000000004,84.53511904761906,64.57142857142857,91.12857142857142,613.797619047619,236.71428571428572,1254.0,178.0,4056628.0
2023_33,2023,2024-01-18,2024-01-17,138,21.5,2000,2.7767857142857144,-4.299999999999999,12.657142857142858,515.4334818775995,212.5,941.0,1326.8214285714287,0.0,6321.428571428572,14.173809523809524,9.428571428571429,23.657142857142855,85.05892857142858,65.44285714285714,91.44285714285715,623.2380952380953,254.28571428571428,1255.7142857142858,178.0,4290986.0
2023_33,2023,2024-01-22,2024-01-21,142,21.5,2000,4.444047619047619,0.514285714285715,9.928571428571429,115.34603174603174,8.0,352.7142857142857,567.5714285714286,0.0,3699.4285714285716,13.645833333333332,10.842857142857142,20.071428571428573,89.29166666666666,77.3,92.87142857142858,591.8392857142857,288.57142857142856,1056.4285714285713,481.0,12321356.0
2023_33,2023,2024-01-23,2024-01-22,143,21.5,2000,3.7607142857142857,-0.05714285714285643,8.6,67.81111111111112,6.833333333333333,237.0,341.32142857142856,0.0,2421.4285714285716,13.50357142857143,10.785714285714286,19.900000000000002,89.49761904761905,78.28571428571429,93.05714285714285,597.202380952381,273.42857142857144,1186.4285714285713,136.0,3735796.0
2023_33,2023,2024-01-24,2024-01-23,144,21.5,2000,3.036904761904762,-0.12857142857142786,6.985714285714286,81.50740740740741,8.166666666666666,233.16666666666666,274.0357142857143,0.0,1587.4285714285713,13.304761904761905,10.714285714285714,19.75714285714286,89.38511904761904,78.64285714285714,93.01428571428572,581.6791979949875,275.14285714285717,1241.2857142857142,156.0,4329176.0
2023_33,2023,2024-01-25,2024-01-24,145,21.5,2000,2.4744047619047618,-0.4428571428571421,6.928571428571429,101.06296296296296,11.0,200.66666666666666,264.32142857142856,0.0,1251.4285714285713,13.461309523809524,10.542857142857141,20.914285714285715,88.24166666666666,75.25714285714285,92.54285714285713,638.3393711551606,253.85714285714286,1518.0,155.0,4028780.0
2023_33,2023,2024-01-26,2024-01-25,146,21.5,2000,1.3976190476190475,-2.242857142857142,6.7,132.91296296296295,11.166666666666666,361.3333333333333,364.2857142857143,0.0,2130.8571428571427,13.527380952380952,10.1,22.099999999999998,86.71130952380953,71.17142857142856,91.88571428571429,675.9737248966572,238.28571428571428,1761.4285714285713,150.0,4291180.0
2023_33,2023,2024-01-29,2024-01-28,149,21.5,2000,0.0482142857142857,-5.628571428571427,7.571428571428571,240.91157407407408,38.666666666666664,623.8333333333334,857.5,0.0,4620.857142857143,13.789880952380953,8.928571428571429,24.628571428571426,82.96249999999999,62.385714285714286,90.39999999999999,678.6046772776097,218.57142857142858,1845.5714285714287,322.0,9049082.0
2023_33,2023,2024-01-30,2024-01-29,150,21.5,2000,0.10952380952380951,-5.728571428571428,8.571428571428571,292.7337301587301,34.714285714285715,734.5714285714286,1508.2857142857142,0.0,6001.714285714285,13.852380952380953,8.87142857142857,24.785714285714285,82.43630952380953,61.199999999999996,89.78571428571429,724.2832487061811,231.0,1957.142857142857,190.0,4859440.0
2023_33,2023,2024-01-31,2024-01-30,151,21.5,2000,0.9964285714285716,-5.714285714285714,10.4,359.3488095238095,36.285714285714285,853.4285714285714,1720.857142857143,0.0,6768.857142857143,14.14047619047619,8.9,25.02857142857143,82.52857142857144,60.199999999999996,90.3142857142857,752.7707173778603,243.57142857142858,1921.4285714285713,242.0,5437082.0
2023_33,2023,2024-02-01,2024-01-31,152,21.5,2000,2.3404761904761906,-4.499999999999999,12.0,387.9281746031746,52.0,984.5714285714286,1721.0357142857142,0.0,7853.142857142857,14.511904761904761,9.385714285714286,25.3,83.18035714285715,60.41428571428571,90.75714285714287,703.265306122449,266.42857142857144,1665.0,230.0,4432030.0
2023_33,2023,2024-02-02,2024-02-01,153,21.5,2000,3.5255952380952382,-2.5571428571428565,12.4,417.8876984126984,53.285714285714285,1049.2857142857142,1657.3214285714287,0.0,7142.571428571428,14.619047619047619,9.9,24.74285714285714,84.40238095238097,62.58571428571429,91.37142857142858,669.1190476190477,280.85714285714283,1435.142857142857,154.0,3886564.0
2023_33,2023,2024-02-05,2024-02-04,156,21.5,2000,5.188095238095238,0.8571428571428578,12.185714285714287,718.2674603174603,122.71428571428571,1408.5714285714287,2811.3571428571427,0.0,8617.714285714286,14.903571428571428,11.242857142857144,23.72857142857143,87.38392857142857,69.64285714285714,92.70000000000002,676.202380952381,304.0,1383.4285714285713,378.0,8016278.0
2023_33,2023,2024-02-06,2024-02-05,157,21.5,2000,5.797619047619048,2.2571428571428576,11.442857142857141,830.1007936507937,235.0,1439.0,2951.785714285714,0.0,8664.0,14.76845238095238,11.728571428571428,22.54285714285714,88.93095238095238,74.0,93.31428571428572,621.2857142857143,291.85714285714283,1140.5714285714287,216.0,4587046.0
2023_33,2023,2024-02-07,2024-02-06,158,21.5,2000,6.08452380952381,3.514285714285715,10.642857142857142,903.4132936507937,272.7142857142857,1452.5714285714287,3470.285714285714,0.0,8776.285714285714,14.787499999999998,12.071428571428571,22.24285714285714,90.05238095238096,77.35714285714286,93.32857142857144,548.6011904761905,281.42857142857144,872.8571428571429,252.0,4483812.0
2023_33,2023,2024-02-08,2024-02-07,159,21.5,2000,5.407738095238095,2.7714285714285722,9.657142857142857,1019.4886904761905,323.7142857142857,1495.0,3579.1428571428573,0.0,8774.57142857143,14.595833333333333,11.642857142857142,22.25714285714286,89.39761904761905,76.82857142857142,93.08571428571427,533.8392857142857,273.14285714285717,842.1428571428571,218.0,5021448.0
2023_33,2023,2024-02-13,2024-02-12,164,21.5,2000,3.2339285714285717,-2.7714285714285714,11.87142857142857,741.0906746031745,165.14285714285714,1228.4285714285713,1985.5,0.0,8323.714285714286,14.179166666666665,9.27142857142857,23.97142857142857,81.50297619047619,55.285714285714285,90.45714285714284,530.5,298.2857142857143,838.7142857142857,306.0,6448176.0
2023_33,2023,2024-02-14,2024-02-13,165,21.5,2000,3.4779761904761908,-3.5714285714285707,13.171428571428569,582.3615079365079,124.71428571428571,1075.5714285714287,1167.857142857143,0.0,7206.0,14.192857142857145,9.014285714285714,24.12857142857143,79.69702380952381,50.51428571428572,90.14285714285714,547.047619047619,312.42857142857144,862.7142857142857,287.0,4564482.0
2023_33,2023,2024-02-15,2024-02-14,166,21.5,2000,4.318452380952381,-2.8571428571428568,14.157142857142857,460.0638888888889,55.714285714285715,1039.0,1154.4642857142858,0.0,7190.571428571428,14.326190476190476,9.328571428571427,23.871428571428574,80.64583333333334,52.41428571428571,90.4,568.2202380952381,321.42857142857144,913.1428571428571,263.0,3357118.0
2023_33,2023,2024-02-16,2024-02-15,167,21.5,2000,5.225595238095238,-2.114285714285714,15.042857142857143,460.86150793650796,111.14285714285714,945.5714285714286,892.4642857142857,0.0,5982.857142857143,14.585714285714285,9.571428571428571,24.214285714285715,81.48392857142858,53.92857142857143,90.92857142857143,576.0357142857143,307.7142857142857,938.5714285714286,100.0,1407760.0
2023_33,2023,2024-02-19,2024-02-18,170,21.5,2000,5.660714285714286,-1.7428571428571422,15.142857142857142,616.8933333333333,385.0,1023.8,1109.1785714285713,0.0,4368.0,14.953571428571427,9.9,24.485714285714284,82.2922619047619,58.75714285714286,91.3,591.3511904761905,319.42857142857144,943.7142857142857,282.0,3761452.0
2023_33,2023,2024-02-20,2024-02-19,171,21.5,2000,7.142857142857143,0.20000000000000057,16.185714285714287,846.7733333333333,689.6,1148.2,1005.5,0.0,3141.4285714285716,15.43392857142857,10.485714285714286,24.914285714285715,83.80119047619048,61.871428571428574,91.94285714285715,613.25,323.42857142857144,981.0,144.0,1682544.0
2023_33,2023,2024-02-21,2024-02-20,172,21.5,2000,7.425595238095239,1.4571428571428575,15.071428571428571,1020.2066666666667,850.8,1338.2,1271.75,0.0,4091.1428571428573,15.254761904761905,10.9,23.74285714285714,85.75535714285715,67.67142857142856,92.3142857142857,623.6904761904761,322.85714285714283,998.7142857142857,150.0,1782520.0
2023_33,2023,2024-02-22,2024-02-21,173,21.5,2000,6.932738095238095,1.6857142857142864,13.457142857142857,1001.4649999999999,852.6,1236.6,1150.4285714285713,0.0,2806.285714285714,14.86845238095238,10.914285714285715,22.485714285714284,86.10773809523809,69.87142857142858,92.31428571428572,617.4166666666667,314.85714285714283,978.0,116.0,1499258.0
2023_33,2023,2024-02-23,2024-02-22,174,21.5,2000,6.160714285714286,1.828571428571429,11.385714285714286,844.6483333333333,709.2,1079.4,1186.892857142857,0.0,2971.714285714286,14.311904761904762,10.985714285714286,20.571428571428573,86.7779761904762,72.58571428571429,92.32857142857142,609.5059523809524,318.42857142857144,956.0,76.0,1058906.0
2023_33,2023,2024-02-26,2024-02-25,177,21.5,2000,5.941666666666667,3.3142857142857154,9.257142857142858,680.2332251082252,345.0,1164.142857142857,1456.5357142857142,0.0,4547.142857142857,14.067857142857141,11.428571428571429,19.385714285714283,89.70119047619048,76.47142857142856,93.4,569.2083333333333,291.14285714285717,894.7142857142857,104.0,2059714.0
2023_33,2023,2024-02-27,2024-02-26,178,21.5,2000,4.767857142857143,1.771428571428572,8.12857142857143,486.8046536796537,128.0,988.0,1540.0,0.0,5086.285714285715,13.708928571428572,10.942857142857141,19.271428571428572,88.1970238095238,72.9,93.12857142857145,545.2619047619048,282.2857142857143,856.5714285714286,86.0,1822106.0
2023_33,2023,2024-02-28,2024-02-27,179,21.5,2000,4.170238095238095,0.771428571428572,8.271428571428572,378.51893939393943,13.857142857142858,856.4285714285714,1374.0714285714287,0.0,4341.428571428572,13.851190476190476,10.585714285714285,20.314285714285713,86.41369047619047,67.0,92.81428571428572,529.9702380952381,273.7142857142857,836.2857142857143,62.0,1022062.0
2023_33,2023,2024-03-04,2024-03-03,184,21.5,2000,3.5505952380952377,-2.599999999999999,10.814285714285715,188.36309523809524,7.714285714285714,466.0,895.2142857142857,0.0,3505.714285714286,14.148214285714285,9.242857142857144,22.942857142857147,77.5827380952381,46.957142857142856,89.75714285714285,610.5,286.85714285714283,1115.5714285714287,198.0,4025088.0
2023_33,2023,2024-03-05,2024-03-04,185,21.5,2000,3.6970238095238095,-2.6428571428571423,11.37142857142857,183.20238095238093,7.0,506.85714285714283,957.25,0.0,3516.8571428571427,14.026785714285714,9.185714285714285,22.728571428571428,76.85595238095239,45.42857142857143,89.5,631.1369047619047,301.7142857142857,1142.2857142857142,158.0,2370968.0
2023_33,2023,2024-03-08,2024-03-07,188,21.5,2000,5.282738095238095,-0.17142857142857076,12.157142857142857,135.76785714285714,4.0,500.14285714285717,1012.5357142857143,0.0,3515.1428571428573,14.02202380952381,9.785714285714286,22.385714285714283,76.3077380952381,46.1,88.82857142857142,660.1369047619048,351.0,1147.4285714285713,106.0,1809796.0
2023_33,2023,2024-03-11,2024-03-10,191,21.5,2000,6.479761904761905,0.9571428571428579,13.957142857142856,147.92261904761904,4.0,517.5714285714286,1055.892857142857,0.0,3445.714285714286,14.453571428571431,9.957142857142857,22.642857142857142,74.67738095238096,43.528571428571425,88.67142857142858,641.1607142857143,388.57142857142856,969.7142857142857,200.0,3222326.0
2023_33,2023,2024-03-12,2024-03-11,192,21.5,2000,6.436309523809524,0.9571428571428579,13.585714285714285,142.5297619047619,4.0,491.85714285714283,1023.8928571428571,0.0,3372.0,14.505357142857141,10.0,22.61428571428571,75.49523809523808,46.42857142857143,88.64285714285714,644.9702380952382,387.0,986.2857142857143,116.0,1706996.0
2023_33,2023,2024-03-13,2024-03-12,193,21.5,2000,6.601190476190475,0.3285714285714292,14.77142857142857,159.03571428571428,4.0,551.0,1188.3214285714287,0.0,3932.5714285714284,14.895238095238097,9.914285714285715,24.071428571428573,73.7,40.65714285714285,88.57142857142857,639.5238095238094,376.7142857142857,992.8571428571429,114.0,1587394.0
2023_33,2023,2024-03-15,2024-03-14,195,21.5,2000,6.667261904761905,-0.7999999999999993,16.142857142857142,171.6011904761905,4.0,571.2857142857143,1232.3214285714287,0.0,3918.8571428571427,15.220238095238097,9.671428571428573,25.028571428571432,71.75833333333334,37.0,88.04285714285716,647.7380952380953,378.85714285714283,1019.8571428571429,99.0,1625004.0
2023_33,2023,2024-03-18,2024-03-17,198,21.5,2000,9.501785714285713,0.3571428571428577,20.114285714285717,167.54761904761907,4.0,571.7142857142857,1226.892857142857,0.0,4020.8571428571427,16.51607142857143,10.385714285714286,26.942857142857147,71.61428571428573,35.68571428571428,89.61428571428571,664.8988095238095,382.42857142857144,1074.142857142857,250.0,2791740.0
2023_33,2023,2024-03-19,2024-03-18,199,21.5,2000,9.991071428571429,0.5285714285714291,20.914285714285715,182.00595238095238,4.0,605.2857142857143,1298.7142857142858,0.0,4094.5714285714284,16.82202380952381,10.528571428571428,27.371428571428574,70.13988095238095,32.114285714285714,89.41428571428571,653.1369047619047,383.7142857142857,1052.7142857142858,298.0,4735948.0
2023_33,2023,2024-03-20,2024-03-19,200,21.5,2000,10.37797619047619,1.171428571428572,21.485714285714284,182.45833333333334,4.0,627.8571428571429,1311.7142857142858,0.0,4116.0,16.886309523809523,10.557142857142859,27.814285714285713,69.78809523809524,30.785714285714285,89.39999999999999,648.9583333333333,387.7142857142857,1037.142857142857,208.0,2536018.0
2023_33,2023,2024-03-21,2024-03-20,201,21.5,2000,10.172619047619047,1.4571428571428575,20.714285714285715,182.7619047619048,4.0,630.8571428571429,1328.0714285714287,0.0,4197.428571428572,16.630357142857143,10.585714285714285,27.314285714285717,69.6327380952381,31.67142857142857,89.14285714285714,641.4880952380953,390.0,1010.4285714285714,106.0,1121436.0
2023_33,2023,2024-03-22,2024-03-21,202,21.5,2000,9.761904761904761,0.8857142857142862,20.014285714285712,190.35714285714286,4.0,635.1428571428571,1352.4285714285713,0.0,4122.0,16.670238095238094,10.414285714285715,27.228571428571428,69.22738095238095,31.642857142857142,88.79999999999998,639.827380952381,388.14285714285717,1012.7142857142857,7.0,45502.0
2023_33,2023,2024-03-25,2024-03-24,205,21.5,2000,10.383333333333335,3.6428571428571432,18.357142857142858,160.82142857142858,4.0,545.8571428571429,1213.2142857142858,0.0,3758.5714285714284,16.835714285714285,11.471428571428572,25.914285714285715,73.44642857142857,41.114285714285714,89.5,646.0654761904761,394.57142857142856,1007.1428571428571,234.0,2596664.0
2023_33,2023,2024-03-26,2024-03-25,206,21.5,2000,10.535714285714286,4.9,17.34285714285714,136.66666666666666,4.0,474.57142857142856,1065.7142857142858,0.0,3379.714285714286,16.55297619047619,11.828571428571431,24.74285714285714,76.04940476190475,47.6,89.98571428571428,644.4880952380953,398.14285714285717,986.7142857142857,146.0,1684236.0
2023_33,2023,2024-03-27,2024-03-26,207,21.5,2000,10.401785714285714,4.92857142857143,16.614285714285714,133.63690476190476,3.857142857142857,447.42857142857144,1022.25,0.0,3372.8571428571427,16.61904761904762,11.928571428571429,24.428571428571427,77.19583333333334,50.142857142857146,90.20000000000002,639.5119047619047,396.57142857142856,974.5714285714286,202.0,2081292.0
2023_33,2023,2024-03-28,2024-03-27,208,21.5,2000,10.914880952380953,5.042857142857144,17.52857142857143,128.0952380952381,3.857142857142857,442.57142857142856,980.1428571428571,0.0,3331.714285714286,16.97440476190476,11.957142857142857,24.9,78.12619047619047,51.114285714285714,90.61428571428571,647.6130952380953,397.7142857142857,1000.2857142857143,86.0,1022436.0
2023_33,2023,2024-03-29,2024-03-28,209,21.5,2000,11.435714285714285,6.757142857142858,16.942857142857143,99.96428571428571,3.857142857142857,359.14285714285717,807.25,0.0,2869.714285714286,16.626785714285717,12.442857142857145,23.385714285714283,81.11071428571428,58.5,91.45714285714284,655.4166666666667,407.0,998.1428571428571,120.0,1865040.0
2023_33,2023,2024-04-01,2024-03-31,212,21.5,2000,10.911904761904761,4.871428571428573,17.685714285714287,122.69642857142857,3.857142857142857,436.57142857142856,915.1428571428571,0.0,3255.4285714285716,16.597619047619048,11.757142857142858,24.657142857142855,78.37202380952381,52.68571428571429,90.82857142857144,636.1726190476192,397.42857142857144,976.7142857142857,388.0,4585208.0
2023_33,2023,2024-04-02,2024-04-01,213,21.5,2000,11.321428571428571,3.9857142857142867,19.785714285714285,149.70238095238093,3.857142857142857,509.57142857142856,1076.0,0.0,3642.8571428571427,17.303571428571427,11.457142857142856,26.614285714285717,74.8892857142857,45.871428571428574,89.95714285714287,635.1785714285714,393.7142857142857,981.5714285714286,192.0,2000312.0
2023_33,2023,2024-04-03,2024-04-02,214,21.5,2000,11.96904761904762,3.914285714285715,21.3,152.41071428571428,4.0,513.0,1067.142857142857,0.0,3504.8571428571427,17.74345238095238,11.528571428571428,27.157142857142862,73.6125,43.81428571428571,89.84285714285716,640.4107142857143,396.85714285714283,984.8571428571429,254.0,2427404.0
2023_33,2023,2024-04-04,2024-04-03,215,21.5,2000,12.376785714285715,5.2857142857142865,20.571428571428573,132.86904761904762,4.0,440.7142857142857,932.0357142857143,0.0,3039.4285714285716,17.633928571428573,12.128571428571428,25.97142857142857,75.60833333333333,49.67142857142857,90.14285714285714,640.6785714285714,403.0,983.1428571428571,162.0,1501932.0
2023_33,2023,2024-04-05,2024-04-04,216,21.5,2000,12.93452380952381,5.485714285714287,21.25714285714286,136.88095238095238,4.0,452.42857142857144,958.5,0.0,3139.714285714286,18.10833333333333,12.085714285714285,26.942857142857143,75.0220238095238,47.814285714285724,90.11428571428573,621.702380952381,397.2857142857143,953.2857142857143,184.0,1778944.0
2023_33,2023,2024-04-08,2024-04-07,219,21.5,2000,14.252380952380955,7.314285714285715,22.785714285714285,138.79166666666666,4.0,446.0,1031.0,0.0,3350.5714285714284,18.614880952380954,12.342857142857142,27.67142857142857,74.01369047619048,48.41428571428571,89.97142857142856,591.7678571428571,402.85714285714283,860.0,254.0,2687564.0
2023_33,2023,2024-04-09,2024-04-08,220,21.5,2000,14.69107142857143,8.371428571428572,22.371428571428574,122.11309523809523,4.0,403.42857142857144,954.3928571428571,0.0,3323.1428571428573,18.428571428571427,12.5,26.78571428571428,75.09523809523809,49.98571428571428,90.28571428571429,577.0535714285714,404.85714285714283,820.2857142857143,276.0,2164536.0
2023_33,2023,2024-04-11,2024-04-10,222,21.5,2000,14.879166666666666,7.942857142857144,23.257142857142856,145.74999999999997,4.0,487.57142857142856,1124.0357142857142,0.0,3906.8571428571427,18.50357142857143,11.514285714285716,28.442857142857143,71.67202380952382,43.528571428571425,89.60000000000001,540.6547619047619,398.42857142857144,735.4285714285714,476.0,3656616.0
2023_33,2023,2024-04-12,2024-04-11,223,21.5,2000,14.931547619047619,7.671428571428572,24.014285714285712,154.36904761904762,4.0,531.8571428571429,1209.0,0.0,4344.857142857143,18.40297619047619,11.257142857142858,29.114285714285717,70.2077380952381,39.74285714285714,88.92857142857143,534.7916666666667,400.0,710.7142857142857,148.0,1399608.0
2023_33,2023,2024-04-15,2024-04-14,226,21.5,2000,16.185119047619047,8.242857142857144,26.41428571428571,166.69642857142858,4.0,561.8571428571429,1225.0357142857142,0.0,4219.714285714285,19.131547619047616,10.8,30.828571428571426,68.90238095238097,38.785714285714285,88.24285714285715,537.3809523809524,406.42857142857144,770.0,160.0,1515840.0
2023_33,2023,2024-04-17,2024-04-16,228,21.5,2000,16.64107142857143,9.200000000000001,26.071428571428573,165.33333333333331,4.0,553.5714285714286,1233.142857142857,0.0,3980.5714285714284,19.43035714285714,11.4,30.585714285714285,70.91607142857143,43.8,89.24285714285715,532.0,410.85714285714283,749.7142857142857,317.0,5996604.0
2023_33,2023,2024-04-18,2024-04-17,229,21.5,2000,16.867261904761904,9.142857142857142,26.671428571428574,164.92857142857142,4.0,553.4285714285714,1221.392857142857,0.0,4008.8571428571427,19.43035714285714,11.22857142857143,30.914285714285715,70.8625,43.42857142857143,89.07142857142857,525.452380952381,410.42857142857144,726.0,65.0,1033260.0
2023_33,2023,2024-04-19,2024-04-18,230,21.5,2000,17.42083333333333,9.071428571428571,27.814285714285713,180.52380952380955,4.0,581.1428571428571,1279.642857142857,0.0,3939.4285714285716,20.044642857142858,11.114285714285714,32.01428571428571,69.44702380952381,42.4,88.89999999999999,524.5059523809524,410.0,728.0,106.0,1002396.0
2023_33,2023,2024-04-22,2024-04-21,233,21.5,2000,16.707142857142856,10.542857142857143,23.914285714285715,130.25595238095238,4.0,415.57142857142856,924.0,0.0,2865.4285714285716,18.767857142857142,12.214285714285714,27.47142857142857,75.13809523809523,55.57142857142857,89.41428571428571,489.6607142857143,424.0,559.2857142857143,147.0,2818884.0
2023_33,2023,2024-04-23,2024-04-22,234,21.5,2000,16.66190476190476,9.814285714285715,24.199999999999996,137.0,4.0,433.57142857142856,967.9642857142857,0.0,2952.0,18.705357142857142,11.571428571428571,27.699999999999996,74.27738095238094,53.34285714285715,89.41428571428571,485.45833333333337,423.14285714285717,554.2857142857143,87.0,1170804.0
2023_33,2023,2024-04-24,2024-04-23,235,21.5,2000,16.235119047619047,9.557142857142859,23.7,132.92857142857142,3.857142857142857,426.2857142857143,921.5357142857143,0.0,3004.285714285714,18.271428571428572,11.357142857142858,26.985714285714288,74.63630952380952,55.328571428571436,88.97142857142856,484.327380952381,423.0,556.4285714285714,89.0,1557708.0
2023_33,2023,2024-04-25,2024-04-24,236,21.5,2000,16.25952380952381,10.12857142857143,23.11428571428571,125.45833333333334,3.857142857142857,408.14285714285717,950.9642857142857,0.0,3154.285714285714,18.167857142857144,11.757142857142856,26.428571428571427,75.46607142857144,56.42857142857144,89.12857142857142,480.14285714285717,422.14285714285717,549.2857142857143,39.0,648948.0
2023_33,2023,2024-04-26,2024-04-25,237,21.5,2000,16.217857142857145,9.942857142857141,23.257142857142856,128.85119047619048,3.857142857142857,412.0,967.75,0.0,3180.8571428571427,18.172619047619047,11.542857142857143,26.614285714285717,75.59166666666667,56.65714285714286,89.17142857142858,478.80952380952385,420.14285714285717,549.8571428571429,78.0,1665576.0
2023_33,2023,2024-04-29,2024-04-28,240,21.5,2000,17.664285714285715,9.914285714285715,27.62857142857143,171.33928571428572,3.857142857142857,550.5714285714286,1304.0714285714287,0.0,4311.428571428572,19.938095238095237,11.62857142857143,31.61428571428571,71.73154761904762,45.82857142857142,89.0,485.8690476190476,411.0,573.2857142857143,143.0,2462676.0
2023_33,2023,2024-04-30,2024-04-29,241,21.5,2000,17.616071428571427,10.6,27.114285714285717,162.67261904761907,3.857142857142857,521.2857142857143,1235.5,0.0,4073.1428571428573,19.89166666666667,12.271428571428572,31.0,72.6827380952381,48.685714285714276,88.7,488.98214285714283,414.85714285714283,577.5714285714286,127.0,1684884.0
2023_33,2023,2024-05-02,2024-05-01,243,21.5,2000,18.133333333333333,11.314285714285715,27.38571428571429,162.0,4.0,518.2857142857143,1217.7857142857142,0.0,4050.0,20.41785714285714,12.985714285714284,31.142857142857142,73.82559523809525,50.6,89.0,488.9047619047619,415.57142857142856,575.5714285714286,172.0,2185104.0
2023_33,2023,2024-05-03,2024-05-02,244,21.5,2000,17.880357142857143,11.228571428571428,26.928571428571427,160.33928571428572,4.0,519.0,1226.357142857143,0.0,4093.714285714286,20.166071428571428,12.957142857142857,30.671428571428574,73.61309523809526,49.885714285714286,89.02857142857142,486.81547619047615,416.0,569.4285714285714,76.0,1124112.0
2023_33,2023,2024-05-07,2024-05-06,248,21.5,2000,18.117261904761904,11.085714285714287,26.12857142857143,158.25,3.857142857142857,505.7142857142857,1197.392857142857,0.0,4184.571428571428,20.33511904761904,12.985714285714284,29.914285714285715,73.7077380952381,50.65714285714286,89.01428571428572,481.45833333333337,411.2857142857143,623.7142857142857,245.0,3930780.0
2023_33,2023,2024-05-08,2024-05-07,249,21.5,2000,17.70595238095238,10.885714285714286,25.342857142857145,147.69642857142858,3.7142857142857144,478.2857142857143,1138.0,0.0,4077.4285714285716,19.839285714285715,12.828571428571427,28.928571428571427,74.02142857142857,51.542857142857144,88.72857142857143,481.9404761904762,412.42857142857144,622.0,81.0,1082412.0
2023_33,2023,2024-05-10,2024-05-09,251,21.5,2000,17.80952380952381,11.114285714285716,25.414285714285715,157.4702380952381,3.7142857142857144,487.42857142857144,1216.2857142857142,0.0,4090.285714285714,20.11845238095238,13.200000000000001,29.27142857142857,74.06964285714285,52.271428571428565,88.84285714285716,482.797619047619,412.7142857142857,627.2857142857143,60.0,887760.0
2023_33,2023,2024-05-13,2024-05-12,254,21.5,2000,18.488095238095237,11.485714285714286,26.457142857142856,169.74404761904765,3.857142857142857,536.5714285714286,1381.357142857143,0.0,4770.0,20.374404761904763,13.071428571428571,29.842857142857145,71.31488095238095,48.471428571428575,88.71428571428571,460.25,404.7142857142857,531.2857142857143,200.0,1881840.0
2023_33,2023,2024-05-14,2024-05-13,255,21.5,2000,18.354761904761904,10.528571428571428,27.228571428571428,191.53571428571428,3.857142857142857,583.4285714285714,1458.642857142857,0.0,4558.285714285715,20.491071428571427,12.285714285714286,30.9,68.63452380952381,44.385714285714286,87.61428571428571,463.2738095238095,404.57142857142856,538.8571428571429,134.0,783684.0
2023_33,2023,2024-05-16,2024-05-15,257,21.5,2000,19.339285714285715,10.428571428571429,30.0,214.14880952380955,4.0,640.5714285714286,1469.857142857143,0.0,4338.857142857143,21.702380952380953,12.314285714285713,33.857142857142854,65.51071428571429,40.51428571428571,86.87142857142858,470.48214285714283,404.2857142857143,558.5714285714286,98.0,508908.0
2023_33,2023,2024-05-17,2024-05-16,258,21.5,2000,19.494642857142857,10.685714285714285,29.900000000000002,215.63690476190476,4.0,631.4285714285714,1475.8214285714287,0.0,4334.571428571428,21.586309523809522,12.428571428571429,33.31428571428571,63.11607142857143,38.84285714285714,85.88571428571427,468.85714285714283,407.14285714285717,560.1428571428571,72.0,456432.0
2023_33,2023,2024-05-20,2024-05-19,261,21.5,2000,19.43988095238095,9.471428571428573,31.414285714285715,234.9404761904762,4.0,658.7142857142857,1508.7857142857142,0.0,4207.714285714285,21.957142857142856,11.9,34.91428571428571,62.083928571428565,38.300000000000004,84.62857142857145,483.7738095238095,407.14285714285717,589.0,146.0,1046796.0
2023_5,2023,2023-12-10,2023-12-09,83,27.0,800,6.310119047619048,0.15714285714285708,12.871428571428572,70.36904761904762,0.0,368.2857142857143,146.4136904761905,0.0,608.0285714285714,15.050595238095237,10.214285714285714,24.642857142857142,86.78928571428571,78.21428571428571,92.6,314.25507884972166,207.0,464.14285714285717,4.0,100000.0
2023_5,2023,2023-12-12,2023-12-11,85,27.0,800,9.176190476190476,4.2142857142857135,14.299999999999999,58.26190476190476,0.0,318.14285714285717,120.59464285714284,0.0,503.4428571428571,15.245833333333335,11.414285714285715,23.2,88.71249999999999,80.07142857142857,93.72857142857143,327.17066326530613,228.0,408.57142857142856,35.0,700000.0
2023_5,2023,2023-12-18,2023-12-17,91,27.0,800,4.614880952380952,1.3857142857142857,7.571428571428571,36.77380952380952,0.0,206.42857142857142,71.33571428571427,0.0,317.5857142857143,12.661904761904763,10.685714285714285,16.414285714285715,91.07797619047618,86.01428571428572,94.91428571428573,391.09268707482994,273.2857142857143,549.2857142857143,23.0,565000.0
2023_5,2023,2023-12-20,2023-12-19,93,27.0,800,0.699404761904762,-2.7571428571428567,4.114285714285715,27.148809523809526,0.0,159.57142857142858,52.704761904761895,0.0,234.45714285714283,11.463690476190477,9.62857142857143,15.614285714285716,89.34523809523809,84.07142857142857,93.60000000000001,645.7593537414966,529.2857142857143,814.8571428571429,4.0,80000.0
2023_5,2023,2023-12-22,2023-12-21,95,27.0,800,-3.4898809523809526,-6.785714285714286,0.08571428571428566,15.82738095238095,0.0,93.0,29.77797619047619,0.0,136.71428571428572,9.903571428571428,8.542857142857143,12.9,88.57083333333334,82.34285714285714,93.01428571428572,841.8193581780539,609.5714285714286,1098.4285714285713,4.0,80000.0
2023_5,2023,2023-12-24,2023-12-23,97,27.0,800,-7.313095238095237,-10.799999999999999,-3.7142857142857144,8.363095238095237,0.0,55.42857142857143,16.193452380952383,0.0,72.27142857142857,9.674999999999999,8.071428571428571,14.471428571428573,86.85119047619048,79.72857142857143,91.78571428571429,1085.7181677018634,851.0,1306.7142857142858,4.0,80000.0
2023_5,2023,2024-01-12,2024-01-11,116,27.0,800,-0.07857142857142854,-4.857142857142857,3.7571428571428567,44.04166666666667,0.0,226.71428571428572,87.44821428571427,0.0,380.65714285714284,11.654761904761903,8.571428571428571,20.485714285714284,88.27678571428571,78.98571428571428,93.54285714285713,752.6333333333333,444.42857142857144,1105.4285714285713,48.0,1103000.0
2023_5,2023,2024-01-15,2024-01-14,119,27.0,800,-0.6011904761904762,-5.557142857142858,4.785714285714286,16.041666666666664,0.0,71.57142857142857,31.62738095238095,0.0,138.62857142857143,11.399404761904762,8.4,19.17142857142857,88.10952380952381,78.85714285714286,93.4,804.1628188117353,471.42857142857144,1253.4285714285713,40.0,1060000.0
2023_5,2023,2024-01-17,2024-01-16,121,27.0,800,-0.8494047619047619,-5.9,4.814285714285715,0.0,0.0,0.0,0.0,0.0,0.0,11.789285714285713,8.3,20.485714285714288,87.14642857142857,76.64285714285714,92.92857142857143,712.4695648434812,407.7142857142857,1246.857142857143,73.0,2124000.0
2023_5,2023,2024-01-19,2024-01-18,123,27.0,800,-0.21249999999999986,-4.857142857142857,5.228571428571429,10.404761904761903,0.0,44.142857142857146,19.3875,0.0,89.89999999999999,11.974404761904761,8.557142857142857,20.342857142857145,87.6047619047619,76.94285714285715,93.82857142857142,629.4493267482432,315.0,1146.5714285714287,9.0,185000.0
2023_5,2023,2024-01-22,2024-01-21,126,27.0,800,1.5196428571428573,-2.0,4.828571428571428,30.702380952380953,0.0,182.85714285714286,60.88869047619048,0.0,265.25714285714287,12.051190476190474,8.957142857142857,20.057142857142857,89.65238095238094,79.57142857142857,94.8142857142857,525.9853174603174,326.57142857142856,843.7142857142857,102.0,3091000.0
2023_5,2023,2024-01-24,2024-01-23,128,27.0,800,0.46011904761904787,-2.3285714285714287,3.1428571428571423,49.041666666666664,0.0,295.7142857142857,93.83928571428571,0.0,423.6285714285714,11.114880952380954,9.042857142857143,16.571428571428573,90.50119047619047,81.7,95.5,621.9101966873706,455.14285714285717,852.8571428571429,87.0,2589000.0
2023_5,2023,2024-01-26,2024-01-25,130,27.0,800,-1.682738095238095,-4.8428571428571425,1.5285714285714285,69.33928571428571,0.0,385.0,133.19761904761904,0.0,598.7857142857143,11.325000000000001,8.77142857142857,18.114285714285714,87.19880952380952,77.44285714285715,92.58571428571429,620.390175042349,413.42857142857144,992.2857142857143,11.0,275000.0
2023_5,2023,2024-01-29,2024-01-28,133,27.0,800,-4.332142857142857,-8.342857142857143,0.1714285714285714,87.26190476190474,0.0,421.2857142857143,163.59166666666667,0.0,753.5571428571428,11.402976190476192,8.314285714285713,19.82857142857143,83.0672619047619,72.88571428571429,89.65714285714286,791.5024199403081,571.0,1277.7142857142858,103.0,2743000.0
2023_5,2023,2024-01-31,2024-01-30,135,27.0,800,-2.8666666666666667,-7.685714285714286,2.814285714285714,98.35119047619047,0.0,432.57142857142856,192.38333333333335,0.0,849.3857142857142,12.795833333333333,8.471428571428572,24.17142857142857,80.63809523809525,68.6857142857143,87.28571428571429,671.9795979396542,422.42857142857144,1271.0,90.0,2878500.0
2023_5,2023,2024-02-02,2024-02-01,137,27.0,800,-0.41309523809523796,-5.142857142857143,5.242857142857143,90.55952380952381,0.0,404.7142857142857,181.40595238095239,0.0,782.1714285714286,13.351785714285713,9.1,24.785714285714285,81.15535714285714,66.85714285714286,87.85714285714286,589.6127148227713,409.7142857142857,997.7142857142857,32.0,698000.0
2023_5,2023,2024-02-05,2024-02-04,140,27.0,800,1.4470238095238095,-2.9285714285714293,6.714285714285714,84.80357142857143,0.0,391.42857142857144,177.13928571428573,0.0,732.4714285714286,13.808333333333334,9.714285714285714,24.114285714285717,81.88035714285714,66.37142857142857,88.65714285714286,438.2564223057644,248.14285714285714,811.8571428571429,107.0,3446000.0
2023_5,2023,2024-02-07,2024-02-06,142,27.0,800,2.6738095238095236,-1.0571428571428574,6.714285714285714,68.92857142857143,0.0,334.2857142857143,144.38095238095238,0.0,595.4142857142857,13.241666666666665,9.87142857142857,21.74285714285714,84.66607142857141,71.11428571428573,90.55714285714285,379.3105742296919,254.57142857142858,546.1428571428571,3.0,60000.0
2023_5,2023,2024-02-08,2024-02-07,143,27.0,800,4.003571428571428,0.6285714285714282,8.828571428571427,66.85119047619048,0.0,331.0,142.0577380952381,0.0,577.5285714285715,13.066071428571428,9.785714285714286,21.37142857142857,85.34642857142858,74.45714285714287,90.55714285714285,367.60819327731093,248.0,528.1428571428571,50.0,1368000.0
2023_5,2023,2024-02-11,2024-02-10,146,27.0,800,9.313095238095238,5.428571428571429,17.742857142857144,82.11904761904762,0.0,389.42857142857144,183.82916666666668,0.0,709.3285714285714,13.273809523809522,9.314285714285715,23.3,82.02916666666667,66.21428571428571,87.67142857142858,395.43672034031005,235.28571428571428,734.7142857142857,54.0,1890000.0
2023_5,2023,2024-02-13,2024-02-12,148,27.0,800,11.77142857142857,7.328571428571428,22.385714285714283,95.13095238095238,0.0,421.0,217.7875,0.0,821.7857142857143,13.286904761904761,8.828571428571427,24.771428571428572,77.28035714285714,58.199999999999996,84.54285714285713,459.7700536736434,233.0,986.7142857142857,90.0,1958000.0
2023_5,2023,2024-02-14,2024-02-13,149,27.0,800,13.688690476190475,8.857142857142858,25.12857142857143,101.01785714285714,0.0,446.57142857142856,232.06964285714284,0.0,872.6428571428571,13.688690476190477,8.857142857142858,25.12857142857143,75.28392857142856,53.214285714285715,85.08571428571429,466.65499226446434,243.85714285714286,1005.4285714285714,24.0,540000.0
2023_5,2023,2024-02-19,2024-02-18,154,27.0,800,9.41904761904762,4.0285714285714285,17.74285714285714,81.91071428571429,0.0,426.85714285714283,181.1791666666667,0.0,707.7714285714285,13.817261904761905,9.528571428571428,21.928571428571427,75.73869047619048,52.60000000000001,88.52857142857144,402.98717948717956,286.42857142857144,621.4285714285714,152.0,2596000.0
2023_5,2023,2024-03-04,2024-03-03,168,27.0,800,2.837699134199134,-1.6714285714285713,7.6,109.49406926406927,0.0,457.2857142857143,249.11674458874455,0.0,945.8714285714286,14.145084415584417,9.528571428571428,24.75714285714286,76.79274242424243,55.142857142857146,86.34285714285714,384.8312747035573,243.14285714285714,739.8571428571429,120.0,2292000.0
2023_5,2023,2024-03-07,2024-03-06,171,27.0,800,3.7226190476190477,-0.442857142857143,8.0,104.57142857142857,0.0,429.57142857142856,238.80714285714288,0.0,903.3428571428573,14.06607142857143,9.7,22.642857142857142,77.40714285714286,58.32857142857143,87.82857142857144,354.0556418219462,249.14285714285714,522.8571428571429,58.0,1486000.0
2023_5,2023,2024-03-11,2024-03-10,175,27.0,800,3.9904761904761905,-1.1000000000000003,9.299999999999999,129.60714285714286,0.0,528.0,298.1970238095238,0.0,1119.6714285714286,14.223214285714286,9.271428571428572,24.02857142857143,70.7375,45.58571428571429,85.11428571428571,352.3594322344323,250.42857142857142,553.2857142857143,42.0,588000.0
2023_5,2023,2024-03-14,2024-03-13,178,27.0,800,3.607738095238095,-2.0000000000000004,9.385714285714286,134.8154761904762,0.0,528.0,312.10238095238094,0.0,1164.5428571428572,14.498214285714285,9.442857142857141,24.514285714285712,68.30952380952381,43.114285714285714,81.94285714285715,334.1431623931624,234.57142857142858,502.7142857142857,42.0,882000.0
2023_5,2023,2024-03-18,2024-03-17,182,27.0,800,6.895833333333333,0.7428571428571429,13.057142857142859,135.60714285714286,0.0,537.5714285714286,313.6196428571429,0.0,1171.314285714286,15.471428571428572,10.671428571428573,24.88571428571429,68.06607142857142,41.57142857142857,83.84285714285714,325.08730158730157,250.28571428571428,394.7142857142857,80.0,1240000.0
2023_5,2023,2024-03-20,2024-03-19,184,27.0,800,7.2369047619047615,0.7285714285714285,13.857142857142858,158.10714285714286,0.0,651.4285714285714,361.5327380952381,0.0,1365.7428571428572,15.804761904761905,10.785714285714286,25.928571428571427,65.2202380952381,33.92857142857143,83.42857142857143,327.51423395445136,262.57142857142856,392.7142857142857,85.0,1254000.0
2023_5,2023,2024-03-22,2024-03-21,186,27.0,800,6.560714285714285,0.3285714285714287,12.771428571428572,162.80357142857142,0.0,675.4285714285714,374.8517857142857,0.0,1406.5714285714287,15.749404761904762,10.442857142857141,25.400000000000002,64.60297619047618,34.07142857142857,83.24285714285715,327.61542443064184,262.14285714285717,393.42857142857144,58.0,846000.0
2023_5,2023,2024-03-25,2024-03-24,189,27.0,800,8.04404761904762,2.0285714285714285,14.5,153.19047619047618,0.0,651.8571428571429,350.1636904761905,0.0,1323.5857142857144,15.832142857142856,9.942857142857141,25.428571428571427,66.27083333333333,34.32857142857143,84.92857142857143,324.76423395445136,255.28571428571428,390.85714285714283,194.0,2611500.0
2023_5,2023,2024-03-27,2024-03-26,191,27.0,800,8.727976190476191,3.442857142857143,14.442857142857141,135.9702380952381,0.0,622.8571428571429,314.3875,0.0,1174.8428571428572,15.623809523809523,9.785714285714286,25.457142857142856,69.97440476190476,39.44285714285714,87.05714285714285,317.79166666666663,240.85714285714286,384.2857142857143,50.0,830000.0
2023_5,2023,2024-03-28,2024-03-27,192,27.0,800,9.219642857142857,3.3857142857142857,15.614285714285716,133.04166666666666,0.0,608.8571428571429,308.5434523809524,0.0,1149.5285714285715,15.63154761904762,10.014285714285714,25.514285714285712,71.15059523809524,41.628571428571426,87.7,322.10714285714283,243.42857142857142,395.14285714285717,109.0,1916000.0
2023_5,2023,2024-03-29,2024-03-28,193,27.0,800,10.011309523809524,4.785714285714286,15.6,111.05952380952381,0.0,522.0,255.55892857142857,0.0,959.5714285714284,15.54047619047619,10.385714285714286,24.457142857142856,75.33095238095237,49.42857142857143,89.4,325.1722689075631,236.71428571428572,399.0,52.0,1031000.0
2023_5,2023,2024-03-31,2024-03-30,195,27.0,800,9.092261904761903,4.3,14.557142857142859,95.68452380952381,0.0,458.42857142857144,224.27500000000003,0.0,826.8,15.071428571428571,10.028571428571428,24.557142857142857,78.96904761904761,56.228571428571435,88.71428571428571,311.8576430572229,229.0,381.85714285714283,97.0,1725000.0
2023_5,2023,2024-04-01,2024-03-31,196,27.0,800,8.298214285714286,2.985714285714286,13.9,106.44047619047618,0.0,479.0,252.81130952380954,0.0,919.7285714285715,14.76845238095238,9.971428571428572,24.5,78.77916666666667,56.871428571428574,88.65714285714286,309.0481192476991,230.71428571428572,374.14285714285717,85.0,1383500.0
2023_5,2023,2024-04-02,2024-04-01,197,27.0,800,8.23452380952381,1.9857142857142855,14.657142857142857,129.89285714285714,0.0,537.4285714285714,315.8702380952381,0.0,1122.357142857143,14.824404761904761,9.485714285714286,25.328571428571426,75.64107142857142,52.857142857142854,87.97142857142856,313.9350240096038,243.14285714285714,374.42857142857144,131.0,1759000.0
2023_5,2023,2024-04-03,2024-04-02,198,27.0,800,9.007142857142856,1.8142857142857143,16.185714285714287,138.69047619047618,0.0,533.0,342.31607142857143,0.0,1198.3428571428572,14.901785714285714,9.0,24.657142857142855,74.75178571428572,51.08571428571429,88.60000000000001,319.38740496198477,252.85714285714286,382.42857142857144,93.0,1136500.0
2023_5,2023,2024-04-04,2024-04-03,199,27.0,800,9.88452380952381,3.557142857142857,16.157142857142855,122.54761904761905,0.0,467.14285714285717,301.5595238095238,0.0,1058.9,15.111904761904762,9.557142857142859,24.014285714285712,77.47916666666666,55.61428571428572,90.07142857142857,322.9826430572229,247.28571428571428,389.2857142857143,89.0,1159000.0
2023_5,2023,2024-04-05,2024-04-04,200,27.0,800,10.50952380952381,3.814285714285714,17.357142857142858,133.6904761904762,0.0,528.2857142857143,329.83511904761906,0.0,1155.1571428571428,15.37797619047619,9.72857142857143,24.77142857142857,77.13511904761904,52.84285714285715,90.52857142857142,324.07823129251705,254.42857142857142,392.14285714285717,166.0,3194000.0
2023_5,2023,2024-04-07,2024-04-06,202,27.0,800,11.604761904761904,4.8999999999999995,18.5,153.05357142857142,0.0,592.0,373.85714285714283,0.0,1322.2714285714285,15.482142857142858,9.62857142857143,24.142857142857142,74.12083333333332,48.34285714285714,91.0142857142857,335.98214285714283,265.2857142857143,404.42857142857144,95.0,1402000.0
2023_5,2023,2024-04-08,2024-04-07,203,27.0,800,12.239880952380952,5.5,19.52857142857143,157.32142857142858,0.0,610.4285714285714,395.3934523809524,0.0,1359.142857142857,15.57738095238095,9.357142857142858,23.699999999999996,74.4547619047619,49.142857142857146,91.01428571428572,343.27976190476187,271.0,419.14285714285717,78.0,1030000.0
2023_5,2023,2024-04-09,2024-04-08,204,27.0,800,12.762500000000001,6.199999999999998,19.74285714285714,147.85714285714286,0.0,586.2857142857143,374.1839285714286,0.0,1277.3428571428572,15.698214285714286,9.571428571428571,22.985714285714288,75.17321428571428,50.48571428571429,91.2,343.422619047619,271.85714285714283,421.7142857142857,72.0,983000.0
2023_5,2023,2024-04-10,2024-04-09,205,27.0,800,12.875,6.6,19.642857142857142,152.1369047619048,0.0,589.7142857142857,394.9005952380952,0.0,1314.2857142857142,15.74702380952381,9.87142857142857,22.985714285714288,74.3404761904762,50.34285714285715,90.10000000000001,340.26190476190476,271.2857142857143,418.0,51.0,825000.0
2023_5,2023,2024-04-12,2024-04-11,207,27.0,800,12.883928571428571,6.057142857142856,20.599999999999998,179.2261904761905,0.0,647.7142857142857,471.9839285714285,0.0,1548.4999999999998,15.689285714285715,9.242857142857144,23.82857142857143,69.33452380952382,42.42857142857143,87.74285714285715,326.11904761904765,269.42857142857144,390.14285714285717,167.0,3496000.0
2023_5,2023,2024-04-14,2024-04-13,209,27.0,800,14.104761904761904,6.442857142857143,22.828571428571426,201.38690476190476,0.0,679.2857142857143,544.3160714285714,0.0,1740.0142857142855,16.53333333333333,9.642857142857142,25.04285714285714,68.59226190476191,43.24285714285715,86.61428571428571,328.8630952380953,278.0,393.42857142857144,111.0,1716500.0
2023_5,2023,2024-04-15,2024-04-14,210,27.0,800,14.810714285714287,7.057142857142857,23.414285714285715,201.28571428571428,0.0,672.7142857142857,545.1291666666666,0.0,1739.0571428571427,17.014880952380953,10.1,25.671428571428574,68.23154761904762,43.48571428571428,86.44285714285715,326.172619047619,278.57142857142856,383.85714285714283,88.0,1294000.0
2023_5,2023,2024-04-16,2024-04-15,211,27.0,800,15.06904761904762,8.014285714285714,23.057142857142853,185.92261904761904,0.0,629.5714285714286,497.3315476190476,0.0,1606.4142857142856,17.248214285714287,11.014285714285714,25.642857142857142,71.06190476190477,47.114285714285714,88.01428571428572,318.9107142857143,273.0,382.57142857142856,51.0,701000.0
2023_5,2023,2024-04-18,2024-04-17,213,27.0,800,14.943452380952381,8.485714285714286,22.728571428571428,183.51190476190476,0.0,661.2857142857143,481.74940476190477,0.0,1585.4857142857143,17.267261904761906,11.614285714285714,24.771428571428572,73.75,50.48571428571429,89.64285714285714,316.38690476190476,278.2857142857143,372.14285714285717,36.0,632000.0
2023_5,2023,2024-04-19,2024-04-18,214,27.0,800,15.016666666666667,8.071428571428571,23.099999999999998,194.77380952380955,0.0,689.7142857142857,516.5541666666667,0.0,1682.6571428571428,17.157142857142855,10.985714285714286,24.571428571428573,73.5375,50.01428571428571,89.87142857142858,316.1547619047619,282.85714285714283,371.14285714285717,91.0,1854000.0
2023_5,2023,2024-04-21,2024-04-20,216,27.0,800,14.553571428571429,8.471428571428572,21.2,167.80952380952382,0.0,601.1428571428571,443.1607142857143,0.0,1449.7857142857142,16.621428571428574,11.071428571428571,23.38571428571429,76.05119047619048,55.55714285714286,90.68571428571428,310.26785714285717,272.42857142857144,365.14285714285717,103.0,1662000.0
2023_5,2023,2024-04-23,2024-04-22,218,27.0,800,14.619047619047619,9.442857142857141,20.457142857142856,158.75595238095238,0.0,611.2857142857143,422.6827380952381,0.0,1371.5285714285715,16.620833333333334,11.557142857142855,23.042857142857144,78.01190476190474,59.48571428571429,91.38571428571429,303.94047619047615,266.57142857142856,347.85714285714283,91.0,1684000.0
2023_5,2023,2024-04-24,2024-04-23,219,27.0,800,14.836309523809524,9.314285714285715,21.12857142857143,158.86904761904762,0.0,597.4285714285714,429.497619047619,0.0,1372.6000000000001,16.699404761904763,11.185714285714285,23.514285714285712,77.63928571428572,58.800000000000004,91.3142857142857,306.94047619047615,269.0,353.57142857142856,86.0,1673500.0
2023_5,2023,2024-04-26,2024-04-25,221,27.0,800,14.74642857142857,10.12857142857143,20.042857142857144,144.96428571428572,0.0,627.0,382.1613095238095,0.0,1252.4857142857143,16.595833333333335,11.37142857142857,23.471428571428568,80.02857142857144,62.800000000000004,91.91428571428571,300.7440476190476,256.57142857142856,356.2857142857143,132.0,2448000.0
2023_5,2023,2024-04-29,2024-04-28,224,27.0,800,15.119047619047619,8.471428571428572,22.971428571428568,205.51785714285717,0.0,803.5714285714286,548.5035714285714,0.0,1775.5285714285715,17.13214285714286,9.957142857142857,26.285714285714285,75.58452380952382,52.942857142857136,92.72857142857143,313.04166666666663,276.0,361.2857142857143,157.0,2118000.0
2023_5,2023,2024-04-30,2024-04-29,225,27.0,800,14.716071428571428,8.714285714285714,21.900000000000002,185.58928571428572,0.0,699.1428571428571,491.88588435374146,0.0,1602.457142857143,16.643367346938778,10.12857142857143,24.74285714285714,77.14778911564625,56.25714285714285,92.57142857142857,328.0144557823129,285.2857142857143,375.0,124.0,1974000.0
2023_5,2023,2024-05-03,2024-05-02,228,27.0,800,15.891792929292931,8.916666666666666,23.233333333333334,220.9848484848485,0.0,693.6666666666666,561.4588474025974,0.0,1682.3166666666668,18.220714285714287,12.559999999999999,25.160000000000004,68.33857142857143,51.42,82.74,338.5452380952381,305.2,371.4,175.0,3961000.0
2023_5,2023,2024-05-05,2024-05-04,230,27.0,800,16.49179292929293,8.816666666666666,23.683333333333334,227.8945707070707,0.0,698.1666666666666,584.595652958153,0.0,1742.0333333333335,18.783134920634918,14.966666666666669,22.733333333333334,65.66011904761903,55.900000000000006,74.33333333333333,346.45039682539687,316.6666666666667,377.0,212.0,2587000.0
2023_6,2023,2023-12-05,2023-12-04,87,27.0,1000,1.0976190476190477,-3.8,6.271428571428572,76.5,0.0,411.2857142857143,156.28392857142856,0.0,660.1142857142858,12.895833333333334,8.78,20.66,80.83,57.779999999999994,91.8,414.16354266648386,231.2,789.0,110.0,1807000.0
2023_6,2023,2023-12-08,2023-12-07,90,27.0,1000,2.7875,-3.257142857142857,9.328571428571427,70.19642857142857,0.0,390.57142857142856,139.13333333333335,0.0,605.4857142857144,12.944642857142856,8.814285714285713,22.12857142857143,83.5672619047619,60.114285714285714,92.45714285714287,445.4124511109805,238.28571428571428,877.7142857142857,98.0,2107000.0
2023_6,2023,2023-12-11,2023-12-10,93,27.0,1000,7.767261904761904,2.157142857142857,14.014285714285714,68.21428571428571,0.0,364.57142857142856,139.64464285714286,0.0,589.5,14.145833333333334,10.299999999999999,22.628571428571426,85.28928571428571,62.44285714285714,92.55714285714285,436.65186202686203,262.7142857142857,763.8571428571429,90.0,1521000.0
2023_6,2023,2023-12-13,2023-12-12,95,27.0,1000,9.677380952380952,4.857142857142857,13.928571428571429,57.17857142857144,0.0,306.85714285714283,115.78928571428571,0.0,494.09999999999997,14.658928571428572,11.27142857142857,21.642857142857142,88.67023809523809,70.58571428571429,94.85714285714286,465.42658730158735,260.7142857142857,751.0,126.0,1500000.0
2023_6,2023,2023-12-18,2023-12-17,100,27.0,1000,4.614880952380952,1.3857142857142857,7.571428571428572,36.77380952380952,0.0,206.42857142857142,70.67559523809523,0.0,315.59999999999997,13.399404761904762,11.057142857142859,18.257142857142856,92.28035714285714,84.47142857142856,95.45714285714287,439.3939536340852,245.42857142857142,600.8571428571429,72.0,1008000.0
2023_6,2023,2023-12-19,2023-12-18,101,27.0,1000,2.0041666666666664,-1.5285714285714285,5.257142857142859,44.5,0.0,250.0,86.25535714285714,0.0,382.4142857142857,12.821428571428571,10.242857142857144,18.571428571428573,91.19583333333333,82.24285714285713,94.28571428571429,435.31187343358397,231.0,674.7142857142857,186.0,2709000.0
2023_6,2023,2023-12-20,2023-12-19,102,27.0,1000,0.699404761904762,-2.7571428571428567,4.114285714285716,44.547619047619044,0.0,250.71428571428572,87.36369047619048,0.0,382.8,12.450000000000001,9.957142857142857,18.457142857142856,91.02499999999999,83.39999999999999,93.87142857142858,439.55050979722034,245.57142857142858,754.8571428571429,136.0,2556000.0
2023_6,2023,2023-12-22,2023-12-21,104,27.0,1000,-3.4898809523809526,-6.785714285714286,0.08571428571428667,43.4345238095238,0.0,239.85714285714286,82.03273809523809,0.0,373.1857142857143,11.769642857142856,9.085714285714285,18.914285714285715,89.96964285714286,82.47142857142858,93.15714285714286,444.1376946711699,241.71428571428572,808.4285714285714,65.0,1145000.0
2023_6,2023,2023-12-26,2023-12-25,108,27.0,1000,-5.271428571428571,-8.714285714285714,-1.457142857142856,46.136904761904766,0.0,236.57142857142858,87.25714285714285,0.0,386.25714285714287,12.222619047619048,8.557142857142857,21.771428571428572,87.53988095238095,76.14285714285714,92.15714285714286,458.46365767650934,207.57142857142858,954.5714285714286,256.0,4061500.0
2023_6,2023,2023-12-27,2023-12-26,109,27.0,1000,-4.596428571428571,-8.057142857142857,-0.4571428571428563,47.660714285714285,0.0,255.14285714285714,88.42619047619048,0.0,399.4571428571429,12.470833333333331,8.614285714285714,22.514285714285712,87.54940476190475,75.77142857142857,92.2,444.90359274144436,196.28571428571428,868.4285714285714,93.0,1734000.0
2023_6,2023,2023-12-28,2023-12-27,110,27.0,1000,-3.8470238095238094,-7.428571428571429,0.7857142857142867,50.386904761904766,0.0,258.57142857142856,95.63690476190477,0.0,423.0571428571429,12.591071428571427,8.657142857142857,23.028571428571432,87.15535714285714,75.18571428571428,91.94285714285714,460.4347736348544,191.14285714285714,973.1428571428571,64.0,1062500.0
2023_6,2023,2024-01-02,2024-01-01,115,27.0,1000,1.7101190476190475,-1.5571428571428572,6.257142857142859,46.59523809523809,0.0,244.0,87.17619047619048,0.0,394.7142857142857,11.865476190476189,8.428571428571429,21.08571428571429,89.49464285714285,80.51428571428572,92.89999999999999,578.6546954507481,328.57142857142856,1040.142857142857,162.0,2998000.0
2023_6,2023,2024-01-03,2024-01-02,116,27.0,1000,1.9410714285714286,-1.2142857142857142,5.914285714285716,41.327380952380956,0.0,207.71428571428572,77.83928571428571,0.0,349.0857142857143,11.475595238095238,8.342857142857143,19.871428571428574,89.85952380952381,81.54285714285716,93.04285714285713,572.6725525936052,326.0,1015.8571428571429,4.0,12000.0
2023_6,2023,2024-01-05,2024-01-04,118,27.0,1000,2.2791666666666663,-1.1142857142857143,5.971428571428573,40.55357142857143,0.0,211.57142857142858,75.63095238095238,0.0,342.4142857142857,11.345238095238097,8.157142857142857,19.828571428571426,89.70357142857142,81.37142857142858,93.11428571428573,550.5825647782169,329.2857142857143,970.4285714285714,157.0,2462000.0
2023_6,2023,2024-01-09,2024-01-08,122,27.0,1000,0.8910714285714285,-3.771428571428572,5.157142857142858,61.07142857142857,0.0,317.85714285714283,120.575,0.0,527.8000000000001,12.142261904761906,7.814285714285715,23.785714285714285,85.94404761904762,70.82857142857144,92.10000000000001,448.97990632555855,183.42857142857142,936.1428571428571,85.0,1097500.0
2023_6,2023,2024-01-10,2024-01-09,123,27.0,1000,0.4410714285714286,-4.3,4.757142857142858,60.00595238095239,0.0,313.42857142857144,118.73988095238096,0.0,518.6714285714286,12.05595238095238,7.814285714285714,23.17142857142857,85.90714285714286,70.81428571428572,92.11428571428571,452.2596682303204,183.85714285714286,942.2857142857143,155.0,1733000.0
2023_6,2023,2024-01-11,2024-01-10,124,27.0,1000,0.017857142857142856,-4.614285714285715,4.057142857142859,60.69642857142857,0.0,311.85714285714283,118.96964285714286,0.0,524.5857142857143,12.079761904761906,7.928571428571429,23.514285714285712,85.98869047619048,70.52857142857144,92.27142857142857,454.9366868638608,182.28571428571428,952.1428571428571,99.0,1016500.0
2023_6,2023,2024-01-16,2024-01-15,129,27.0,1000,-0.2720238095238094,-5.1000000000000005,4.82857142857143,59.535714285714285,0.0,287.57142857142856,117.34761904761906,0.0,514.3142857142857,11.766071428571427,7.828571428571428,21.614285714285717,87.00952380952381,67.58571428571429,94.3142857142857,477.62838067057004,235.14285714285714,1121.4285714285713,120.0,2018000.0
2023_6,2023,2024-01-17,2024-01-16,130,27.0,1000,-0.8494047619047619,-5.9,4.814285714285716,69.34523809523809,0.0,326.57142857142856,135.4220238095238,0.0,599.1428571428571,12.030952380952382,7.700000000000001,23.242857142857144,85.88392857142857,64.60000000000001,93.7,488.56500532043003,241.0,1201.7142857142858,135.0,1949000.0
2023_6,2023,2024-02-08,2024-02-07,152,27.0,1000,1.8305555555555555,-1.0,4.133333333333333,62.48245614035088,0.0,293.6666666666667,139.78633040935674,0.0,513.0333333333333,12.42935185185185,8.066666666666666,20.7,85.78706140350876,70.56666666666666,90.36666666666667,385.3936244597,192.33333333333334,747.3333333333334,50.0,820000.0
2023_6,2023,2024-02-14,2024-02-13,158,27.0,1000,1.6267857142857143,-3.6714285714285713,7.8,101.01785714285714,0.0,446.57142857142856,228.3107142857143,0.0,862.7285714285715,13.198809523809526,7.828571428571428,22.428571428571427,74.84226190476191,46.01428571428572,88.22857142857143,414.5367784906604,266.7142857142857,856.2857142857143,62.0,1212000.0
2023_6,2023,2024-02-15,2024-02-14,159,27.0,1000,3.5517857142857143,-1.6571428571428573,9.785714285714286,100.56547619047619,0.0,464.14285714285717,222.9089285714286,0.0,858.7571428571428,13.869047619047619,8.928571428571429,22.37142857142857,75.60000000000001,48.01428571428572,89.08571428571429,410.91100209314493,277.57142857142856,770.5714285714286,65.0,709000.0
2023_6,2023,2024-02-22,2024-02-21,166,27.0,1000,4.498214285714286,-0.5142857142857145,9.728571428571428,48.80357142857143,0.0,262.2857142857143,107.01726190476191,0.0,421.8,12.485849331827593,9.014285714285714,18.885714285714283,84.57380952380952,70.42857142857143,94.25714285714285,405.8619047619048,249.0,677.2857142857143,285.0,2761500.0
2023_6,2023,2024-02-28,2024-02-27,172,27.0,1000,2.7333333333333334,-0.4714285714285714,6.285714285714286,78.44642857142857,0.0,345.57142857142856,179.35833333333332,0.0,678.8571428571429,12.794846938775509,8.799999999999999,19.771428571428572,81.72559523809524,60.60000000000001,91.31428571428572,416.5487616099071,228.0,932.8571428571429,62.0,860000.0
2023_6,2023,2024-02-29,2024-02-28,173,27.0,1000,2.8413419913419915,-0.6571428571428571,6.842857142857143,85.41883116883118,0.0,389.14285714285717,192.09172077922076,0.0,732.1857142857142,13.208223562152133,8.828571428571427,20.97142857142857,80.69242424242425,55.957142857142856,90.9,425.1445408306863,233.71428571428572,946.0,206.0,2984500.0
2023_6,2023,2024-03-05,2024-03-04,178,27.0,1000,3.333603896103896,-1.157142857142857,8.17142857142857,106.3116883116883,0.0,452.14285714285717,239.58993506493508,0.0,912.5857142857143,13.906709956709957,9.442857142857141,22.22857142857143,77.8638528138528,50.0,88.89999999999999,394.8135246713622,245.42857142857142,626.8571428571429,261.0,3277500.0
2023_6,2023,2024-03-06,2024-03-05,179,27.0,1000,3.739556277056277,-0.3428571428571429,7.885714285714285,95.46049783549783,0.0,407.85714285714283,212.7185064935065,0.0,817.7857142857143,13.729924242424243,9.799999999999999,21.37142857142857,80.07218614718614,56.08571428571428,89.6,385.4394645209863,239.85714285714286,522.4285714285714,80.0,785000.0
2023_6,2023,2024-03-08,2024-03-07,181,27.0,1000,3.4095238095238094,-0.9857142857142859,7.942857142857142,116.45833333333333,0.0,482.2857142857143,269.60297619047617,0.0,1006.0,13.775595238095239,9.200000000000001,21.885714285714283,78.01369047619048,49.74285714285714,91.3,384.7603519668737,249.57142857142858,516.8571428571429,134.0,1920000.0
2023_6,2023,2024-03-12,2024-03-11,185,27.0,1000,3.8029761904761905,-1.6571428571428573,9.271428571428572,127.48809523809526,0.0,500.14285714285717,297.0982142857143,0.0,1101.3428571428572,13.585714285714285,8.271428571428572,21.542857142857144,73.73333333333335,43.41428571428572,89.18571428571428,416.59013605442175,265.2857142857143,850.0,323.0,3627500.0
2023_6,2023,2024-03-13,2024-03-12,186,27.0,1000,3.591071428571429,-1.9,9.214285714285714,129.75,0.0,509.42857142857144,300.3113095238095,0.0,1120.857142857143,13.718452380952382,8.114285714285714,22.300000000000004,73.12083333333334,41.957142857142856,88.6857142857143,411.94132653061223,262.57142857142856,843.4285714285714,112.0,967000.0
2023_6,2023,2024-03-19,2024-03-18,192,27.0,1000,7.116071428571429,0.6571428571428571,13.457142857142857,146.94047619047618,0.0,590.7142857142857,340.1178571428572,0.0,1269.3,15.226190476190478,10.257142857142856,22.585714285714285,71.18511904761905,38.88571428571429,87.22857142857143,410.88095238095235,274.85714285714283,606.4285714285714,213.0,2074000.0
2023_6,2023,2024-03-20,2024-03-19,193,27.0,1000,7.2369047619047615,0.7285714285714285,13.857142857142858,158.10714285714286,0.0,651.4285714285714,361.5327380952381,0.0,1365.7428571428572,15.436309523809525,10.514285714285714,23.61428571428571,70.52738095238095,34.55714285714286,88.04285714285713,417.94047619047615,283.42857142857144,615.8571428571429,108.0,857000.0
2023_6,2023,2024-03-22,2024-03-21,195,27.0,1000,6.560714285714285,0.3285714285714287,12.771428571428572,162.80357142857142,0.0,675.4285714285714,374.8517857142857,0.0,1406.5714285714287,15.446428571428573,10.357142857142858,23.75714285714286,69.49583333333332,32.67142857142857,88.48571428571428,416.077380952381,278.57142857142856,575.4285714285714,70.0,420000.0
2023_6,2023,2024-03-26,2024-03-25,199,27.0,1000,8.639285714285714,3.5285714285714285,14.428571428571429,135.33333333333334,0.0,600.7142857142857,310.1851190476191,0.0,1169.2571428571428,16.029274891774893,10.742857142857144,24.442857142857143,73.91845238095239,36.84285714285714,91.15714285714286,415.42857142857144,277.42857142857144,584.1428571428571,88.0,642000.0
2023_6,2023,2024-03-27,2024-03-26,200,27.0,1000,8.727976190476191,3.442857142857143,14.442857142857141,135.9702380952381,0.0,622.8571428571429,314.3875,0.0,1174.8428571428572,16.18973407544836,10.457142857142857,23.914285714285715,73.62738095238095,37.57142857142857,90.41428571428571,411.3988095238096,273.42857142857144,577.4285714285714,131.0,907500.0
2023_6,2023,2024-03-29,2024-03-28,202,27.0,1000,10.011309523809524,4.785714285714286,15.6,111.05952380952382,0.0,522.0,255.55892857142857,0.0,959.5714285714284,16.464578795945254,10.957142857142857,23.428571428571427,78.09404761904763,47.199999999999996,91.89999999999999,417.90139751552795,263.14285714285717,605.2857142857143,98.0,728000.0
2023_6,2023,2024-04-02,2024-04-01,206,27.0,1000,8.23452380952381,1.9857142857142855,14.657142857142857,129.89285714285714,0.0,537.4285714285714,315.8702380952381,0.0,1122.357142857143,15.678756285122745,10.385714285714286,22.97142857142857,77.31130952380953,48.44285714285714,91.15714285714286,398.0753105590062,259.2857142857143,561.2857142857143,186.0,1820000.0
2023_6,2023,2024-04-03,2024-04-02,207,27.0,1000,9.007142857142856,1.8142857142857143,16.185714285714287,138.6904761904762,0.0,533.0,342.31607142857143,0.0,1198.3428571428572,15.93198757763975,10.657142857142857,23.457142857142856,75.9577380952381,46.32857142857142,91.7,406.21816770186336,273.0,573.4285714285714,122.0,1394000.0
2023_6,2023,2024-04-05,2024-04-04,209,27.0,1000,10.50952380952381,3.814285714285714,17.357142857142858,133.69047619047618,0.0,528.2857142857143,329.83511904761906,0.0,1155.1571428571428,16.214699792960662,11.7,23.17142857142857,77.79523809523809,48.814285714285724,92.87142857142858,415.63224637681157,294.85714285714283,587.7142857142857,166.0,1392000.0
2023_6,2023,2024-04-09,2024-04-08,213,27.0,1000,12.762500000000001,6.199999999999998,19.74285714285714,147.85714285714286,0.0,586.2857142857143,374.1839285714286,0.0,1277.3428571428572,16.585533126293996,11.1,23.585714285714285,76.27738095238094,46.528571428571425,95.18571428571428,436.76785714285717,324.7142857142857,610.7142857142857,213.0,1831500.0
2023_6,2023,2024-04-11,2024-04-10,215,27.0,1000,12.798809523809522,6.128571428571428,20.185714285714287,171.71428571428572,0.0,647.4285714285714,451.95773809523814,0.0,1483.5142857142857,16.117054865424432,10.257142857142856,23.22857142857143,74.33928571428571,43.371428571428574,94.45714285714287,426.3392857142857,324.7142857142857,582.4285714285714,178.0,1378000.0
2023_6,2023,2024-04-12,2024-04-11,216,27.0,1000,12.883928571428571,6.057142857142856,20.599999999999998,179.22619047619045,0.0,647.7142857142857,471.9839285714285,0.0,1548.4999999999998,16.09345238095238,10.014285714285714,23.428571428571427,72.67916666666666,40.042857142857144,94.21428571428571,422.7440476190476,328.0,575.4285714285714,138.0,956000.0
2023_6,2023,2024-04-16,2024-04-15,220,27.0,1000,15.06904761904762,8.014285714285714,23.057142857142853,185.92261904761904,0.0,629.5714285714286,497.3315476190476,0.0,1606.4142857142856,17.3875,11.185714285714285,25.7,74.51488095238095,46.028571428571425,94.52857142857144,417.7738095238095,329.14285714285717,574.1428571428571,60.0,511000.0
2023_6,2023,2024-04-18,2024-04-17,222,27.0,1000,14.943452380952381,8.485714285714286,22.728571428571428,183.5119047619048,0.0,661.2857142857143,481.74940476190477,0.0,1585.4857142857143,17.45357142857143,11.12857142857143,25.785714285714285,75.84166666666667,47.314285714285724,94.72857142857141,407.25595238095235,330.2857142857143,540.8571428571429,109.0,1162500.0
2023_6,2023,2024-04-19,2024-04-18,223,27.0,1000,15.016666666666667,8.071428571428571,23.099999999999998,194.77380952380955,0.0,689.7142857142857,516.5541666666667,0.0,1682.6571428571428,17.538095238095238,10.685714285714285,26.08571428571429,74.41309523809524,45.285714285714285,93.8,404.7738095238095,330.57142857142856,529.8571428571429,178.0,1203000.0
2023_6,2023,2024-04-23,2024-04-22,227,27.0,1000,14.619047619047619,9.442857142857141,20.457142857142856,158.75595238095238,0.0,611.2857142857143,422.6827380952381,0.0,1371.5285714285715,16.89393047836984,11.428571428571429,23.542857142857144,77.2297619047619,51.34285714285714,93.52857142857142,394.9523809523809,326.42857142857144,505.57142857142856,142.0,1061000.0
2023_6,2023,2024-04-24,2024-04-23,228,27.0,1000,14.836309523809524,9.314285714285715,21.12857142857143,158.86904761904765,0.0,597.4285714285714,429.497619047619,0.0,1372.6000000000001,16.925478097417457,11.514285714285716,23.74285714285714,76.40654761904761,49.614285714285714,93.04285714285713,397.2559523809524,325.85714285714283,516.7142857142857,71.0,581000.0
2023_6,2023,2024-04-29,2024-04-28,233,27.0,1000,15.119047619047619,8.471428571428572,22.971428571428568,205.51785714285714,0.0,803.5714285714286,548.5035714285714,0.0,1775.5285714285715,17.53154761904762,10.457142857142856,27.528571428571432,74.41607142857141,46.68571428571429,92.67142857142858,378.9642857142857,321.57142857142856,472.42857142857144,527.0,4924000.0
2023_6,2023,2024-05-03,2024-05-02,237,27.0,1000,15.891792929292931,8.916666666666666,23.233333333333334,220.9848484848485,0.0,693.6666666666666,561.4588474025974,0.0,1682.3166666666668,18.020887445887446,10.683333333333332,26.650000000000002,70.13131313131312,46.833333333333336,90.03333333333335,391.3784271284271,344.1666666666667,453.3333333333333,312.0,2650500.0
2023_6,2023,2024-05-07,2024-05-06,241,27.0,1000,16.708459595959596,10.5,22.366666666666664,200.04040404040404,0.0,623.1666666666666,504.64753787878794,0.0,1502.5666666666666,18.14469696969697,11.75,24.53333333333333,72.07367424242425,51.050000000000004,91.63333333333333,353.0252525252525,324.0,401.1666666666667,131.0,946000.0
2023_6,2023,2024-05-08,2024-05-07,242,27.0,1000,16.225703463203462,10.642857142857142,21.314285714285713,176.93939393939397,0.0,560.5714285714286,446.68955627705634,0.0,1335.2428571428572,17.620454545454546,11.771428571428572,23.857142857142858,74.90779220779221,55.199999999999996,92.52857142857144,349.85497835497836,323.0,392.7142857142857,130.0,846500.0
2023_6,2023,2024-05-13,2024-05-12,247,27.0,1000,15.13154761904762,10.428571428571429,20.157142857142855,189.46428571428572,0.0,660.2857142857143,524.9505952380953,0.0,1637.1000000000001,16.29940476190476,11.0,23.342857142857138,77.88690476190474,53.9,96.6,337.4761904761905,325.57142857142856,362.57142857142856,282.0,1720000.0
2023_6,2023,2024-05-14,2024-05-13,248,27.0,1000,15.43957039337474,9.628571428571428,21.585714285714285,222.11697722567288,0.0,748.5714285714286,555.8125,0.0,1767.1285714285714,16.882401656314702,10.428571428571429,25.514285714285712,73.66964285714286,46.942857142857136,95.9,342.4047619047619,329.2857142857143,368.7142857142857,117.0,806000.0
2023_6,2023,2024-05-17,2024-05-16,251,27.0,1000,15.629451345755694,9.200000000000001,22.685714285714287,238.97412008281572,0.0,829.4285714285714,615.585119047619,0.0,1912.7857142857142,17.32585403726708,10.557142857142859,26.2,71.13809523809523,41.971428571428575,94.10000000000001,345.42857142857144,324.42857142857144,377.57142857142856,358.0,2228000.0
2023_7,2023,2024-01-26,2024-01-25,135,28.0,2700,-6.519444444444443,-10.066666666666666,-3.1999999999999997,94.33333333333333,0.0,467.3333333333333,177.31388888888887,0.0,814.4,10.740277777777777,4.8,25.46666666666667,87.34662698412698,64.89999999999999,95.96666666666665,586.3901515151515,253.0,1291.0,117.0,3079000.0
2023_7,2023,2024-01-27,2024-01-26,136,28.0,2700,-5.573958333333333,-9.375,-1.7000000000000002,85.42708333333333,0.0,426.75,161.90625,0.0,737.525,10.573958333333334,4.9,25.225,87.94122023809524,68.075,95.475,599.3551136363636,273.5,1313.0,113.0,2754000.0
2023_7,2023,2024-01-30,2024-01-29,139,28.0,2700,-3.8440476190476187,-8.071428571428571,0.8142857142857143,94.51785714285714,0.0,437.7142857142857,178.98630952380952,0.0,811.4428571428572,10.926785714285714,5.1000000000000005,25.614285714285717,86.03514862466726,65.05714285714285,94.35714285714286,589.5079107400536,284.57142857142856,1320.857142857143,135.0,2894000.0
2023_7,2023,2024-01-31,2024-01-30,140,28.0,2700,-2.8666666666666667,-7.685714285714285,2.814285714285714,99.45238095238095,0.0,432.57142857142856,194.75535714285712,0.0,854.1142857142856,10.922619047619047,5.214285714285714,25.8,84.54195134575569,60.67142857142857,93.60000000000001,569.4798495155638,305.85714285714283,1311.142857142857,110.0,2474500.0
2023_7,2023,2024-02-02,2024-02-01,142,28.0,2700,-0.41309523809523807,-5.142857142857143,5.242857142857143,91.66071428571429,0.0,404.7142857142857,183.7779761904762,0.0,786.9,11.698809523809524,6.257142857142857,25.17142857142857,84.96754658385093,61.94285714285714,93.9,553.5864512471655,315.14285714285717,1152.4285714285713,134.0,3262000.0
2023_7,2023,2024-02-05,2024-02-04,145,28.0,2700,1.4470238095238095,-2.9285714285714293,6.714285714285714,84.27406832298136,0.0,391.42857142857144,173.3136904761905,0.0,720.9857142857143,12.454761904761906,7.428571428571429,24.471428571428568,85.58749999999999,59.15714285714285,94.95714285714287,554.0535714285714,324.2857142857143,1009.7142857142857,131.0,2867000.0
2023_7,2023,2024-02-09,2024-02-08,149,28.0,2700,1.8476190476190475,-1.7571428571428573,5.885714285714285,74.54039485359361,0.0,355.42857142857144,149.68988095238095,0.0,593.342857142857,12.954761904761906,8.042857142857143,24.728571428571428,89.82380952380952,70.38571428571429,95.82857142857142,520.7273809523809,267.7142857142857,885.7142857142857,142.0,3073000.0
2023_7,2023,2024-02-13,2024-02-12,153,28.0,2700,0.7916666666666666,-3.642857142857143,6.371428571428572,96.82500000000002,0.0,421.0,217.78749999999997,0.0,821.7857142857143,12.748214285714285,7.1571428571428575,26.157142857142855,84.86250000000003,58.61428571428571,93.45714285714287,554.6692743764172,304.14285714285717,1114.4285714285713,180.0,2495500.0
2023_7,2023,2024-02-14,2024-02-13,154,28.0,2700,1.6267857142857143,-3.6714285714285713,7.799999999999999,101.01785714285714,0.0,446.57142857142856,232.0696428571429,0.0,872.6428571428571,12.97797619047619,7.014285714285714,26.657142857142855,83.15476190476191,52.357142857142854,93.5,576.3299886621315,323.14285714285717,1161.0,185.0,2077000.0
2023_7,2023,2024-02-16,2024-02-15,156,28.0,2700,4.367261904761905,-1.0714285714285714,10.700000000000001,88.55952380952382,0.0,429.42857142857144,195.58392857142854,0.0,764.9857142857143,13.397619047619049,8.142857142857142,25.542857142857144,84.47559523809524,54.67142857142857,94.54285714285716,570.185941043084,339.7142857142857,1074.857142857143,133.0,1922000.0
2023_7,2023,2024-02-21,2024-02-20,161,28.0,2700,7.941666666666667,4.5,11.733333333333333,45.282828282828284,0.0,312.6666666666667,79.92916666666663,0.0,382.5,13.906944444444447,10.833333333333334,22.066666666666666,92.99444444444445,76.26666666666667,98.0,501.83333333333326,327.0,687.0,175.0,2266500.0
2023_7,2023,2024-02-23,2024-02-22,163,28.0,2700,3.35,1.7999999999999998,4.733333333333333,25.466161616161617,0.0,131.66666666666666,29.355555555555515,0.0,163.79999999999998,11.440277777777778,9.4,16.9,95.75833333333333,91.46666666666665,97.16666666666667,399.5833333333333,213.66666666666666,563.0,126.0,2320000.0
2023_7,2023,2024-02-26,2024-02-25,166,28.0,2700,2.8555555555555556,0.5833333333333333,5.25,57.72415223665224,0.0,268.1666666666667,111.44999999999997,0.0,448.3333333333333,12.120833333333335,8.883333333333333,20.03333333333333,92.05648148148147,76.08333333333333,96.55,422.8796296296296,239.5,621.5,234.0,5052500.0
2023_7,2023,2024-02-27,2024-02-26,167,28.0,2700,2.784265010351967,0.07142857142857137,5.642857142857143,70.18591930843483,0.0,306.85714285714283,143.24534161490683,0.0,555.6857142857142,12.74357142857143,8.9,20.5,88.76936507936509,70.91428571428571,96.08571428571429,420.3730158730159,250.0,623.7142857142857,223.0,3820500.0
2023_7,2023,2024-02-28,2024-02-27,168,28.0,2700,2.7515269151138715,-0.4714285714285714,6.285714285714286,81.62423099674652,0.0,345.57142857142856,174.24177018633537,0.0,658.2285714285714,12.950714285714286,8.571428571428571,20.88571428571429,86.51936507936509,63.800000000000004,95.8,423.468253968254,253.0,628.5714285714286,255.0,4342000.0
2023_7,2023,2024-03-01,2024-02-29,170,28.0,2700,3.4839403350272917,-0.32857142857142857,7.742857142857142,93.37520502272055,0.0,402.0,202.79003858460376,0.0,773.3285714285713,13.768463203463202,8.82857142857143,22.842857142857145,85.26611832611833,57.24285714285715,96.11428571428573,461.4244227994228,282.14285714285717,681.5714285714286,236.0,4340000.0
2023_7,2023,2024-03-02,2024-03-01,171,28.0,2700,2.8089403350272915,-1.0142857142857142,7.128571428571428,97.4900009410879,0.0,413.7142857142857,216.9388481084133,0.0,828.0571428571428,13.876796536796537,8.7,22.52857142857143,83.73516594516595,54.871428571428574,96.07142857142857,497.10299422799426,291.14285714285717,778.7142857142857,229.0,3575000.0
2023_7,2023,2024-03-04,2024-03-03,173,28.0,2700,2.8726308112177676,-1.6714285714285713,7.6,111.15071522680218,0.0,457.2857142857143,252.9340862036514,0.0,945.8714285714286,14.266082251082251,8.557142857142855,24.657142857142855,81.61175324675324,47.385714285714286,95.77142857142859,493.48474025974025,298.85714285714283,828.0,214.0,3753000.0
2023_7,2023,2024-03-05,2024-03-04,174,28.0,2700,3.3336038961038956,-1.157142857142857,8.17142857142857,106.3116883116883,0.0,452.14285714285717,239.11314935064934,0.0,911.5571428571429,14.036796536796535,8.685714285714285,24.7,83.5021103896104,48.114285714285714,96.22857142857143,509.5621212121212,303.57142857142856,839.4285714285714,230.0,3647500.0
2023_7,2023,2024-03-09,2024-03-08,178,28.0,2700,4.154761904761904,-0.5714285714285717,8.714285714285714,117.58928571428574,0.0,487.14285714285717,271.52738095238095,0.0,1015.7428571428571,13.742261904761905,8.628571428571428,24.071428571428573,80.32321428571429,45.75714285714285,95.3,488.45714285714286,314.42857142857144,821.5714285714286,301.0,4170000.0
2023_7,2023,2024-03-12,2024-03-11,181,28.0,2700,3.8029761904761905,-1.6571428571428573,9.271428571428572,127.48809523809526,0.0,500.14285714285717,297.0982142857143,0.0,1101.3428571428572,13.548214285714286,7.885714285714285,24.0,77.7547619047619,42.128571428571426,93.89999999999999,513.3326330532212,313.7142857142857,944.1428571428571,207.0,3127500.0
2023_7,2023,2024-03-13,2024-03-12,182,28.0,2700,3.591071428571429,-1.9,9.214285714285714,129.75,0.0,509.42857142857144,300.3113095238095,0.0,1120.857142857143,13.593452380952382,7.714285714285714,24.442857142857147,77.33630952380952,40.857142857142854,93.48571428571428,516.2373949579832,318.0,955.4285714285714,306.0,3099500.0
2023_7,2023,2024-03-15,2024-03-14,184,28.0,2700,4.257142857142857,-1.5285714285714287,10.357142857142858,138.58928571428572,0.0,533.4285714285714,320.1940476190476,0.0,1197.0714285714287,13.975595238095238,7.771428571428572,25.12857142857143,76.23452380952381,38.714285714285715,92.95714285714287,522.8862044817927,321.0,958.5714285714286,204.0,2715000.0
2023_7,2023,2024-03-16,2024-03-15,185,28.0,2700,4.922023809523809,-1.242857142857143,11.557142857142855,139.79761904761904,0.0,534.7142857142857,322.7059523809524,0.0,1207.5714285714287,14.30952380952381,7.914285714285714,25.37142857142857,76.85833333333333,40.34285714285714,92.98571428571428,522.8385854341738,322.57142857142856,921.5714285714286,205.0,2835000.0
2023_7,2023,2024-03-19,2024-03-18,188,28.0,2700,7.116071428571429,0.6571428571428571,13.457142857142857,146.9404761904762,0.0,590.7142857142857,340.11785714285713,0.0,1269.3,14.987301587301587,9.314285714285715,23.842857142857145,75.94404761904762,43.300000000000004,93.1857142857143,490.7123015873016,334.0,685.1428571428571,245.0,2453500.0
2023_7,2023,2024-03-20,2024-03-19,189,28.0,2700,7.2369047619047615,0.7285714285714285,13.857142857142858,158.10714285714286,0.0,651.4285714285714,361.5327380952381,0.0,1365.7428571428572,15.285515873015871,9.571428571428571,24.78571428571429,74.14940476190476,37.82857142857143,92.82857142857144,487.25396825396825,344.14285714285717,676.1428571428571,380.0,3141500.0
2023_7,2023,2024-03-22,2024-03-21,191,28.0,2700,6.560714285714285,0.3285714285714287,12.771428571428572,162.80357142857142,0.0,675.4285714285714,374.8517857142857,0.0,1406.5714285714287,15.315873015873015,9.828571428571427,24.2,72.75833333333333,36.77142857142858,92.72857142857143,474.33730158730157,341.57142857142856,628.8571428571429,312.0,2691000.0
2023_7,2023,2024-03-23,2024-03-22,192,28.0,2700,6.741666666666667,0.12857142857142861,13.0,154.13095238095238,0.0,667.1428571428571,356.6220238095238,0.0,1331.6,15.547420634920636,10.085714285714285,24.542857142857144,73.92619047619048,36.699999999999996,93.47142857142856,475.9682539682539,334.42857142857144,634.0,75.0,1155000.0
2023_7,2023,2024-03-26,2024-03-25,195,28.0,2700,8.639285714285714,3.5285714285714285,14.428571428571429,135.99025974025975,0.0,600.7142857142857,310.185119047619,0.0,1169.257142857143,16.325,11.428571428571429,24.95714285714286,75.42678571428571,36.5,94.88571428571427,474.0595238095238,330.7142857142857,640.8571428571429,343.0,2607500.0
2023_7,2023,2024-03-27,2024-03-26,196,28.0,2700,8.727976190476191,3.442857142857143,14.442857142857141,139.32614409400122,0.0,622.8571428571429,314.3875,0.0,1174.8428571428572,16.10654761904762,11.328571428571427,24.27142857142857,75.41488095238095,36.08571428571428,95.04285714285713,460.00595238095235,326.57142857142856,608.0,354.0,2824500.0
2023_7,2023,2024-03-29,2024-03-28,198,28.0,2700,10.011309523809524,4.785714285714286,15.6,114.11755196149605,0.0,522.0,252.43928571428572,0.0,953.3285714285714,16.367261904761904,11.8,23.828571428571426,80.08928571428571,45.82857142857143,95.87142857142855,456.89285714285717,315.14285714285717,612.1428571428571,241.0,2763500.0
2023_7,2023,2024-03-30,2024-03-29,199,28.0,2700,9.875595238095238,5.628571428571428,14.900000000000002,105.9806471995913,0.0,464.42857142857144,232.74999999999997,0.0,882.9714285714284,16.11488095238095,11.771428571428572,23.599999999999998,81.51011904761904,51.9,95.67142857142858,443.25595238095235,311.7142857142857,606.8571428571429,205.0,2466500.0
2023_7,2023,2024-04-02,2024-04-01,202,28.0,2700,8.23452380952381,1.9857142857142855,14.657142857142857,132.293958887903,0.0,537.4285714285714,312.75059523809523,0.0,1116.1142857142856,15.450595238095238,9.557142857142855,24.957142857142856,78.37440476190476,47.41428571428572,93.98571428571428,431.0952380952381,311.57142857142856,578.2857142857143,287.0,3549000.0
2023_7,2023,2024-04-03,2024-04-02,203,28.0,2700,9.007142857142856,1.8142857142857143,16.185714285714287,138.3925983436853,0.0,533.0,339.19642857142856,0.0,1192.1000000000001,16.10798872180451,9.471428571428572,26.157142857142862,76.29417293233084,45.385714285714286,93.42857142857143,438.5507518796993,321.42857142857144,592.8571428571429,269.0,2331500.0
2023_7,2023,2024-04-05,2024-04-04,205,28.0,2700,10.50952380952381,3.814285714285714,17.357142857142858,133.40062111801242,0.0,528.2857142857143,323.3470238095238,0.0,1140.2142857142858,16.237850877192983,8.940000000000001,27.740000000000002,73.20350877192983,38.86,92.64,437.221052631579,330.6,589.8,261.0,2631000.0
2023_7,2023,2024-04-06,2024-04-05,206,28.0,2700,11.24345238095238,4.371428571428571,18.257142857142856,148.79943064182197,0.0,615.2857142857143,360.29226190476186,0.0,1273.3,16.666063596491227,8.625,28.650000000000002,68.84292763157896,29.025000000000002,91.825,445.5992324561404,344.5,572.25,219.0,2349000.0
2023_8,2023,2023-11-25,2023-11-24,79,24.0,800,6.754166666666666,0.8000000000000002,12.766666666666666,96.55555555555556,0.0,425.0,198.6986111111111,0.0,834.5333333333333,17.479166666666668,11.433333333333332,32.43333333333333,84.34444444444445,51.833333333333336,96.06666666666666,601.406862745098,287.3333333333333,1071.3333333333333,6.0,101000.0
2023_8,2023,2023-11-26,2023-11-25,80,24.0,800,4.659375,-0.8999999999999999,10.875,100.69791666666667,0.0,433.0,205.71458333333334,0.0,870.275,17.2875,11.125,32.2,84.43020833333334,52.875,96.75,589.5384803921569,284.25,1139.0,25.0,406000.0
2023_8,2023,2023-11-27,2023-11-26,81,24.0,800,4.4475,-1.5,10.58,93.09166666666667,0.0,410.4,193.76583333333332,0.0,804.46,17.123333333333335,11.1,31.82,85.1675,54.56,96.22,600.6974509803922,276.0,1145.8,9.0,148000.0
2023_8,2023,2023-11-28,2023-11-27,82,24.0,800,4.815972222222222,-0.6166666666666666,10.666666666666666,84.70138888888889,0.0,415.8333333333333,173.31805555555556,0.0,731.9666666666667,16.863194444444446,11.4,31.883333333333336,86.39791666666667,57.96666666666667,96.05,608.2399393090569,272.5,1160.3333333333333,10.0,143700.0
2023_8,2023,2023-11-30,2023-11-29,84,24.0,800,4.108333333333333,-0.7571428571428571,8.871428571428572,79.47619047619048,0.0,420.2857142857143,165.4440476190476,0.0,686.7714285714285,16.73035714285714,11.442857142857145,31.385714285714283,86.79345238095236,60.10000000000001,95.97142857142858,583.3753401360544,259.42857142857144,1055.142857142857,12.0,180300.0
2023_8,2023,2023-12-01,2023-11-30,85,24.0,800,2.0738095238095235,-2.528571428571429,6.6000000000000005,80.70833333333334,0.0,425.14285714285717,168.8297619047619,0.0,697.4428571428571,16.507142857142856,10.914285714285715,31.514285714285712,86.99642857142858,62.81428571428571,96.32857142857144,573.962641723356,253.28571428571428,1082.4285714285713,34.0,502400.0
2023_8,2023,2023-12-03,2023-12-02,87,24.0,800,1.9017857142857142,-2.8000000000000003,6.528571428571429,73.28571428571429,0.0,413.85714285714283,149.39583333333331,0.0,633.1999999999999,16.28333333333333,10.87142857142857,30.87142857142857,87.46666666666667,64.9,95.18571428571428,674.9066893424036,249.57142857142858,1167.0,40.0,588800.0
2023_8,2023,2023-12-04,2023-12-03,88,24.0,800,1.570833333333333,-2.857142857142857,6.242857142857143,78.72619047619048,0.0,427.7142857142857,157.34761904761905,0.0,680.1428571428571,16.33511904761905,10.742857142857144,30.957142857142856,86.95595238095238,64.44285714285715,95.84285714285714,698.6269274376417,253.42857142857142,1199.4285714285713,21.0,301300.0
2023_8,2023,2023-12-05,2023-12-04,89,24.0,800,0.6916666666666664,-4.271428571428571,5.985714285714286,87.13690476190477,0.0,424.7142857142857,176.12202380952382,0.0,752.7857142857143,16.491071428571427,10.3,30.900000000000002,85.98690476190475,62.32857142857143,96.35714285714286,735.6753968253968,256.57142857142856,1223.2857142857142,18.0,267000.0
2023_8,2023,2023-12-06,2023-12-05,90,24.0,800,0.6797619047619045,-4.3428571428571425,6.8999999999999995,88.69047619047619,0.0,408.7142857142857,176.31785714285712,0.0,766.1999999999999,16.49642857142857,10.271428571428572,30.82857142857143,85.97559523809524,62.5,96.31428571428572,779.1396825396826,262.85714285714283,1297.857142857143,3.0,40800.0
2023_8,2023,2023-12-07,2023-12-06,91,24.0,800,1.0922619047619044,-4.442857142857142,7.8999999999999995,84.42261904761904,0.0,380.0,165.19642857142858,0.0,729.3,15.988095238095237,10.014285714285716,29.114285714285717,86.6345238095238,65.17142857142856,96.35714285714286,781.640873015873,269.57142857142856,1314.4285714285713,9.0,147500.0
2023_8,2023,2023-12-08,2023-12-07,92,24.0,800,1.9744047619047618,-4.057142857142857,9.414285714285713,85.97023809523809,0.0,386.2857142857143,166.82619047619048,0.0,742.5571428571428,15.573809523809524,9.828571428571427,28.285714285714285,86.64880952380952,64.25714285714285,96.41428571428571,776.4940476190476,258.7142857142857,1342.0,40.0,626900.0
2023_8,2023,2023-12-09,2023-12-08,93,24.0,800,3.4952380952380944,-3.442857142857143,11.714285714285714,86.14880952380952,0.0,387.14285714285717,166.49940476190477,0.0,744.0285714285714,15.370238095238095,9.657142857142857,27.599999999999998,86.68154761904762,63.471428571428575,96.72857142857143,739.3333333333334,252.57142857142858,1342.0,35.0,540000.0
2023_8,2023,2023-12-10,2023-12-09,94,24.0,800,4.932142857142856,-2.0,13.414285714285715,89.73214285714286,0.0,383.57142857142856,175.81011904761905,0.0,775.0142857142857,15.63452380952381,9.785714285714286,27.74285714285714,86.65892857142858,63.614285714285714,96.87142857142858,655.6845238095237,245.71428571428572,1210.857142857143,63.0,934200.0
2023_8,2023,2023-12-11,2023-12-10,95,24.0,800,6.785119047619047,0.05714285714285694,15.314285714285713,85.96428571428571,0.0,379.2857142857143,169.15178571428572,0.0,742.5428571428572,15.728571428571428,10.299999999999999,26.928571428571434,87.39464285714284,64.84285714285714,96.67142857142858,594.9226190476192,242.71428571428572,1087.0,27.0,350800.0
2023_8,2023,2023-12-12,2023-12-11,96,24.0,800,8.629166666666666,2.5857142857142854,16.12857142857143,72.41666666666666,0.0,326.42857142857144,141.825,0.0,625.4714285714286,15.558928571428572,10.971428571428572,24.742857142857144,89.15416666666667,70.08571428571429,96.75714285714287,530.9404761904763,257.85714285714283,961.7142857142857,35.0,420900.0
2023_8,2023,2023-12-13,2023-12-12,97,24.0,800,9.423809523809524,3.7857142857142856,16.185714285714287,67.66666666666666,0.0,310.42857142857144,133.43571428571428,0.0,584.4571428571428,15.348809523809523,11.257142857142856,23.54285714285714,90.12738095238095,72.48571428571428,97.17142857142858,465.75,246.0,831.7142857142857,35.0,453500.0
2023_8,2023,2023-12-14,2023-12-13,98,24.0,800,9.980357142857143,4.928571428571429,16.271428571428572,71.32142857142857,0.0,327.7142857142857,141.14523809523808,0.0,616.0428571428571,15.896428571428572,11.685714285714285,25.04285714285714,89.87916666666668,68.72857142857143,97.44285714285714,457.16666666666663,238.57142857142858,782.5714285714286,31.0,384900.0
2023_8,2023,2023-12-15,2023-12-14,99,24.0,800,10.791666666666666,6.471428571428571,16.314285714285713,56.904761904761905,0.0,267.42857142857144,112.42857142857143,0.0,491.5571428571429,15.924404761904762,12.257142857142856,24.08571428571429,91.43630952380953,74.10000000000001,97.2,454.5773809523809,245.85714285714286,691.8571428571429,71.0,981700.0
2023_8,2023,2023-12-16,2023-12-15,100,24.0,800,11.026190476190475,7.628571428571427,15.4,42.148809523809526,0.0,205.71428571428572,83.36964285714285,0.0,364.09999999999997,15.735119047619047,12.799999999999999,22.442857142857143,93.07202380952381,79.67142857142858,97.21428571428571,449.75,273.57142857142856,613.0,48.0,631000.0
2023_8,2023,2023-12-17,2023-12-16,101,24.0,800,9.335119047619047,6.157142857142857,13.457142857142856,35.964285714285715,0.0,189.57142857142858,71.68571428571428,0.0,310.74285714285713,14.96547619047619,12.571428571428571,20.72857142857143,93.87083333333332,82.41428571428571,97.41428571428573,498.67857142857144,263.85714285714283,744.1428571428571,70.0,970000.0
2023_8,2023,2023-12-18,2023-12-17,102,24.0,800,6.187499999999999,3.1857142857142855,9.842857142857143,40.19642857142857,0.0,194.71428571428572,78.57142857142857,0.0,347.37142857142857,14.262500000000001,11.914285714285715,20.228571428571428,94.21011904761905,84.41428571428571,97.74285714285713,598.8630952380952,255.42857142857142,868.0,19.0,270000.0
2023_8,2023,2023-12-19,2023-12-18,103,24.0,800,3.4684523809523804,0.19999999999999954,7.3999999999999995,50.0654761904762,0.0,248.42857142857142,98.92142857142858,0.0,432.65714285714284,13.951190476190476,11.12857142857143,21.557142857142857,93.16785714285713,81.05714285714285,97.42857142857143,678.0119047619047,221.42857142857142,993.2857142857143,21.0,238900.0
2023_8,2023,2023-12-20,2023-12-19,104,24.0,800,1.817261904761904,-1.5714285714285718,5.671428571428572,49.00595238095239,0.0,241.42857142857142,97.06488095238093,0.0,423.54285714285714,13.548809523809526,10.685714285714285,21.24285714285714,92.9375,80.82857142857144,97.15714285714284,788.4761904761906,240.71428571428572,1123.2857142857142,38.0,526300.0
2023_8,2023,2023-12-21,2023-12-20,105,24.0,800,-0.14761904761904812,-3.7571428571428576,3.442857142857143,48.476190476190474,0.0,244.28571428571428,94.2422619047619,0.0,418.9857142857143,12.998214285714287,10.299999999999999,20.342857142857145,93.09285714285714,83.78571428571429,97.01428571428572,879.0714285714286,231.71428571428572,1230.4285714285713,17.0,211000.0
2023_8,2023,2023-12-22,2023-12-21,106,24.0,800,-2.9214285714285717,-6.614285714285715,0.8857142857142858,57.48809523809524,0.0,295.85714285714283,113.68095238095238,0.0,496.8428571428571,12.877380952380955,9.685714285714285,21.400000000000002,91.66845238095239,79.82857142857142,96.52857142857144,963.1488095238094,229.28571428571428,1321.142857142857,53.0,610200.0
2023_8,2023,2023-12-23,2023-12-22,107,24.0,800,-5.752976190476191,-9.542857142857144,-1.7,71.19047619047619,0.0,352.14285714285717,140.7,0.0,615.1714285714286,12.958928571428572,9.214285714285714,23.02857142857143,89.95892857142857,75.48571428571428,95.87142857142858,1034.0,204.0,1400.0,78.0,1076100.0
2023_8,2023,2023-12-24,2023-12-23,108,24.0,800,-6.607142857142857,-10.514285714285716,-2.5285714285714285,80.06547619047619,0.0,379.57142857142856,158.06547619047618,0.0,691.8000000000001,13.476785714285715,9.12857142857143,24.685714285714287,88.52738095238097,71.81428571428572,95.5,1071.595238095238,218.42857142857142,1400.0,66.0,954000.0
2023_8,2023,2023-12-25,2023-12-24,109,24.0,800,-5.816666666666667,-9.614285714285716,-1.7714285714285716,75.30952380952381,0.0,367.0,148.87261904761905,0.0,650.6142857142858,13.757738095238095,9.22857142857143,25.614285714285717,88.09404761904761,70.39999999999999,94.9,1046.6190476190477,217.71428571428572,1400.0,39.0,648000.0
2023_8,2023,2023-12-26,2023-12-25,110,24.0,800,-5.166071428571429,-8.700000000000001,-1.2142857142857142,69.70833333333333,0.0,332.42857142857144,137.25892857142858,0.0,602.1999999999999,13.716071428571428,9.357142857142858,25.457142857142856,88.13154761904762,70.81428571428572,94.67142857142856,1046.5357142857144,222.42857142857142,1400.0,39.0,578000.0
2023_8,2023,2023-12-27,2023-12-26,111,24.0,800,-4.702380952380953,-8.371428571428572,-0.24285714285714288,74.80952380952382,0.0,377.7142857142857,146.4738095238095,0.0,646.2428571428572,14.138095238095238,9.457142857142857,27.428571428571427,87.68452380952381,69.45714285714286,94.71428571428571,1023.9107142857143,211.57142857142858,1400.0,34.0,525000.0
2023_8,2023,2023-12-28,2023-12-27,112,24.0,800,-3.777976190476191,-7.300000000000002,1.1428571428571426,77.60119047619048,0.0,374.0,151.82261904761904,0.0,670.3857142857142,14.496428571428572,9.585714285714285,28.099999999999998,87.44464285714285,67.57142857142857,95.21428571428571,997.1309523809524,220.85714285714286,1400.0,23.0,341500.0
2023_8,2023,2023-12-29,2023-12-28,113,24.0,800,-2.360714285714286,-6.1571428571428575,2.8428571428571425,76.86309523809523,0.0,366.0,149.10357142857143,0.0,663.9428571428572,14.69702380952381,9.685714285714285,28.428571428571427,88.08809523809524,67.67142857142856,96.0142857142857,972.8988095238095,230.71428571428572,1400.0,62.0,912500.0
2023_8,2023,2023-12-30,2023-12-29,114,24.0,800,-0.73452380952381,-4.385714285714286,4.485714285714286,69.2797619047619,0.0,337.2857142857143,134.1625,0.0,598.5,14.719642857142857,9.771428571428572,28.17142857142857,89.04940476190475,69.9857142857143,96.45714285714287,948.6964285714286,227.42857142857142,1400.0,63.0,920000.0
2023_8,2023,2023-12-31,2023-12-30,115,24.0,800,0.25952380952380905,-3.014285714285715,4.928571428571429,58.85714285714285,0.0,309.2857142857143,114.85773809523809,0.0,508.3857142857143,14.236309523809524,9.842857142857143,26.657142857142862,90.31130952380953,73.04285714285713,96.77142857142859,958.8035714285714,237.0,1400.0,70.0,977500.0
2023_8,2023,2024-01-01,2023-12-31,116,24.0,800,1.1595238095238092,-2.0142857142857147,5.571428571428571,50.101190476190474,0.0,269.85714285714283,97.46964285714284,0.0,432.67142857142863,13.747619047619049,9.885714285714286,24.928571428571427,91.20178571428572,75.37142857142858,96.98571428571428,958.297619047619,259.14285714285717,1400.0,26.0,345500.0
2023_8,2023,2024-01-02,2024-01-01,117,24.0,800,1.7505952380952376,-1.7571428571428576,6.371428571428571,53.708333333333336,0.0,302.0,104.09642857142858,0.0,463.8857142857143,13.994047619047619,9.799999999999999,25.5,91.03750000000001,73.5,97.08571428571429,863.3988095238094,256.42857142857144,1280.7142857142858,18.0,267000.0
2023_8,2023,2024-01-03,2024-01-02,118,24.0,800,2.2011904761904755,-1.0428571428571434,6.171428571428572,46.660714285714285,0.0,249.42857142857142,90.76607142857142,0.0,402.95714285714286,13.647619047619047,9.757142857142856,23.6,91.86904761904762,76.35714285714286,97.52857142857144,820.9683583959899,258.57142857142856,1275.2857142857142,29.0,377500.0
2023_8,2023,2024-01-04,2024-01-03,119,24.0,800,2.2136904761904757,-1.028571428571429,5.685714285714285,39.05952380952381,0.0,231.14285714285714,76.71964285714286,0.0,337.2714285714286,13.267261904761906,9.671428571428573,23.02857142857143,92.54880952380952,79.0,97.24285714285715,760.1064536340853,251.85714285714286,1236.0,24.0,324500.0
2023_8,2023,2024-01-05,2024-01-04,120,24.0,800,2.147619047619047,-1.2714285714285718,5.571428571428571,42.452380952380956,0.0,237.14285714285714,82.70952380952382,0.0,366.57142857142856,13.358928571428569,9.614285714285716,23.24285714285714,91.98035714285713,78.65714285714286,96.67142857142858,692.3624060150375,249.28571428571428,1155.5714285714287,65.0,833500.0
2023_8,2023,2024-01-06,2024-01-05,121,24.0,800,2.6446428571428564,-0.8285714285714291,6.042857142857144,40.80357142857143,0.0,239.0,77.43809523809524,0.0,352.22857142857146,13.214880952380952,9.685714285714285,23.214285714285715,92.18392857142858,78.84285714285714,96.72857142857141,650.8612155388471,255.42857142857142,1128.2857142857142,78.0,1045700.0
2023_8,2023,2024-01-07,2024-01-06,122,24.0,800,2.634523809523809,-1.2000000000000004,6.471428571428571,51.636904761904766,0.0,267.85714285714283,97.25,0.0,445.91428571428565,13.807738095238095,9.657142857142857,24.91428571428571,90.9922619047619,75.21428571428571,96.54285714285713,584.920739348371,247.0,1126.857142857143,27.0,367700.0
2023_8,2023,2024-01-08,2024-01-07,123,24.0,800,1.7488095238095234,-2.571428571428572,5.857142857142857,62.797619047619044,0.0,322.0,119.67083333333335,0.0,542.4714285714285,14.385119047619046,9.542857142857143,27.071428571428573,89.67321428571428,71.71428571428571,96.21428571428571,532.1734449760766,224.14285714285714,1108.857142857143,29.0,419300.0
2023_8,2023,2024-01-09,2024-01-08,124,24.0,800,0.5952380952380947,-3.828571428571429,5.0,69.06547619047619,0.0,326.42857142857144,131.3136904761905,0.0,596.657142857143,14.504166666666666,9.514285714285716,27.442857142857143,88.70799689440993,71.41428571428571,95.88571428571429,546.1694767221084,233.85714285714286,1207.142857142857,24.0,304700.0
2023_8,2023,2024-01-10,2024-01-09,125,24.0,800,0.10535714285714233,-4.671428571428572,5.042857142857144,71.83928571428571,0.0,343.0,136.7422619047619,0.0,620.6142857142858,14.67261904761905,9.528571428571428,28.442857142857143,88.2966873706004,70.07142857142857,95.67142857142858,536.1237373737374,236.28571428571428,1206.4285714285713,44.0,622100.0
2023_8,2023,2024-01-11,2024-01-10,126,24.0,800,-0.30416666666666714,-5.1571428571428575,4.514285714285714,76.39880952380952,0.0,357.42857142857144,146.25178571428572,0.0,660.0285714285714,14.869047619047619,9.471428571428573,29.071428571428573,87.85621118012422,68.10000000000001,96.05714285714285,547.0808802308802,232.0,1224.7142857142858,41.0,530600.0
2023_8,2023,2024-01-12,2024-01-11,127,24.0,800,-0.3458333333333338,-5.171428571428572,4.257142857142857,69.86309523809524,0.0,346.42857142857144,134.60476190476192,0.0,603.7142857142857,14.566071428571428,9.471428571428572,28.17142857142857,88.63299689440994,70.8,96.5,543.6090187590188,228.0,1220.7142857142858,38.0,513160.0
2023_8,2023,2024-01-13,2024-01-12,128,24.0,800,-0.760119047619048,-5.9142857142857155,4.0,78.89880952380952,0.0,375.2857142857143,153.34285714285716,0.0,681.8714285714286,14.955357142857142,9.428571428571429,29.12857142857143,87.60621118012422,67.15714285714286,96.47142857142858,544.7275061539768,226.85714285714286,1229.142857142857,19.0,296300.0
2023_8,2023,2024-01-14,2024-01-13,129,24.0,800,-0.9976190476190482,-6.171428571428572,4.2,79.66666666666667,0.0,377.14285714285717,154.6654761904762,0.0,688.5,14.994642857142855,9.428571428571429,29.22857142857143,87.4591873706004,67.52857142857142,96.27142857142857,539.4536966301672,229.85714285714286,1201.857142857143,44.0,697700.0
2023_8,2023,2024-01-15,2024-01-14,130,24.0,800,-0.6130952380952385,-6.000000000000001,5.185714285714285,72.64880952380953,0.0,351.2857142857143,141.3059523809524,0.0,627.8285714285714,14.766666666666667,9.442857142857145,28.842857142857138,88.10859213250517,68.68571428571428,96.47142857142856,540.4450386215092,236.57142857142858,1168.857142857143,23.0,326200.0
2023_8,2023,2024-01-19,2024-01-18,134,24.0,800,1.5687499999999992,-3.575000000000001,7.675,73.875,0.0,340.75,138.86041666666665,0.0,638.2499999999999,15.19375,9.725,28.95,88.03645833333334,67.825,95.55,548.3198529411765,235.25,1179.25,18.0,258800.0
2023_8,2023,2024-01-20,2024-01-19,135,24.0,800,2.6947916666666654,-1.450000000000001,8.1,65.09375,0.0,343.75,122.7125,0.0,562.15,15.005208333333334,9.95,28.825,88.88645833333334,69.45,95.625,519.675,238.75,1100.5,30.0,418600.0
2023_8,2023,2024-01-21,2024-01-20,136,24.0,800,4.2958333333333325,1.0999999999999992,7.7749999999999995,41.34375,0.0,247.0,77.72291666666666,0.0,357.0,13.846875,10.2,25.975,91.38333333333334,73.425,96.175,567.6375,248.5,1114.75,2.0,29000.0
2023_8,2023,2024-01-22,2024-01-21,137,24.0,800,4.994791666666666,2.674999999999999,7.549999999999999,40.677083333333336,0.0,234.75,76.48541666666667,0.0,351.125,13.939583333333333,10.4,25.075,91.6125,75.425,96.25,558.0285256410257,250.25,1134.5,40.0,536900.0
2023_8,2023,2024-01-24,2024-01-23,139,24.0,800,1.197916666666666,-1.4166666666666676,4.0,52.513888888888886,0.0,289.0,97.43263888888889,0.0,453.55,13.859027777777778,10.083333333333334,24.900000000000002,90.03472222222223,73.31666666666666,95.61666666666667,552.5898504273505,245.5,1153.8333333333333,23.0,343000.0
2023_8,2023,2024-01-25,2024-01-24,140,24.0,800,0.1017857142857137,-2.6857142857142864,3.0285714285714285,61.172619047619044,0.0,319.2857142857143,112.86071428571428,0.0,528.4285714285714,14.16904761904762,9.942857142857141,25.657142857142855,88.84821428571429,70.4,95.12857142857142,534.4579670329671,249.0,1132.5714285714287,35.0,477800.0
2023_8,2023,2024-01-26,2024-01-25,141,24.0,800,-1.341666666666667,-4.6000000000000005,2.2285714285714286,70.97619047619047,0.0,354.7142857142857,132.5279761904762,0.0,613.1142857142858,14.482738095238094,9.828571428571427,26.557142857142857,87.325,67.17142857142858,94.72857142857143,540.1852397602398,264.57142857142856,1125.5714285714287,16.0,213300.0
2023_8,2023,2024-01-27,2024-01-26,142,24.0,800,-2.738095238095238,-6.485714285714287,1.3714285714285717,71.86904761904762,0.0,343.57142857142856,134.85595238095237,0.0,621.0142857142857,14.44047619047619,9.614285714285714,26.0,87.13035714285715,68.38571428571429,94.37142857142855,541.9716033966034,266.7142857142857,1175.0,47.0,629600.0
2023_8,2023,2024-01-28,2024-01-27,143,24.0,800,-3.594642857142858,-7.814285714285715,1.242857142857143,86.89880952380953,0.0,404.14285714285717,162.86190476190475,0.0,750.8285714285714,15.19404761904762,9.6,27.77142857142857,85.66964285714286,65.41428571428571,94.72857142857141,511.1239843489844,259.42857142857144,1162.4285714285713,35.0,468200.0
2023_8,2023,2024-01-29,2024-01-28,144,24.0,800,-4.239880952380953,-8.757142857142858,0.8571428571428573,96.30357142857143,0.0,429.2857142857143,178.96785714285713,0.0,832.1285714285714,15.555952380952382,9.485714285714286,28.557142857142857,84.69464285714285,63.228571428571435,94.54285714285713,506.49577922077924,259.85714285714283,1156.5714285714287,38.0,522000.0
2023_8,2023,2024-01-30,2024-01-29,145,24.0,800,-3.8363095238095246,-8.62857142857143,1.6142857142857143,103.64880952380952,0.0,439.85714285714283,193.62202380952382,0.0,895.6285714285714,16.0625,9.471428571428572,29.314285714285713,83.76726190476191,60.9,94.21428571428571,500.0902847152847,267.0,1168.2857142857142,31.0,413300.0
2023_8,2023,2024-01-31,2024-01-30,146,24.0,800,-2.628571428571429,-7.814285714285715,3.9428571428571426,108.625,0.0,459.42857142857144,202.51309523809525,0.0,938.5142857142857,16.633928571428573,9.557142857142859,30.685714285714283,83.13690476190477,59.271428571428565,94.27142857142857,494.1493506493507,278.85714285714283,1128.142857142857,35.0,483000.0
2023_8,2023,2024-02-01,2024-01-31,147,24.0,800,-0.9708333333333334,-6.314285714285715,6.142857142857143,106.24404761904762,0.0,459.57142857142856,196.25833333333335,0.0,917.9285714285714,16.836309523809526,9.87142857142857,31.042857142857144,83.91547619047618,60.785714285714285,94.71428571428571,525.1969696969697,284.7142857142857,1154.7142857142858,38.0,531400.0
2023_8,2023,2024-02-02,2024-02-01,148,24.0,800,0.3494047619047615,-4.400000000000001,6.8,96.02380952380953,0.0,427.42857142857144,177.39345238095237,0.0,829.6142857142858,16.55297619047619,10.114285714285714,30.099999999999998,85.38988095238096,63.97142857142857,95.01428571428572,537.3064316635745,277.0,1164.142857142857,31.0,428200.0
2023_8,2023,2024-02-03,2024-02-02,149,24.0,800,0.9910714285714282,-3.600000000000001,7.371428571428571,101.91666666666667,0.0,436.7142857142857,185.90357142857144,0.0,880.4714285714284,16.82619047619048,10.142857142857142,30.62857142857143,84.7440476190476,62.41428571428571,95.15714285714286,533.9353741496599,279.14285714285717,1156.142857142857,27.0,357700.0
2023_8,2023,2024-02-04,2024-02-03,150,24.0,800,1.6059523809523806,-3.2,7.785714285714286,91.42261904761905,0.0,405.85714285714283,167.35714285714286,0.0,789.7428571428571,16.50357142857143,10.185714285714285,29.628571428571426,85.91845238095239,66.35714285714286,94.7,555.5996598639456,271.57142857142856,1171.7142857142858,47.0,669500.0
2023_8,2023,2024-02-05,2024-02-04,151,24.0,800,2.6339285714285707,-2.3000000000000007,8.77142857142857,91.22619047619048,0.0,436.14285714285717,169.54226190476192,0.0,788.0857142857143,16.75297619047619,10.299999999999999,30.45714285714286,85.88035714285715,65.54285714285714,94.72857142857143,563.3933106575963,274.42857142857144,1197.2857142857142,37.0,512300.0
2023_8,2023,2024-02-06,2024-02-05,152,24.0,800,3.4952380952380944,-1.0428571428571431,8.9,77.23809523809523,0.0,376.14285714285717,143.02261904761903,0.0,667.2571428571429,16.15952380952381,10.528571428571427,28.642857142857142,87.5202380952381,69.2,95.07142857142857,597.2521886217376,265.57142857142856,1205.142857142857,28.0,379500.0
2023_8,2023,2024-02-07,2024-02-06,153,24.0,800,3.798809523809523,-0.14285714285714338,8.1,65.36309523809524,0.0,330.2857142857143,121.98869047619048,0.0,564.6571428571428,15.605357142857143,10.585714285714285,26.97142857142857,89.02380952380953,72.4,95.39999999999999,681.4228845924335,266.0,1272.2857142857142,33.0,476200.0
2023_8,2023,2024-02-08,2024-02-07,154,24.0,800,3.170833333333333,-0.4714285714285719,7.028571428571428,65.29761904761905,0.0,339.57142857142856,127.67738095238094,0.0,564.0857142857143,15.486309523809524,10.37142857142857,27.199999999999996,88.79345238095239,71.44285714285715,95.88571428571429,660.4009065704555,259.2857142857143,1269.857142857143,64.0,906400.0
2023_8,2023,2024-02-09,2024-02-08,155,24.0,800,2.574404761904762,-1.5571428571428576,7.014285714285714,76.19047619047619,0.0,372.57142857142856,154.6970238095238,0.0,658.2142857142857,15.886309523809524,10.185714285714285,28.342857142857145,87.46607142857144,67.55714285714286,95.77142857142857,642.4417228969861,263.42857142857144,1273.0,69.0,1103100.0
2023_8,2023,2024-02-10,2024-02-09,156,24.0,800,2.3178571428571426,-1.914285714285715,6.8428571428571425,75.16071428571429,0.0,383.14285714285717,161.38511904761907,0.0,649.3285714285714,15.939880952380951,10.171428571428573,28.485714285714288,87.27559523809524,66.57142857142857,96.42857142857143,646.4430834412038,263.57142857142856,1289.142857142857,101.0,1706100.0
2023_8,2023,2024-02-11,2024-02-10,157,24.0,800,1.7285714285714284,-2.2428571428571433,6.5,83.33928571428571,0.0,417.85714285714283,182.4386904761905,0.0,720.0285714285714,16.086309523809522,9.985714285714286,29.071428571428573,86.41904761904762,62.314285714285724,97.0,630.4820944302147,271.14285714285717,1305.142857142857,100.0,1509300.0
2023_8,2023,2024-02-12,2024-02-11,158,24.0,800,0.7476190476190474,-3.1428571428571432,5.814285714285714,79.54166666666666,0.0,390.14285714285717,175.51250000000002,0.0,687.2857142857143,15.637500000000001,9.87142857142857,27.52857142857143,86.83928571428571,64.02857142857142,96.75714285714287,635.5551103032305,273.57142857142856,1306.857142857143,58.0,882000.0
2023_8,2023,2024-02-13,2024-02-12,159,24.0,800,0.26190476190476175,-4.242857142857143,6.428571428571429,96.81547619047619,0.0,454.42857142857144,214.75833333333335,0.0,836.6142857142856,16.35833333333333,9.657142857142857,29.62857142857143,84.6952380952381,59.32857142857143,96.34285714285714,601.7511773940345,287.14285714285717,1311.4285714285713,54.0,780500.0
2023_8,2023,2024-02-14,2024-02-13,160,24.0,800,0.9291666666666666,-4.6571428571428575,7.971428571428572,104.44642857142857,0.0,492.2857142857143,233.26666666666668,0.0,902.5571428571429,16.91309523809524,9.6,31.12857142857143,83.21428571428571,55.471428571428575,96.14285714285714,511.43762428048143,288.14285714285717,1212.0,68.0,923000.0
2023_8,2023,2024-02-15,2024-02-14,161,24.0,800,2.5505952380952377,-3.3142857142857145,9.700000000000001,98.21428571428571,0.0,451.85714285714283,219.03809523809522,0.0,848.657142857143,17.06547619047619,10.042857142857143,30.25714285714286,83.93392857142858,56.97142857142857,95.77142857142857,531.8751867180439,295.85714285714283,1237.7142857142858,55.0,749800.0
2023_8,2023,2024-02-16,2024-02-15,162,24.0,800,3.520238095238095,-2.8571428571428577,10.557142857142855,82.79761904761905,0.0,401.85714285714283,182.59464285714287,0.0,715.5,16.440476190476193,10.057142857142859,28.285714285714285,85.70357142857142,61.55714285714286,95.97142857142856,570.2714452214452,301.14285714285717,1253.142857142857,76.0,1045900.0
2023_8,2023,2024-02-17,2024-02-16,163,24.0,800,3.8035714285714284,-2.7571428571428576,10.971428571428572,92.42261904761904,0.0,424.42857142857144,200.13095238095235,0.0,798.6428571428571,16.188095238095237,9.685714285714285,28.257142857142856,82.35000000000001,58.40000000000001,91.78571428571429,542.2666833166834,302.85714285714283,1116.142857142857,72.0,976300.0
2023_8,2023,2024-02-18,2024-02-17,164,24.0,800,4.3029761904761905,-2.6000000000000005,12.071428571428571,102.22023809523809,0.0,447.0,217.0886904761905,0.0,883.342857142857,16.26904761904762,9.5,28.514285714285716,78.35000000000001,55.271428571428565,87.8142857142857,516.2598151848152,309.14285714285717,976.5714285714286,63.0,827300.0
2023_8,2023,2024-02-19,2024-02-18,165,24.0,800,5.0249999999999995,-2.2571428571428576,12.714285714285714,95.32142857142857,0.0,405.14285714285717,204.23630952380952,0.0,823.5857142857142,15.841071428571427,9.385714285714286,27.442857142857143,76.82500000000002,54.542857142857144,86.94285714285714,491.5598151848152,319.7142857142857,855.8571428571429,54.0,672200.0
2023_8,2023,2024-02-20,2024-02-19,166,24.0,800,6.326785714285714,-0.7000000000000004,13.071428571428571,77.44642857142857,0.0,347.0,164.5904761904762,0.0,668.9857142857144,15.266666666666667,9.742857142857144,25.32857142857143,78.3875,59.871428571428574,86.8,471.2901265401265,316.57142857142856,724.7142857142857,59.0,694100.0
2023_8,2023,2024-02-21,2024-02-20,167,24.0,800,6.199999999999998,0.21428571428571366,12.0,67.04761904761905,0.0,296.42857142857144,141.51309523809525,0.0,579.0857142857143,14.462499999999997,9.9,23.014285714285712,78.93095238095238,64.38571428571429,85.81428571428572,460.54653679653677,317.7142857142857,682.1428571428571,60.0,712800.0
2023_8,2023,2024-02-22,2024-02-21,168,24.0,800,5.260119047619047,-0.22857142857142915,10.514285714285716,62.392857142857146,0.0,268.0,132.39523809523808,0.0,539.0,13.542857142857143,9.514285714285714,20.785714285714285,78.13988095238095,66.77142857142857,84.44285714285715,419.4523809523809,321.14285714285717,540.1428571428571,51.0,596800.0
2023_8,2023,2024-02-23,2024-02-22,169,24.0,800,4.820833333333333,0.3714285714285709,9.414285714285715,65.05357142857143,0.0,269.7142857142857,140.15952380952382,0.0,561.9428571428572,13.111904761904762,9.442857142857141,20.042857142857144,76.34583333333333,65.24285714285715,82.68571428571428,360.75,315.0,396.42857142857144,75.0,911300.0
2023_8,2023,2024-02-24,2024-02-23,170,24.0,800,5.079166666666666,1.1428571428571421,9.200000000000001,57.839285714285715,0.0,272.0,124.15595238095239,0.0,499.6571428571428,13.342261904761907,9.928571428571429,20.7,80.45357142857142,68.82857142857144,86.82857142857144,371.0924908424908,311.57142857142856,462.7142857142857,49.0,571500.0
2023_8,2023,2024-02-25,2024-02-24,171,24.0,800,5.158333333333332,1.9142857142857135,8.3,45.26190476190476,0.0,237.57142857142858,99.68988095238095,0.0,390.92857142857144,13.26845238095238,10.242857142857144,20.3,84.83690476190476,72.81428571428572,90.21428571428571,399.4228479853479,306.57142857142856,592.4285714285714,74.0,822600.0
2023_8,2023,2024-02-26,2024-02-25,172,24.0,800,4.87797619047619,2.342857142857142,7.457142857142857,49.22619047619048,0.0,268.7142857142857,107.95238095238095,0.0,425.2142857142857,13.561309523809525,10.5,21.24285714285714,86.7297619047619,74.0,91.3,436.4942765567765,290.14285714285717,730.4285714285714,39.0,495200.0
2023_8,2023,2024-02-27,2024-02-26,173,24.0,800,3.7946428571428563,1.1714285714285708,6.942857142857143,68.05952380952381,0.0,332.0,149.475,0.0,587.9,14.225595238095238,10.142857142857142,23.371428571428574,85.57559523809523,69.42857142857143,91.64285714285714,448.35737179487177,290.7142857142857,856.4285714285714,63.0,684700.0
2023_8,2023,2024-02-28,2024-02-27,174,24.0,800,3.6601190476190473,0.7571428571428566,7.300000000000002,83.80357142857143,0.0,400.2857142857143,183.89464285714286,0.0,724.0714285714286,15.058333333333334,10.042857142857144,25.842857142857145,85.26488095238095,64.25714285714285,93.08571428571429,486.05975274725273,281.42857142857144,995.2857142857143,74.0,863100.0
2023_8,2023,2024-02-29,2024-02-28,175,24.0,800,3.653679653679653,0.3714285714285709,7.971428571428571,91.87878787878788,0.0,451.7142857142857,198.43089826839827,0.0,785.9428571428572,15.815367965367965,10.12857142857143,28.314285714285713,85.71055194805196,60.385714285714286,94.42857142857143,524.9049908424907,268.2857142857143,1132.7142857142858,59.0,603700.0
2023_8,2023,2024-03-01,2024-02-29,176,24.0,800,3.99534632034632,0.5428571428571423,8.357142857142858,92.34902597402598,0.0,449.42857142857144,198.49756493506493,0.0,790.0714285714286,16.390963203463205,10.385714285714286,29.228571428571428,87.24150432900433,62.128571428571426,96.08571428571429,548.6121336996337,256.2857142857143,1205.2857142857142,59.0,670500.0
2023_8,2023,2024-03-02,2024-03-01,177,24.0,800,3.2751082251082244,-0.5571428571428578,7.571428571428571,99.73593073593075,0.0,440.42857142857144,217.02077922077925,0.0,853.8571428571429,16.592748917748917,10.328571428571427,28.985714285714288,85.9504329004329,61.142857142857146,95.39999999999999,568.1952380952381,257.14285714285717,1270.7142857142858,49.0,581500.0
2023_8,2023,2024-03-03,2024-03-02,178,24.0,800,2.3947510822510814,-2.000000000000001,6.985714285714286,107.45021645021644,0.0,464.7142857142857,237.06125541125542,0.0,920.5714285714286,16.934415584415586,10.22857142857143,29.87142857142857,84.70162337662337,60.17142857142857,95.1857142857143,542.8497710622711,259.57142857142856,1167.7142857142858,36.0,428500.0
2023_8,2023,2024-03-04,2024-03-03,179,24.0,800,2.698917748917748,-1.9000000000000008,7.757142857142857,113.41450216450217,0.0,503.7142857142857,250.37316017316016,0.0,972.1428571428571,17.445129870129872,10.328571428571427,31.02857142857143,83.88198051948052,56.857142857142854,95.32857142857144,528.9143969126112,266.85714285714283,1142.5714285714287,45.0,494100.0
2023_8,2023,2024-03-05,2024-03-04,180,24.0,800,3.3721320346320343,-1.414285714285715,8.185714285714287,109.4025974025974,0.0,493.7142857142857,243.9344696969697,0.0,937.5857142857143,17.362391774891773,10.542857142857143,30.800000000000004,84.37364718614718,56.08571428571428,95.54285714285716,558.3429683411827,265.57142857142856,1145.0,51.0,570500.0
2023_8,2023,2024-03-06,2024-03-05,181,24.0,800,3.593560606060606,-0.7857142857142866,7.871428571428573,93.48593073593074,0.0,424.0,208.4457792207792,0.0,799.9857142857143,16.645725108225108,10.714285714285714,28.25714285714286,86.04626623376623,62.685714285714276,95.29999999999998,544.7179683411827,263.42857142857144,1055.4285714285713,67.0,805300.0
2023_8,2023,2024-03-07,2024-03-06,182,24.0,800,3.822023809523809,-0.6714285714285724,7.985714285714287,100.79166666666666,0.0,445.42857142857144,231.2988095238095,0.0,870.8999999999999,16.863095238095237,10.585714285714287,29.185714285714283,85.51369047619048,61.97142857142857,95.65714285714286,522.9798731030875,266.14285714285717,1027.2857142857142,38.0,420200.0
2023_8,2023,2024-03-08,2024-03-07,183,24.0,800,3.5732142857142852,-1.5142857142857153,8.085714285714285,115.20238095238095,0.0,502.0,262.1,0.0,995.4714285714284,17.196428571428573,10.557142857142859,30.72857142857143,83.95119047619048,55.800000000000004,95.94285714285715,531.4929683411826,280.2857142857143,1064.142857142857,91.0,957900.0
2023_8,2023,2024-03-09,2024-03-08,184,24.0,800,4.005357142857142,-1.0714285714285723,8.842857142857143,116.1309523809524,0.0,509.7142857142857,263.6392857142857,0.0,1003.3571428571429,16.883928571428573,10.599999999999998,30.157142857142855,83.6970238095238,53.41428571428571,95.88571428571429,512.5809785452642,280.2857142857143,1006.1428571428571,93.0,924100.0
2023_8,2023,2024-03-10,2024-03-09,185,24.0,800,4.4488095238095235,-0.6857142857142863,9.642857142857142,123.04761904761905,0.0,517.1428571428571,275.7065476190476,0.0,1063.185714285714,16.85,10.614285714285714,29.8,83.03690476190476,50.94285714285714,95.74285714285713,525.9853741496598,281.0,1109.2857142857142,121.0,1179900.0
2023_8,2023,2024-03-11,2024-03-10,186,24.0,800,4.144642857142856,-1.5285714285714291,9.928571428571429,135.5952380952381,0.0,522.5714285714286,303.10476190476186,0.0,1171.5571428571432,16.886904761904763,10.428571428571429,29.771428571428572,81.83869047619048,48.75714285714285,96.17142857142856,523.1707482993197,285.14285714285717,1112.857142857143,39.0,402700.0
2023_8,2023,2024-03-12,2024-03-11,187,24.0,800,3.8119047619047612,-1.914285714285715,9.87142857142857,131.55357142857142,0.0,501.57142857142856,294.3565476190476,0.0,1136.6142857142856,16.630357142857143,10.242857142857144,29.114285714285717,82.10892857142858,50.41428571428571,96.01428571428572,504.96906762705083,278.14285714285717,1111.857142857143,25.0,243100.0
2023_8,2023,2024-03-13,2024-03-12,188,24.0,800,3.5648809523809524,-2.628571428571429,10.12857142857143,140.76785714285714,0.0,574.0,312.8196428571428,0.0,1216.2714285714285,16.925595238095237,10.085714285714285,30.800000000000004,81.39583333333334,46.34285714285714,95.84285714285714,522.0440676270508,276.14285714285717,1197.2857142857142,62.0,597000.0
2023_8,2023,2024-03-14,2024-03-13,189,24.0,800,3.1071428571428568,-3.400000000000001,10.185714285714285,149.04166666666669,0.0,586.4285714285714,328.2452380952381,0.0,1287.8,16.633333333333333,10.0,29.614285714285717,80.42380952380952,43.67142857142858,95.11428571428571,529.0631152460984,282.2857142857143,1197.5714285714287,45.0,503500.0
2023_8,2023,2024-03-15,2024-03-14,190,24.0,800,3.2321428571428568,-3.471428571428572,11.200000000000001,155.25,0.0,602.5714285714286,343.8988095238095,0.0,1341.357142857143,16.820833333333333,9.757142857142856,29.9,79.47559523809524,42.75714285714286,94.52857142857144,508.5775710284114,287.0,1125.0,88.0,907000.0
2023_8,2023,2024-03-16,2024-03-15,191,24.0,800,3.9517857142857133,-3.3000000000000007,12.642857142857142,156.30357142857142,0.0,600.0,345.9988095238095,0.0,1350.542857142857,17.063095238095237,9.685714285714285,30.1,78.89285714285714,41.02857142857143,94.62857142857142,521.6129851940776,294.85714285714283,1172.4285714285713,94.0,989400.0
2023_8,2023,2024-03-17,2024-03-16,192,24.0,800,5.207738095238095,-2.471428571428572,14.1,153.26190476190476,0.0,612.2857142857143,341.90476190476187,0.0,1324.2714285714287,16.73333333333333,9.799999999999999,28.842857142857145,79.21726190476191,40.1,94.88571428571429,540.7415566226491,304.0,1179.142857142857,64.0,626400.0
2023_8,2023,2024-03-18,2024-03-17,193,24.0,800,6.241666666666666,-0.9857142857142863,14.314285714285715,149.7619047619048,0.0,606.2857142857143,333.0464285714285,0.0,1294.0714285714287,16.60952380952381,10.028571428571428,28.099999999999998,79.53035714285714,39.65714285714286,94.82857142857144,540.7951280512206,304.42857142857144,1113.142857142857,76.0,789200.0
2023_8,2023,2024-03-19,2024-03-18,194,24.0,800,6.394047619047619,-1.1142857142857148,14.799999999999999,163.86904761904762,0.0,649.1428571428571,364.16190476190474,0.0,1415.814285714286,16.801190476190477,9.957142857142857,28.785714285714285,77.43869047619047,34.98571428571429,94.87142857142855,544.2449290242413,314.57142857142856,1117.142857142857,68.0,663100.0
2023_8,2023,2024-03-20,2024-03-19,195,24.0,800,6.673214285714285,-0.6000000000000005,15.142857142857142,164.85714285714286,0.0,617.1428571428571,364.764880952381,0.0,1424.3714285714286,16.96309523809524,10.12857142857143,28.885714285714283,76.60952380952381,32.642857142857146,94.84285714285714,523.9437385480508,316.0,1034.5714285714287,70.0,735600.0
2023_8,2023,2024-03-21,2024-03-20,196,24.0,800,6.632738095238095,-0.4857142857142862,14.585714285714285,165.82738095238096,0.0,623.5714285714286,368.0107142857143,0.0,1432.7142857142858,16.914285714285715,10.171428571428573,29.17142857142857,75.98690476190475,32.057142857142864,95.35714285714286,527.5040560083683,313.0,1019.8571428571429,67.0,655600.0
2023_8,2023,2024-03-22,2024-03-21,197,24.0,800,6.25,-0.8428571428571433,13.957142857142857,167.20833333333331,0.0,635.7142857142857,372.497619047619,0.0,1444.6571428571428,16.488095238095237,10.185714285714285,28.37142857142857,76.19285714285715,31.571428571428573,96.08571428571427,549.3026954641506,310.2857142857143,1124.4285714285713,83.0,898000.0
2023_8,2023,2024-03-23,2024-03-22,198,24.0,800,6.55297619047619,-0.5142857142857147,13.757142857142858,153.57738095238096,0.0,608.0,345.3178571428571,0.0,1326.957142857143,16.173214285714288,10.200000000000001,27.67142857142857,77.20952380952382,33.74285714285715,96.14285714285714,557.9917710944027,308.57142857142856,1140.5714285714287,82.0,848800.0
2023_8,2023,2024-03-24,2024-03-23,199,24.0,800,7.295238095238095,0.814285714285714,14.1,157.06547619047618,0.0,601.5714285714286,349.60297619047617,0.0,1357.042857142857,16.779166666666665,10.471428571428572,29.514285714285712,76.72797619047618,33.357142857142854,96.31428571428572,549.854866332498,305.0,1069.0,91.0,992100.0
2023_8,2023,2024-03-25,2024-03-24,200,24.0,800,8.077380952380953,1.514285714285714,14.985714285714286,150.42857142857142,0.0,580.0,334.66964285714283,0.0,1299.7428571428572,16.899404761904762,10.457142857142857,29.47142857142857,76.48392857142858,34.24285714285714,96.02857142857144,541.4084377610694,306.7142857142857,1056.5714285714287,45.0,481800.0
2023_8,2023,2024-03-26,2024-03-25,201,24.0,800,8.611904761904762,2.9428571428571426,14.799999999999999,128.62499999999997,0.0,517.8571428571429,287.7208333333333,0.0,1111.4142857142856,16.333333333333332,10.671428571428569,27.728571428571428,79.41785714285716,41.05714285714286,96.32857142857142,555.8808143547274,302.0,1055.5714285714287,42.0,432000.0
2023_8,2023,2024-03-27,2024-03-26,202,24.0,800,8.688690476190477,2.757142857142857,14.785714285714286,140.97619047619045,0.0,576.1428571428571,313.5071428571428,0.0,1218.0,16.61547619047619,10.642857142857142,28.785714285714285,79.00654761904762,40.885714285714286,96.45714285714287,556.5534334023465,304.2857142857143,1051.5714285714287,69.0,736000.0
2023_8,2023,2024-03-28,2024-03-27,203,24.0,800,9.389751552795031,3.214285714285714,15.828571428571431,137.19461697722565,0.0,564.7142857142857,307.2429606625259,0.0,1176.7428571428572,16.824016563146998,10.757142857142858,28.814285714285717,79.54565217391304,42.714285714285715,96.32857142857144,566.7566770186335,310.0,1083.0,41.0,415100.0
2023_8,2023,2024-03-29,2024-03-28,204,24.0,800,10.372489648033126,5.128571428571428,15.771428571428572,113.152950310559,0.0,473.14285714285717,252.41260351966872,0.0,968.9714285714286,16.724611801242236,11.071428571428571,27.6,82.17898550724637,50.82857142857143,96.10000000000001,552.9614389233955,296.85714285714283,989.1428571428571,94.0,977000.0
2023_8,2023,2024-03-30,2024-03-29,205,24.0,800,10.412370600414079,5.757142857142857,15.257142857142858,106.40890269151137,0.0,438.7142857142857,238.06796066252588,0.0,910.6285714285714,16.443064182194615,11.22857142857143,26.728571428571428,84.13910455486543,56.885714285714286,96.31428571428572,539.0090579710144,286.0,899.5714285714286,115.0,1127300.0
2023_8,2023,2024-03-31,2024-03-30,206,24.0,800,9.586775362318841,4.828571428571428,14.414285714285715,94.78985507246377,0.0,409.57142857142856,219.9959368530021,0.0,810.157142857143,15.781754658385093,10.985714285714286,25.028571428571432,85.39684265010351,59.9,96.32857142857142,539.7570738440303,286.57142857142856,958.5714285714286,60.0,678500.0
2023_8,2023,2024-04-01,2024-03-31,207,24.0,800,8.779632505175984,3.3999999999999995,14.185714285714285,107.027950310559,0.0,443.57142857142856,250.5370082815735,0.0,915.8000000000001,15.687111801242235,10.528571428571428,25.514285714285712,84.48136645962734,58.68571428571429,96.10000000000001,539.2689786059351,284.0,948.4285714285714,45.0,499500.0
2023_8,2023,2024-04-02,2024-04-01,208,24.0,800,8.950465838509317,2.599999999999999,15.142857142857142,131.86723602484471,0.0,512.0,303.8709368530021,0.0,1130.4,16.244254658385092,9.799999999999999,27.514285714285716,81.26112836438924,52.02857142857143,96.07142857142857,508.43538647342996,289.0,837.4285714285714,45.0,486000.0
2023_8,2023,2024-04-03,2024-04-02,209,24.0,800,9.887370600414078,2.7571428571428567,16.8,132.29580745341613,0.0,504.85714285714283,311.96557971014494,0.0,1134.1714285714286,16.112707039337476,9.299999999999999,26.87142857142857,80.4700569358178,50.31428571428571,96.14285714285714,504.9591959972395,302.7142857142857,824.0,44.0,492800.0
2023_8,2023,2024-04-04,2024-04-03,210,24.0,800,10.647619047619047,4.457142857142856,16.599999999999998,113.81547619047618,0.0,430.0,270.46250000000003,0.0,983.0285714285716,16.182142857142857,9.9,25.757142857142856,82.8470238095238,56.94285714285714,96.24285714285713,484.36706349206355,285.57142857142856,752.1428571428571,58.0,624100.0
2023_8,2023,2024-04-05,2024-04-04,211,24.0,800,11.299404761904762,4.928571428571429,17.585714285714285,119.01785714285714,0.0,450.57142857142856,284.5857142857143,0.0,1028.142857142857,16.648809523809526,10.057142857142859,26.642857142857142,81.9940476190476,53.87142857142857,96.38571428571427,487.2301587301587,300.7142857142857,755.0,82.0,873900.0
2023_8,2023,2024-04-06,2024-04-05,212,24.0,800,11.857738095238094,5.657142857142857,18.37142857142857,133.51785714285714,0.0,510.14285714285717,310.56130952380954,0.0,1153.4428571428573,17.423214285714288,10.328571428571427,28.185714285714287,80.15833333333333,48.9,96.52857142857142,489.6587301587301,311.85714285714283,754.4285714285714,49.0,527500.0
2023_8,2023,2024-04-07,2024-04-06,213,24.0,800,12.27440476190476,6.1,18.942857142857143,137.76785714285714,0.0,513.2857142857143,316.47857142857146,0.0,1190.2571428571428,17.895238095238096,10.157142857142857,29.52857142857143,79.6107142857143,47.614285714285714,96.64285714285714,479.75595238095235,309.2857142857143,669.1428571428571,39.0,409100.0
2023_8,2023,2024-04-08,2024-04-07,214,24.0,800,13.036309523809523,6.799999999999999,19.900000000000002,141.01785714285714,0.0,519.1428571428571,322.6136904761905,0.0,1218.357142857143,18.429166666666667,10.299999999999999,30.385714285714283,79.50595238095238,47.699999999999996,97.14285714285714,482.01190476190476,311.7142857142857,679.4285714285714,43.0,435100.0
2023_8,2023,2024-04-09,2024-04-08,215,24.0,800,13.66547619047619,7.5857142857142845,20.37142857142857,130.35119047619048,0.0,486.7142857142857,303.4107142857143,0.0,1126.2857142857142,18.625,10.828571428571431,30.199999999999996,79.70416666666667,48.15714285714285,97.38571428571427,486.5,317.42857142857144,688.0,31.0,314500.0
2023_8,2023,2024-04-10,2024-04-09,216,24.0,800,13.7875,7.942857142857142,20.114285714285717,136.16071428571428,0.0,490.42857142857144,326.7660714285715,0.0,1176.5,18.87857142857143,10.885714285714286,30.585714285714285,78.82619047619048,48.028571428571425,97.12857142857142,479.5,309.42857142857144,676.7142857142857,52.0,541800.0
2023_8,2023,2024-04-11,2024-04-10,217,24.0,800,13.84702380952381,7.442857142857142,20.857142857142858,155.30952380952382,0.0,567.4285714285714,367.82976190476194,0.0,1342.0571428571427,19.092857142857145,10.342857142857143,31.685714285714287,75.82142857142857,40.957142857142856,97.01428571428572,476.2857142857143,328.85714285714283,652.8571428571429,43.0,450000.0
2023_8,2023,2024-04-12,2024-04-11,218,24.0,800,14.066666666666666,7.3428571428571425,21.514285714285716,171.88095238095238,0.0,633.7142857142857,408.7803571428571,0.0,1485.0428571428572,19.241666666666667,10.171428571428573,32.385714285714286,73.82857142857142,35.628571428571426,97.25714285714287,473.60714285714283,334.0,638.1428571428571,49.0,508000.0
2023_8,2023,2024-04-13,2024-04-12,219,24.0,800,14.612499999999999,7.285714285714285,22.585714285714285,182.375,0.0,655.4285714285714,448.4244047619048,0.0,1575.8142857142855,19.414285714285715,9.771428571428572,32.971428571428575,72.48571428571428,34.31428571428571,97.47142857142856,466.61309523809524,330.85714285714283,618.4285714285714,30.0,310600.0
2023_8,2023,2024-04-14,2024-04-13,220,24.0,800,15.51547619047619,7.785714285714285,23.87142857142857,196.19642857142858,0.0,691.4285714285714,488.89821428571435,0.0,1695.185714285714,19.679761904761904,9.799999999999999,32.74285714285714,70.43452380952381,32.857142857142854,97.12857142857142,462.672619047619,335.14285714285717,604.1428571428571,55.0,549800.0
2023_8,2023,2024-04-15,2024-04-14,221,24.0,800,16.00654761904762,8.299999999999999,24.12857142857143,193.71428571428572,0.0,683.5714285714286,496.177380952381,0.0,1673.7000000000003,19.548809523809524,9.828571428571427,32.18571428571428,70.32559523809525,33.54285714285714,96.47142857142856,460.2023809523809,336.0,591.0,26.0,244400.0
2023_8,2023,2024-04-16,2024-04-15,222,24.0,800,16.2375,9.171428571428569,23.62857142857143,178.5952380952381,0.0,631.7142857142857,456.92678571428576,0.0,1542.9857142857143,19.426190476190477,10.5,30.75714285714286,73.34880952380954,40.957142857142856,96.10000000000001,451.40476190476187,328.14285714285717,584.7142857142857,42.0,343000.0
2023_8,2023,2024-04-17,2024-04-16,223,24.0,800,16.08452380952381,9.77142857142857,23.242857142857144,169.9702380952381,0.0,638.0,425.80119047619047,0.0,1468.4285714285713,19.327380952380956,11.014285714285714,30.12857142857143,74.89642857142857,43.199999999999996,96.37142857142855,448.82142857142856,330.0,580.8571428571429,32.0,288000.0
2023_8,2023,2024-04-19,2024-04-18,225,24.0,800,16.35595238095238,9.157142857142857,24.342857142857145,184.39285714285714,0.0,655.0,476.2083333333333,0.0,1593.1000000000001,19.433333333333334,10.685714285714285,30.514285714285716,73.34226190476191,43.11428571428571,95.61428571428571,444.0357142857143,330.0,569.4285714285714,40.0,407200.0
2023_8,2023,2024-04-20,2024-04-19,226,24.0,800,16.188690476190477,8.7,24.228571428571428,182.77976190476193,0.0,638.7142857142857,473.8208333333333,0.0,1578.9428571428573,19.017857142857142,10.328571428571427,29.300000000000004,73.21726190476191,43.471428571428575,95.31428571428572,444.83333333333337,338.85714285714283,565.5714285714286,64.0,648600.0
2023_8,2023,2024-04-21,2024-04-20,227,24.0,800,15.6,9.171428571428573,22.3,153.84523809523807,0.0,547.8571428571429,396.7130952380952,0.0,1328.9285714285713,18.327976190476193,10.814285714285715,27.414285714285718,77.21488095238094,51.142857142857146,95.81428571428572,440.5297619047619,332.2857142857143,567.4285714285714,22.0,208000.0
2023_8,2023,2024-04-23,2024-04-22,229,24.0,800,15.513095238095238,10.342857142857142,21.471428571428568,144.7797619047619,0.0,555.0,374.74523809523805,0.0,1250.7714285714285,18.12738095238095,11.528571428571428,26.614285714285717,77.68392857142855,51.371428571428574,96.17142857142856,430.51785714285717,335.14285714285717,537.0,44.0,393000.0
2023_8,2023,2024-04-24,2024-04-23,230,24.0,800,15.838095238095235,10.257142857142856,21.842857142857138,147.50595238095238,0.0,560.8571428571429,391.8732142857143,0.0,1274.3,17.93988095238095,11.257142857142856,26.285714285714285,77.12321428571428,50.72857142857142,96.32857142857144,429.5,341.0,535.8571428571429,25.0,217900.0
2023_8,2023,2024-04-25,2024-04-24,231,24.0,800,15.560119047619045,10.171428571428569,20.842857142857138,126.31547619047618,0.0,492.7142857142857,333.5863095238095,0.0,1091.257142857143,17.54345238095238,10.957142857142857,25.785714285714285,78.86607142857143,53.957142857142856,96.47142857142856,428.88095238095235,343.57142857142856,539.7142857142857,26.0,243400.0
2023_8,2023,2024-04-26,2024-04-25,232,24.0,800,15.380357142857141,10.485714285714286,20.5,128.26785714285714,0.0,499.7142857142857,336.1232142857143,0.0,1108.0428571428572,17.47142857142857,11.200000000000001,25.2,80.23452380952381,55.185714285714276,96.74285714285715,428.2380952380953,342.57142857142856,537.7142857142857,62.0,551800.0
2023_8,2023,2024-04-27,2024-04-26,233,24.0,800,15.533333333333331,10.842857142857142,20.67142857142857,129.14880952380952,0.0,518.1428571428571,336.935119047619,0.0,1115.8285714285714,17.679761904761904,11.485714285714286,25.557142857142857,80.30654761904762,54.285714285714285,96.5,428.63095238095235,342.42857142857144,544.5714285714286,53.0,543900.0
2023_8,2023,2024-04-28,2024-04-27,234,24.0,800,16.059523809523807,10.228571428571428,22.428571428571427,161.36309523809524,0.0,616.1428571428571,423.1458333333333,0.0,1394.142857142857,18.307738095238097,10.928571428571429,27.185714285714287,76.46964285714286,46.81428571428571,95.94285714285714,432.875,353.0,545.4285714285714,43.0,422100.0
2023_8,2023,2024-04-29,2024-04-28,235,24.0,800,16.260119047619046,9.085714285714285,23.87142857142857,185.09523809523807,0.0,707.4285714285714,487.2017857142858,0.0,1599.1571428571428,18.626190476190477,9.9,28.557142857142857,73.7220238095238,41.800000000000004,95.64285714285714,439.5238095238096,362.14285714285717,559.4285714285714,14.0,107000.0
2023_8,2023,2024-04-30,2024-04-29,236,24.0,800,15.92219387755102,9.128571428571428,23.0,168.20578231292515,0.0,617.5714285714286,441.44549319727895,0.0,1452.5142857142855,18.104421768707486,10.200000000000001,26.842857142857138,76.39600340136055,48.185714285714276,95.77142857142859,469.1420068027211,396.14285714285717,580.1428571428571,45.0,372500.0
2023_8,2023,2024-05-02,2024-05-01,238,24.0,800,16.825387806637806,9.633333333333333,24.233333333333334,197.75333694083693,0.0,648.8333333333334,486.9584415584415,0.0,1505.6166666666666,18.99070165945166,10.6,27.333333333333332,72.39672619047619,44.699999999999996,94.93333333333334,471.94787157287163,401.1666666666667,581.5,42.0,358000.0
2023_8,2023,2024-05-03,2024-05-02,239,24.0,800,16.962887806637806,9.616666666666665,24.366666666666664,198.83667027417027,0.0,664.3333333333334,490.32649711399716,0.0,1515.1166666666668,18.987229437229438,10.6,27.350000000000005,71.61617063492064,44.35,94.68333333333334,471.7395382395382,402.6666666666667,581.6666666666666,14.0,108400.0
2023_8,2023,2024-05-04,2024-05-03,240,24.0,800,16.992054473304474,9.166666666666666,24.599999999999998,206.24639249639253,0.0,664.6666666666666,509.2514971139972,0.0,1579.2,19.07820165945166,10.233333333333333,27.583333333333332,70.85297619047618,44.416666666666664,94.46666666666665,469.39231601731603,401.0,573.8333333333334,63.0,557300.0
2023_8,2023,2024-05-05,2024-05-04,241,24.0,800,17.269137806637808,9.249999999999998,24.650000000000002,205.51722582972585,0.0,664.3333333333334,508.8237193362194,0.0,1572.9000000000003,19.32542388167388,10.283333333333333,28.333333333333332,71.0501984126984,44.583333333333336,94.51666666666667,467.7603715728715,397.1666666666667,571.6666666666666,45.0,411500.0
2023_8,2023,2024-05-06,2024-05-05,242,24.0,800,17.38163780663781,11.066666666666668,23.149999999999995,174.24639249639247,0.0,546.6666666666666,422.0931637806638,0.0,1302.8333333333335,19.31709054834055,11.883333333333333,27.150000000000002,75.51061507936508,53.53333333333333,95.13333333333333,468.96176046176043,394.0,585.1666666666666,38.0,337000.0
2023_8,2023,2024-05-07,2024-05-06,243,24.0,800,17.20088383838384,10.866666666666665,23.083333333333332,179.1590909090909,0.0,567.8333333333334,434.27758838383835,0.0,1346.1833333333336,19.32929292929293,11.783333333333333,27.450000000000003,74.96111111111111,51.800000000000004,95.14999999999999,427.9488636363637,354.0,551.6666666666666,25.0,201500.0
2023_8,2023,2024-05-08,2024-05-07,244,24.0,800,16.68170995670996,11.042857142857143,21.9,158.7435064935065,0.0,512.1428571428571,383.58793290043286,0.0,1198.6285714285716,18.822132034632034,11.985714285714286,26.314285714285717,77.52916666666667,55.98571428571428,95.39999999999999,425.146645021645,348.14285714285717,542.7142857142857,57.0,426300.0
2023_8,2023,2024-05-09,2024-05-08,245,24.0,800,16.11190476190476,10.77142857142857,21.657142857142855,159.14880952380955,0.0,535.7142857142857,413.64761904761906,0.0,1375.314285714286,18.592261904761905,11.842857142857142,26.7,79.34345238095239,56.95714285714286,95.84285714285714,425.1190476190476,348.14285714285717,541.4285714285714,30.0,233400.0
2023_8,2023,2024-05-10,2024-05-09,246,24.0,800,15.892857142857142,10.6,21.17142857142857,159.45238095238096,0.0,522.1428571428571,416.16964285714283,0.0,1377.857142857143,18.440476190476193,11.557142857142855,26.91428571428571,79.36666666666666,57.300000000000004,95.88571428571427,424.13690476190476,346.7142857142857,543.5714285714286,61.0,484300.0
2023_8,2023,2024-05-11,2024-05-10,247,24.0,800,15.784523809523808,11.0,20.714285714285715,158.58333333333334,0.0,519.0,413.3267857142858,0.0,1370.3,18.188095238095237,11.742857142857142,26.228571428571428,80.02380952380952,58.31428571428571,96.0,421.88095238095235,345.42857142857144,542.5714285714286,42.0,366000.0
2023_8,2023,2024-05-12,2024-05-11,248,24.0,800,15.585714285714285,11.314285714285715,20.071428571428573,140.35119047619048,0.0,505.57142857142856,366.18869047619046,0.0,1212.7714285714285,17.867857142857144,11.842857142857143,25.771428571428572,81.775,60.957142857142856,96.31428571428572,418.0297619047619,344.7142857142857,539.1428571428571,74.0,583600.0
2023_8,2023,2024-05-13,2024-05-12,249,24.0,800,15.211904761904762,10.214285714285714,20.37142857142857,172.45238095238096,0.0,603.1428571428571,449.19702380952384,0.0,1490.0428571428572,17.975595238095238,10.942857142857141,26.942857142857143,78.52916666666667,54.142857142857146,96.01428571428572,413.6369047619047,342.0,528.7142857142857,46.0,347400.0
2023_8,2023,2024-05-14,2024-05-13,250,24.0,800,15.48452380952381,9.385714285714286,21.628571428571426,206.0357142857143,0.0,701.2857142857143,536.9982142857143,0.0,1780.185714285714,18.53333333333333,10.085714285714285,28.82857142857143,75.09642857142856,47.142857142857146,95.72857142857143,422.77976190476187,342.0,545.7142857142857,64.0,501600.0
2023_8,2023,2024-05-15,2024-05-14,251,24.0,800,15.9125,8.928571428571429,23.042857142857144,238.35119047619045,0.0,791.0,622.9059523809525,0.0,2059.3142857142857,18.99345238095238,9.485714285714286,30.271428571428572,72.1952380952381,41.65714285714286,95.41428571428571,427.45833333333337,349.0,557.1428571428571,53.0,442100.0
2023_8,2023,2024-05-16,2024-05-15,252,24.0,800,15.636309523809524,8.5,23.157142857142855,223.71428571428572,0.0,781.5714285714286,596.8101190476191,0.0,1932.7285714285713,18.654761904761905,9.1,29.985714285714288,73.33869047619046,42.271428571428565,95.12857142857142,432.0238095238095,348.2857142857143,566.7142857142857,46.0,365800.0
2023_8,2023,2024-05-17,2024-05-16,253,24.0,800,15.54702380952381,8.485714285714286,22.942857142857147,224.13095238095235,0.0,793.2857142857143,596.0279761904761,0.0,1936.2428571428572,18.847619047619048,9.314285714285715,29.642857142857142,73.20714285714287,41.542857142857144,95.17142857142858,425.7738095238095,345.57142857142856,559.2857142857143,90.0,685000.0
2023_8,2023,2024-05-18,2024-05-17,254,24.0,800,15.839285714285714,9.071428571428571,23.02857142857143,223.30952380952382,0.0,798.4285714285714,592.645238095238,0.0,1929.0,19.222619047619048,9.9,30.5,73.31011904761905,42.0,95.3142857142857,425.04166666666663,345.14285714285717,559.8571428571429,71.0,507100.0
2023_8,2023,2024-05-19,2024-05-18,255,24.0,800,16.06607142857143,9.228571428571428,23.528571428571432,242.54166666666669,0.0,812.7142857142857,639.7773809523809,0.0,2095.0285714285715,19.561904761904763,10.1,30.414285714285715,72.31428571428572,41.31428571428571,95.15714285714286,427.1488095238095,346.42857142857144,565.7142857142857,31.0,272500.0
2023_8,2023,2024-05-20,2024-05-19,256,24.0,800,16.722619047619048,9.77142857142857,24.557142857142857,243.4761904761905,0.0,813.0,643.739880952381,0.0,2103.1,19.991666666666667,10.342857142857142,31.599999999999998,71.77857142857142,40.74285714285714,95.10000000000001,428.75595238095235,344.2857142857143,570.5714285714286,30.0,234200.0
2023_8,2023,2024-05-21,2024-05-20,257,24.0,800,16.923809523809524,10.27142857142857,24.571428571428573,232.79761904761904,0.0,809.8571428571429,610.905357142857,0.0,2010.8714285714286,20.250595238095237,10.771428571428572,32.3,73.12619047619047,42.88571428571429,95.11428571428571,426.5476190476191,340.7142857142857,570.8571428571429,71.0,520700.0
2023_8,2023,2024-05-22,2024-05-21,258,24.0,800,17.41190476190476,10.971428571428572,24.985714285714288,230.61904761904765,0.0,814.1428571428571,601.1833333333333,0.0,1992.1714285714286,20.813690476190477,11.457142857142857,33.357142857142854,73.58690476190476,44.07142857142857,95.15714285714286,424.23214285714283,338.2857142857143,576.5714285714286,76.0,546400.0
